"Compound","CAS","DTXSID","logP","MW","pKa_Accept","pKa_Donor","Human.Clint","Human.Clint.pValue","Human.Funbound.plasma","Human.Rblood2plasma","MW_num","logP_num","Fup_num","Rblood2plasma_num","Clint_native","Clint_rf","needs_clint_impute","Clint_used","Clint_source","n_tc_assays","AC50_5pct_uM","AC50_med_uM","AC50_source","Exposure_median_mg_kg_day","Exposure_l95_mg_kg_day","Exposure_u95_mg_kg_day","Exposure_source","Exposure_pathway"
"2,2-bis(4-hydroxyphenyl)-1,1,1-trichloroethane (hpte)","2971-36-0","DTXSID8022325",4.622,317.6," ","9.63,10.2",136.5,3.57e-05,0.005,NA,317.6,4.622,0.005,NA,136.5,29.0821933164787,FALSE,136.5,"httk_measured",0,1,1,"default_1uM",NA,NA,NA,NA,NA
"2,4-d","94-75-7","DTXSID0020442",2.809,221," ","2.81",0,0.1488,0.04001,2.11,221,2.809,0.04001,2.11,0,10.0756373266771,TRUE,10.0756373266771,"RF_imputed_chem.physical_and_invitro.data",0,1,1,"default_1uM",NA,NA,NA,NA,NA
"2,4-db","94-82-6","DTXSID7024035",3.528,249.1," ","3.58",0,0.1038,0.006623,NA,249.1,3.528,0.006623,NA,0,146.079365432633,TRUE,146.079365432633,"RF_imputed_chem.physical_and_invitro.data",0,1,1,"default_1uM",NA,NA,NA,NA,NA
"2-phenylphenol","90-43-7","DTXSID2021151",3.091,170.2," ","9.69",0,0.1635,0.04105,NA,170.2,3.091,0.04105,NA,0,6.96296622268458,TRUE,6.96296622268458,"RF_imputed_chem.physical_and_invitro.data",0,1,1,"default_1uM",NA,NA,NA,NA,NA
"6-desisopropylatrazine","1007-28-9","DTXSID0037495",1.15,173.6,"3.41"," ",0,0.5387,0.4588,NA,173.6,1.15,0.4588,NA,0,2.12389723011348,TRUE,2.12389723011348,"RF_imputed_chem.physical_and_invitro.data",0,1,1,"default_1uM",NA,NA,NA,NA,NA
"Abamectin","71751-41-2","DTXSID8023892",4.48,819," ","12.5,13.2,13.8",5.24,0.000917,0.06687,NA,819,4.48,0.06687,NA,5.24,10.8140846056267,FALSE,5.24,"httk_measured",0,1,1,"default_1uM",NA,NA,NA,NA,NA
"Acephate","30560-19-1","DTXSID8023846",-0.8482,183.2," ","6.54",0,0.000143,0.8684,NA,183.2,-0.8482,0.8684,NA,0,7.04852446626445,TRUE,7.04852446626445,"RF_imputed_chem.physical_and_invitro.data",0,1,1,"default_1uM",NA,NA,NA,NA,NA
"Acetamiprid","135410-20-7","DTXSID0034300",1.834,222.7,"4.16"," ",0,0.9983,0.5732,NA,222.7,1.834,0.5732,NA,0,3.18400610153572,TRUE,3.18400610153572,"RF_imputed_chem.physical_and_invitro.data",0,1,1,"default_1uM",NA,NA,NA,NA,NA
"Acetochlor","34256-82-1","DTXSID8023848",3.032,269.8," "," ",84.71,0.01893,0.1598,NA,269.8,3.032,0.1598,NA,84.71,33.9108633792459,FALSE,84.71,"httk_measured",0,1,1,"default_1uM",NA,NA,NA,NA,NA
"Acifluorfen","50594-66-6","DTXSID0020022",3.701,361.7," ","1.36",0,1,0.0111,NA,361.7,3.701,0.0111,NA,0,25.21761411447,TRUE,25.21761411447,"RF_imputed_chem.physical_and_invitro.data",0,1,1,"default_1uM",NA,NA,NA,NA,NA
"Alachlor","15972-60-8","DTXSID1022265",3.518,269.8," "," ",62.9,0.0003882,0.1332,NA,269.8,3.518,0.1332,NA,62.9,25.4587899340915,FALSE,62.9,"httk_measured",0,1,1,"default_1uM",NA,NA,NA,NA,NA
"Aldicarb","116-06-3","DTXSID0039223",1.129,190.3,"1.63","14.3",0,0.3291,0.4809,NA,190.3,1.129,0.4809,NA,0,1.7042979761079,TRUE,1.7042979761079,"RF_imputed_chem.physical_and_invitro.data",37,0.0839766700006578,6.20869034230064,"example.toxcast",NA,NA,NA,NA,NA
"Ametryn","834-12-8","DTXSID1023869",2.979,227.3,"5.74","14.8",14.7,NA,0.003952,NA,227.3,2.979,0.003952,NA,14.7,27.6385480929504,FALSE,14.7,"httk_measured",0,1,1,"default_1uM",NA,NA,NA,NA,NA
"Amitraz","33089-61-1","DTXSID5023871",5.495,293.4,"8.83,8.22"," ",33.3,0,3.02e-08,NA,293.4,5.495,3.02e-08,NA,33.3,27.8057569037972,FALSE,33.3,"httk_measured",0,1,1,"default_1uM",NA,NA,NA,NA,NA
"Anilazine","101-05-3","DTXSID9020089",3.878,275.5," ","10.5",22.5,2.95e-07,0.005,NA,275.5,3.878,0.005,NA,22.5,50.8401299616582,FALSE,22.5,"httk_measured",53,1.09564196580531,35.4813389233575,"example.toxcast",NA,NA,NA,NA,NA
"Atrazine","1912-24-9","DTXSID9020112",2.611,215.7,"3.2","14.6",0,0.05366,0.1237,NA,215.7,2.611,0.1237,NA,0,6.40439613244945,TRUE,6.40439613244945,"RF_imputed_chem.physical_and_invitro.data",0,1,1,"default_1uM",NA,NA,NA,NA,NA
"Azinphos-methyl","86-50-0","DTXSID3020122",2.749,317.3," "," ",32.63,0.01134,0.2137,NA,317.3,2.749,0.2137,NA,32.63,16.7097822924811,FALSE,32.63,"httk_measured",0,1,1,"default_1uM",NA,NA,NA,NA,NA
"Azoxystrobin","131860-33-8","DTXSID0032520",2.503,403.4," "," ",32.39,5e-15,0.04763,NA,403.4,2.503,0.04763,NA,32.39,16.228022989509,FALSE,32.39,"httk_measured",0,1,1,"default_1uM",NA,NA,NA,NA,NA
"Bendiocarb","22781-23-3","DTXSID9032327",1.702,223.2," ","14.8",21.66,3.36e-11,0.1971,NA,223.2,1.702,0.1971,NA,21.66,16.6530533821331,FALSE,21.66,"httk_measured",0,1,1,"default_1uM",NA,NA,NA,NA,NA
"Bensulfuron-methyl","83055-99-6","DTXSID7024164",2.289,410.4," ","3.29",1.65,0,0.00905,NA,410.4,2.289,0.00905,NA,1.65,3.32517736198028,FALSE,1.65,"httk_measured",0,1,1,"default_1uM",NA,NA,NA,NA,NA
"Bensulide","741-58-2","DTXSID9032329",4.209,397.5," ","10.2",250.3,0.0008902,0.006078,NA,397.5,4.209,0.006078,NA,250.3,94.5481705681416,FALSE,250.3,"httk_measured",0,1,1,"default_1uM",NA,NA,NA,NA,NA
"Bentazone","25057-89-0","DTXSID0023901",2.337,240.3," ","2.03",0,0.01215,0.02147,NA,240.3,2.337,0.02147,NA,0,11.9302550800389,TRUE,11.9302550800389,"RF_imputed_chem.physical_and_invitro.data",0,1,1,"default_1uM",NA,NA,NA,NA,NA
"Bifenazate","149877-41-8","DTXSID5032525",3.165,300.4," ","13.7",41.15,6.54e-10,0.836,NA,300.4,3.165,0.836,NA,41.15,16.951671767652,FALSE,41.15,"httk_measured",0,1,1,"default_1uM",NA,NA,NA,NA,NA
"Bifenthrin","82657-04-3","DTXSID9020160",6.186,422.9," "," ",0,0.9994,0.005,NA,422.9,6.186,0.005,NA,0,13.7688826111083,TRUE,13.7688826111083,"RF_imputed_chem.physical_and_invitro.data",0,1,1,"default_1uM",NA,NA,NA,NA,NA
"Bisphenol-a","80-05-7","DTXSID7020182",3.32,228.3," ","9.78,10.4",19.9,0,0.0385,0.7702,228.3,3.32,0.0385,0.7702,19.9,25.5582466087208,FALSE,19.9,"httk_measured",814,0.146589977600508,21.8776162394955,"example.toxcast",NA,NA,NA,NA,NA
"Boscalid","188425-85-6","DTXSID6034392",2.961,343.2," ","14.3",17.28,3.48e-11,0.03201,NA,343.2,2.961,0.03201,NA,17.28,13.3630883962638,FALSE,17.28,"httk_measured",0,1,1,"default_1uM",NA,NA,NA,NA,NA
"Bromacil","314-40-9","DTXSID4022020",2.109,261.1," ","12.2",0,0.1992,0.0852,NA,261.1,2.109,0.0852,NA,0,9.54369915499517,TRUE,9.54369915499517,"RF_imputed_chem.physical_and_invitro.data",0,1,1,"default_1uM",NA,NA,NA,NA,NA
"Bromoxynil","1689-84-5","DTXSID3022162",2.625,276.9," ","5.11",7.866,8.29e-06,0.5001,NA,276.9,2.625,0.5001,NA,7.866,6.49033890430304,FALSE,7.866,"httk_measured",0,1,1,"default_1uM",NA,NA,NA,NA,NA
"Buprofezin","69327-76-0","DTXSID8034401",4.299,305.4," "," ",18.47,0.00505,0.0003605,NA,305.4,4.299,0.0003605,NA,18.47,19.9785298408045,FALSE,18.47,"httk_measured",0,1,1,"default_1uM",NA,NA,NA,NA,NA
"Butachlor","23184-66-9","DTXSID3034402",4.497,311.8," "," ",100.8,0.002182,0.005,NA,311.8,4.497,0.005,NA,100.8,35.5485345799007,FALSE,100.8,"httk_measured",0,1,1,"default_1uM",NA,NA,NA,NA,NA
"Butralin","33629-47-9","DTXSID3032337",4.929,295.3," ","10.4",31.35,1.93e-05,0.005,NA,295.3,4.929,0.005,NA,31.35,23.6049499338254,FALSE,31.35,"httk_measured",0,1,1,"default_1uM",NA,NA,NA,NA,NA
"Butylate","2008-41-5","DTXSID7023936",4.149,217.4," "," ",52.51,0.000398,0.005,NA,217.4,4.149,0.005,NA,52.51,31.8272777240499,FALSE,52.51,"httk_measured",0,1,1,"default_1uM",NA,NA,NA,NA,NA
"Carbaryl","63-25-2","DTXSID9020247",2.358,201.2," ","14.8",27.27,1.67e-08,0.6922,NA,201.2,2.358,0.6922,NA,27.27,13.4998532624757,FALSE,27.27,"httk_measured",0,1,1,"default_1uM",NA,NA,NA,NA,NA
"Carboxin","5234-68-4","DTXSID0023951",2.14,235.3," ","13.2",24.41,0.001153,0.175,NA,235.3,2.14,0.175,NA,24.41,14.7753556788572,FALSE,24.41,"httk_measured",0,1,1,"default_1uM",NA,NA,NA,NA,NA
"Chlorethoxyfos","54593-83-8","DTXSID2032344",4.588,336," "," ",617,0,0.00394,NA,336,4.588,0.00394,NA,617,154.214907262474,FALSE,617,"httk_measured",0,1,1,"default_1uM",NA,NA,NA,NA,NA
"Chloridazon","1698-60-8","DTXSID3034872",1.172,221.6,"5.59","13.4",0,0.1044,0.4273,NA,221.6,1.172,0.4273,NA,0,2.25546347114893,TRUE,2.25546347114893,"RF_imputed_chem.physical_and_invitro.data",0,1,1,"default_1uM",NA,NA,NA,NA,NA
"Chlorpropham","101-21-3","DTXSID7020764",3.507,213.7," ","12.9",78.1,0.00396,0.0833,NA,213.7,3.507,0.0833,NA,78.1,37.2653061491417,FALSE,78.1,"httk_measured",0,1,1,"default_1uM",NA,NA,NA,NA,NA
"Chlorpyrifos-methyl","5598-13-0","DTXSID6032352",4.31,322.5," "," ",24.1,0,0.005,NA,322.5,4.31,0.005,NA,24.1,33.0557776754538,FALSE,24.1,"httk_measured",0,1,1,"default_1uM",NA,NA,NA,NA,NA
"Cinmethylin","87818-31-3","DTXSID3034456",4.62,274.4," "," ",28.17,1.27e-05,0.005,NA,274.4,4.62,0.005,NA,28.17,24.7962822730903,FALSE,28.17,"httk_measured",0,1,1,"default_1uM",NA,NA,NA,NA,NA
"Clofentezine","74115-24-5","DTXSID9023881",3.1,303.2," "," ",0,0.9992,0.005,NA,303.2,3.1,0.005,NA,0,33.3254041771957,TRUE,33.3254041771957,"RF_imputed_chem.physical_and_invitro.data",0,1,1,"default_1uM",NA,NA,NA,NA,NA
"Clomazone","81777-89-1","DTXSID1032355",2.498,239.7," "," ",3.038,5.3e-06,0.1734,NA,239.7,2.498,0.1734,NA,3.038,4.71944244679354,FALSE,3.038,"httk_measured",0,1,1,"default_1uM",NA,NA,NA,NA,NA
"Cloprop","101-10-0","DTXSID9034232",2.542,200.6," ","3.27",0,0.544,0.02239,NA,200.6,2.542,0.02239,NA,0,20.6418431828917,TRUE,20.6418431828917,"RF_imputed_chem.physical_and_invitro.data",0,1,1,"default_1uM",NA,NA,NA,NA,NA
"Clothianidin","210880-92-5","DTXSID2034465",0.7017,249.7,"0.41"," ",10.73,0.01017,0.5059,NA,249.7,0.7017,0.5059,NA,10.73,8.40209143953298,FALSE,10.73,"httk_measured",0,1,1,"default_1uM",NA,NA,NA,NA,NA
"Coumaphos","56-72-4","DTXSID2020347",4.128,362.8," "," ",31.7,0,2.9e-07,NA,362.8,4.128,2.9e-07,NA,31.7,37.0322161780879,FALSE,31.7,"httk_measured",0,1,1,"default_1uM",NA,NA,NA,NA,NA
"Cyanazine","21725-46-2","DTXSID1023990",2.221,240.7," ","14.4",0,0.05328,0.3155,NA,240.7,2.221,0.3155,NA,0,4.04410530230076,TRUE,4.04410530230076,"RF_imputed_chem.physical_and_invitro.data",0,1,1,"default_1uM",NA,NA,NA,NA,NA
"Cyclanilide","113136-77-9","DTXSID5032600",2.683,274.1," ","3.39,12.5",0,0.522,0.984,NA,274.1,2.683,0.984,NA,0,2.0562999408498,TRUE,2.0562999408498,"RF_imputed_chem.physical_and_invitro.data",0,1,1,"default_1uM",NA,NA,NA,NA,NA
"Cycloate","1134-23-2","DTXSID6032356",3.924,215.4," "," ",34.48,4.36e-05,0.005,NA,215.4,3.924,0.005,NA,34.48,30.9384735141415,FALSE,34.48,"httk_measured",0,1,1,"default_1uM",NA,NA,NA,NA,NA
"Cyproconazole","94361-06-5","DTXSID0032601",2.902,291.8,"2","13.3",1.538,0.02287,0.1086,NA,291.8,2.902,0.1086,NA,1.538,4.8116448096897,FALSE,1.538,"httk_measured",0,1,1,"default_1uM",NA,NA,NA,NA,NA
"Cyprodinil","121552-61-2","DTXSID1032359",3.998,225.3,"3.1","13.6",37.77,0.0004786,0.002141,NA,225.3,3.998,0.002141,NA,37.77,35.9374655124626,FALSE,37.77,"httk_measured",0,1,1,"default_1uM",NA,NA,NA,NA,NA
"Cyromazine","66215-27-8","DTXSID6023999",0.8033,166.2,"8.36,1.65","14.9",0,0.4778,0.9352,NA,166.2,0.8033,0.9352,NA,0,4.04908058831898,TRUE,4.04908058831898,"RF_imputed_chem.physical_and_invitro.data",0,1,1,"default_1uM",NA,NA,NA,NA,NA
"D-cis,trans-allethrin","584-79-2","DTXSID8035180",4.78,302.4," "," ",0,0.2037,0.2902,NA,302.4,4.78,0.2902,NA,0,3.78236513913867,TRUE,3.78236513913867,"RF_imputed_chem.physical_and_invitro.data",0,1,1,"default_1uM",NA,NA,NA,NA,NA
"Dazomet","533-74-4","DTXSID7024902",0.6304,162.3,"4.06"," ",12.42,0.03019,0.8914,NA,162.3,0.6304,0.8914,NA,12.42,8.9005622766912,FALSE,12.42,"httk_measured",0,1,1,"default_1uM",NA,NA,NA,NA,NA
"Diazinon","333-41-5","DTXSID9020407",3.809,304.3,"4.18"," ",30.5,0,0.0388,NA,304.3,3.809,0.0388,NA,30.5,17.5206250743993,FALSE,30.5,"httk_measured",0,1,1,"default_1uM",NA,NA,NA,NA,NA
"Diazoxon","962-58-3","DTXSID5037523",2.072,288.3,"3.8"," ",34.62,0.005082,0.3269,NA,288.3,2.072,0.3269,NA,34.62,12.1164059293369,FALSE,34.62,"httk_measured",0,1,1,"default_1uM",NA,NA,NA,NA,NA
"Dicamba","1918-00-9","DTXSID4024018",2.212,221," ","2.54",0,0.1872,0.1802,NA,221,2.212,0.1802,NA,0,2.54833965336111,TRUE,2.54833965336111,"RF_imputed_chem.physical_and_invitro.data",0,1,1,"default_1uM",NA,NA,NA,NA,NA
"Dichlobenil","1194-65-6","DTXSID5032365",2.741,172," "," ",0,0.1662,0.06222,NA,172,2.741,0.06222,NA,0,11.9535314127054,TRUE,11.9535314127054,"RF_imputed_chem.physical_and_invitro.data",0,1,1,"default_1uM",NA,NA,NA,NA,NA
"Dichloran","99-30-9","DTXSID2020426",2.799,207," ","14.4",0,0.1506,0.005,NA,207,2.799,0.005,NA,0,15.6302784020607,TRUE,15.6302784020607,"RF_imputed_chem.physical_and_invitro.data",0,1,1,"default_1uM",NA,NA,NA,NA,NA
"Dichlorprop","120-36-5","DTXSID0020440",2.827,235.1," ","2.95",0,0.08224,0.008529,NA,235.1,2.827,0.008529,NA,0,6.20938265901504,TRUE,6.20938265901504,"RF_imputed_chem.physical_and_invitro.data",0,1,1,"default_1uM",NA,NA,NA,NA,NA
"Diclofop-methyl","51338-27-3","DTXSID0032605",4.709,341.2," "," ",0,0.4109,0.005,NA,341.2,4.709,0.005,NA,0,32.3620275983472,TRUE,32.3620275983472,"RF_imputed_chem.physical_and_invitro.data",0,1,1,"default_1uM",NA,NA,NA,NA,NA
"Diclosulam","145701-21-9","DTXSID4034528",2.52,406.2," ","8.76",3.442,5.66e-06,0.00648,NA,406.2,2.52,0.00648,NA,3.442,5.92281412542396,FALSE,3.442,"httk_measured",0,1,1,"default_1uM",NA,NA,NA,NA,NA
"Dicofol","115-32-2","DTXSID4020450",5.024,370.5," ","11",27.8,0.00052,1.57e-08,NA,370.5,5.024,1.57e-08,NA,27.8,20.9279227106238,FALSE,27.8,"httk_measured",0,1,1,"default_1uM",NA,NA,NA,NA,NA
"Dicrotophos","141-66-2","DTXSID9023914",0.0002994,237.2," "," ",0,0.09194,0.8457,NA,237.2,0.0002994,0.8457,NA,0,2.42583160852783,TRUE,2.42583160852783,"RF_imputed_chem.physical_and_invitro.data",0,1,1,"default_1uM",NA,NA,NA,NA,NA
"Diethylhexyl phthalate (dehp)","117-81-7","DTXSID5020607",7.525,390.6," "," ",0,0.1937,0.04558,NA,390.6,7.525,0.04558,NA,0,2.60467275737994,TRUE,2.60467275737994,"RF_imputed_chem.physical_and_invitro.data",0,1,1,"default_1uM",NA,NA,NA,NA,NA
"Diethyltoluamide","134-62-3","DTXSID2021995",2.184,191.3," "," ",3.797,5.47e-05,0.3559,NA,191.3,2.184,0.3559,NA,3.797,5.78928419213982,FALSE,3.797,"httk_measured",0,1,1,"default_1uM",NA,NA,NA,NA,NA
"Difenoconazole","119446-68-3","DTXSID4032372",4.297,406.3,"1.95"," ",30.6,0,0.0115,NA,406.3,4.297,0.0115,NA,30.6,30.1439998677063,FALSE,30.6,"httk_measured",0,1,1,"default_1uM",NA,NA,NA,NA,NA
"Difenzoquat metilsulfate","43222-48-6","DTXSID6024048",0.5632,360.4," "," ",0,0.6409,0.8513,NA,360.4,0.5632,0.8513,NA,0,4.17863392915203,TRUE,4.17863392915203,"RF_imputed_chem.physical_and_invitro.data",0,1,1,"default_1uM",NA,NA,NA,NA,NA
"Dimethenamid","87674-68-8","DTXSID4032376",2.15,275.8," "," ",19.92,9.76e-12,0.2318,NA,275.8,2.15,0.2318,NA,19.92,13.7901123770897,FALSE,19.92,"httk_measured",0,1,1,"default_1uM",NA,NA,NA,NA,NA
"Dimethoate","60-51-5","DTXSID7020479",0.7805,229.2," "," ",3.682,0.002428,0.9649,NA,229.2,0.7805,0.9649,NA,3.682,3.43892574585302,FALSE,3.682,"httk_measured",0,1,1,"default_1uM",NA,NA,NA,NA,NA
"Dimethomorph","110488-70-5","DTXSID7034545",2.68,387.9," "," ",20.3,3e-08,0.09428,NA,387.9,2.68,0.09428,NA,20.3,11.0679973048611,FALSE,20.3,"httk_measured",0,1,1,"default_1uM",NA,NA,NA,NA,NA
"Dimethyl phthalate","131-11-3","DTXSID3022455",1.584,194.2," "," ",0,0.2039,0.656,NA,194.2,1.584,0.656,NA,0,10.677148859427,TRUE,10.677148859427,"RF_imputed_chem.physical_and_invitro.data",0,1,1,"default_1uM",NA,NA,NA,NA,NA
"Diniconazole","83657-24-3","DTXSID2040363",4.297,326.2,"1.58","13.7",0,0.09297,0.01947,NA,326.2,4.297,0.01947,NA,0,7.8708143871224,TRUE,7.8708143871224,"RF_imputed_chem.physical_and_invitro.data",0,1,1,"default_1uM",NA,NA,NA,NA,NA
"Diphenylamine","122-39-4","DTXSID4021975",3.499,169.2,"0.78"," ",64.57,0.02646,0.003875,NA,169.2,3.499,0.003875,NA,64.57,57.7833959451659,FALSE,64.57,"httk_measured",0,1,1,"default_1uM",NA,NA,NA,NA,NA
"Dithiopyr","97886-45-8","DTXSID9032379",4.749,401.4," "," ",13.25,4.24e-05,0.005,NA,401.4,4.749,0.005,NA,13.25,23.528290412761,FALSE,13.25,"httk_measured",0,1,1,"default_1uM",NA,NA,NA,NA,NA
"Diuron","330-54-1","DTXSID0020446",2.678,233.1," ","13.2",12.15,0.00231,0.1615,NA,233.1,2.678,0.1615,NA,12.15,8.7460945259988,FALSE,12.15,"httk_measured",0,1,1,"default_1uM",NA,NA,NA,NA,NA
"Emamectin benzoate","155569-91-8","DTXSID0034566",5,1008,"9.34","12.6,13.7",0,0.1978,0.001379,NA,1008,5,0.001379,NA,0,17.1216032427634,TRUE,17.1216032427634,"RF_imputed_chem.physical_and_invitro.data",0,1,1,"default_1uM",NA,NA,NA,NA,NA
"Endosulfan","115-29-7","DTXSID1020560",3.828,406.9," "," ",0,0.1142,0.11,0.8364,406.9,3.828,0.11,0.8364,0,8.65780110969508,TRUE,8.65780110969508,"RF_imputed_chem.physical_and_invitro.data",0,1,1,"default_1uM",NA,NA,NA,NA,NA
"Eptc","759-94-4","DTXSID1024091",3.21,189.3," "," ",80.36,1.46e-06,0.005,NA,189.3,3.21,0.005,NA,80.36,35.6603715529329,FALSE,80.36,"httk_measured",0,1,1,"default_1uM",NA,NA,NA,NA,NA
"Esfenvalerate","66230-04-4","DTXSID4032667",6.2,419.9," ","10.6",0,0.9779,3.58e-08,NA,419.9,6.2,3.58e-08,NA,0,10.8152821494586,TRUE,10.8152821494586,"RF_imputed_chem.physical_and_invitro.data",0,1,1,"default_1uM",NA,NA,NA,NA,NA
"Ethalfluralin","55283-68-6","DTXSID8032386",5.11,333.3," "," ",0,0.5052,0.005,NA,333.3,5.11,0.005,NA,0,26.1285588348751,TRUE,26.1285588348751,"RF_imputed_chem.physical_and_invitro.data",0,1,1,"default_1uM",NA,NA,NA,NA,NA
"Ethametsulfuron methyl","97780-06-8","DTXSID9034573",1.59,410.4," ","3.46,14.8",0,0.2579,0.01566,NA,410.4,1.59,0.01566,NA,0,2.85283625819446,TRUE,2.85283625819446,"RF_imputed_chem.physical_and_invitro.data",0,1,1,"default_1uM",NA,NA,NA,NA,NA
"Ethofumesate","26225-79-6","DTXSID8034580",2.703,286.3," "," ",17.64,6.13e-05,0.1313,NA,286.3,2.703,0.1313,NA,17.64,16.5317507988063,FALSE,17.64,"httk_measured",0,1,1,"default_1uM",NA,NA,NA,NA,NA
"Ethoprop","13194-48-4","DTXSID4032611",3.588,242.3," "," ",20.95,1.87e-07,0.09346,NA,242.3,3.588,0.09346,NA,20.95,22.252615393375,FALSE,20.95,"httk_measured",0,1,1,"default_1uM",NA,NA,NA,NA,NA
"Etoxazole","153233-91-1","DTXSID8034586",3.762,359.4,"0.74"," ",18.48,0.01634,0.005,NA,359.4,3.762,0.005,NA,18.48,40.3608887676735,FALSE,18.48,"httk_measured",0,1,1,"default_1uM",NA,NA,NA,NA,NA
"Etridiazole","2593-15-9","DTXSID3032547",3.368,247.5," "," ",127,0.002858,0.005,NA,247.5,3.368,0.005,NA,127,39.9028678694209,FALSE,127,"httk_measured",0,1,1,"default_1uM",NA,NA,NA,NA,NA
"Fenamidone","161326-34-7","DTXSID2034590",2.747,311.4,"0.98"," ",17.74,9.21e-11,0.02436,NA,311.4,2.747,0.02436,NA,17.74,16.7500993515434,FALSE,17.74,"httk_measured",0,1,1,"default_1uM",NA,NA,NA,NA,NA
"Fenamiphos","22224-92-6","DTXSID3024102",3.23,303.4," ","10.5",62.11,0.007627,0.04138,NA,303.4,3.23,0.04138,NA,62.11,30.5039582637843,FALSE,62.11,"httk_measured",0,1,1,"default_1uM",NA,NA,NA,NA,NA
"Fenarimol","60168-88-9","DTXSID2032390",3.59,331.2,"1.04","12.1",3.788,0.007804,0.03671,NA,331.2,3.59,0.03671,NA,3.788,9.12919593104727,FALSE,3.788,"httk_measured",0,1,1,"default_1uM",NA,NA,NA,NA,NA
"Fenbuconazole","114369-43-6","DTXSID8032548",3.229,336.8,"2.27"," ",21.7,0,0.0188,NA,336.8,3.229,0.0188,NA,21.7,13.0109148865955,FALSE,21.7,"httk_measured",0,1,1,"default_1uM",NA,NA,NA,NA,NA
"Fenhexamid","126833-17-8","DTXSID3032549",3.513,302.2," ","7.4,13.3",35.27,9.38e-12,0.05719,NA,302.2,3.513,0.05719,NA,35.27,24.9119950843099,FALSE,35.27,"httk_measured",0,1,1,"default_1uM",NA,NA,NA,NA,NA
"Fenitrothion","122-14-5","DTXSID4032613",3.301,277.2," "," ",10.02,1.36e-05,0.005,NA,277.2,3.301,0.005,NA,10.02,37.3256264619065,FALSE,10.02,"httk_measured",0,1,1,"default_1uM",NA,NA,NA,NA,NA
"Fenoxaprop-ethyl","66441-23-4","DTXSID2032392",4.579,361.8," "," ",0,0.2419,0.005,NA,361.8,4.579,0.005,NA,0,139.606182732194,TRUE,139.606182732194,"RF_imputed_chem.physical_and_invitro.data",0,1,1,"default_1uM",NA,NA,NA,NA,NA
"Fenoxycarb","72490-01-8","DTXSID7032393",4.297,301.3," ","13.9",23.1,0.006933,0.00327,NA,301.3,4.297,0.00327,NA,23.1,20.9942805600285,FALSE,23.1,"httk_measured",0,1,1,"default_1uM",NA,NA,NA,NA,NA
"Fenthion","55-38-9","DTXSID8020620",4.09,278.3," "," ",87.2,3.71e-07,0.02203,NA,278.3,4.09,0.02203,NA,87.2,49.030753768382,FALSE,87.2,"httk_measured",0,1,1,"default_1uM",NA,NA,NA,NA,NA
"Fipronil","120068-37-3","DTXSID4034609",3.998,437.1,"0.18"," ",0,0.2779,0.0461,NA,437.1,3.998,0.0461,NA,0,3.62087088451451,TRUE,3.62087088451451,"RF_imputed_chem.physical_and_invitro.data",0,1,1,"default_1uM",NA,NA,NA,NA,NA
"Fluazifop-p-butyl","79241-46-6","DTXSID0034855",4.5,383.4,"0.8"," ",234.4,0.00746,0.005,NA,383.4,4.5,0.005,NA,234.4,53.4006268225187,FALSE,234.4,"httk_measured",0,1,1,"default_1uM",NA,NA,NA,NA,NA
"Fluazinam","79622-59-6","DTXSID7032551",4.01,465.1," ","6.89",24.76,4.15e-07,0.004357,NA,465.1,4.01,0.004357,NA,24.76,25.1681446938638,FALSE,24.76,"httk_measured",526,0.41862821387355,3.99944749761097,"example.toxcast",NA,NA,NA,NA,NA
"Fludioxonil","131341-86-1","DTXSID2032398",4.116,248.2," ","14.7",37.05,7.44e-15,0.003583,NA,248.2,4.116,0.003583,NA,37.05,37.7120613035294,FALSE,37.05,"httk_measured",0,1,1,"default_1uM",NA,NA,NA,NA,NA
"Flufenacet","142459-58-3","DTXSID2032552",3.2,363.3," ","12.6",29,9.4e-11,0.1375,NA,363.3,3.2,0.1375,NA,29,17.9642628017783,FALSE,29,"httk_measured",162,2.2664056276609,27.8630581730131,"example.toxcast",NA,NA,NA,NA,NA
"Flumetralin","62924-70-3","DTXSID7032553",5.447,421.7," "," ",0,0.4377,0.005,NA,421.7,5.447,0.005,NA,0,15.8479170244981,TRUE,15.8479170244981,"RF_imputed_chem.physical_and_invitro.data",0,1,1,"default_1uM",NA,NA,NA,NA,NA
"Flumetsulam","98967-40-9","DTXSID4032615",1.61,325.3," ","8.8",7.521,2.17e-07,0.01727,NA,325.3,1.61,0.01727,NA,7.521,9.1558688667887,FALSE,7.521,"httk_measured",0,1,1,"default_1uM",NA,NA,NA,NA,NA
"Flumioxazin","103361-09-7","DTXSID7032555",2.549,354.3,"1.03"," ",8.336,3.49e-12,0.02807,NA,354.3,2.549,0.02807,NA,8.336,10.7728783728978,FALSE,8.336,"httk_measured",0,1,1,"default_1uM",NA,NA,NA,NA,NA
"Fluometuron","2164-17-2","DTXSID8020628",2.421,232.2," ","13.2",10.06,0.000777,0.2589,NA,232.2,2.421,0.2589,NA,10.06,7.84753765188392,FALSE,10.06,"httk_measured",0,1,1,"default_1uM",NA,NA,NA,NA,NA
"Fluoxastrobin","361377-29-9","DTXSID2034625",4.011,458.8," "," ",16.35,7.98e-10,0.0362,NA,458.8,4.011,0.0362,NA,16.35,11.8318321052085,FALSE,16.35,"httk_measured",0,1,1,"default_1uM",NA,NA,NA,NA,NA
"Fluroxypyr","69377-81-7","DTXSID2034627",1.677,255," ","2.41",1.791,0.003573,0.09194,NA,255,1.677,0.09194,NA,1.791,3.4916396230873,FALSE,1.791,"httk_measured",0,1,1,"default_1uM",NA,NA,NA,NA,NA
"Fluroxypyr-meptyl","81406-37-3","DTXSID5034303",4.529,367.2," "," ",0,0.1225,0.005,NA,367.2,4.529,0.005,NA,0,42.1080254949515,TRUE,42.1080254949515,"RF_imputed_chem.physical_and_invitro.data",0,1,1,"default_1uM",NA,NA,NA,NA,NA
"Flusilazole","85509-19-9","DTXSID3024235",3.701,315.4,"2.32"," ",6.959,4.95e-08,0.02893,NA,315.4,3.701,0.02893,NA,6.959,9.26302078923637,FALSE,6.959,"httk_measured",0,1,1,"default_1uM",NA,NA,NA,NA,NA
"Flutolanil","66332-96-5","DTXSID8024109",3.702,323.3," ","15",14.17,1.79e-06,0.01882,NA,323.3,3.702,0.01882,NA,14.17,15.5253371089142,FALSE,14.17,"httk_measured",0,1,1,"default_1uM",NA,NA,NA,NA,NA
"Foramsulfuron","173159-57-4","DTXSID7034753",0.7454,452.4," ","3.47,14.1",0,0.04835,0.0649,NA,452.4,0.7454,0.0649,NA,0,3.43130454814746,TRUE,3.43130454814746,"RF_imputed_chem.physical_and_invitro.data",0,1,1,"default_1uM",NA,NA,NA,NA,NA
"Forchlorfenuron","68157-60-8","DTXSID1034634",3.199,247.7,"1.58","11.2",26.87,0.0006096,0.02755,NA,247.7,3.199,0.02755,NA,26.87,25.5580286923807,FALSE,26.87,"httk_measured",0,1,1,"default_1uM",NA,NA,NA,NA,NA
"Formetanate hydrochloride","23422-53-9","DTXSID4032405",-0.4626,257.7,"8.89","14.8",13.72,5.73e-10,0.8853,NA,257.7,-0.4626,0.8853,NA,13.72,5.59172357641378,FALSE,13.72,"httk_measured",0,1,1,"default_1uM",NA,NA,NA,NA,NA
"Fosthiazate","98886-44-3","DTXSID0034930",1.681,283.3," "," ",0,0.002057,0.4599,NA,283.3,1.681,0.4599,NA,0,3.40226956888314,TRUE,3.40226956888314,"RF_imputed_chem.physical_and_invitro.data",0,1,1,"default_1uM",NA,NA,NA,NA,NA
"Halosulfuron-methyl","100784-20-1","DTXSID9034650",-0.01661,434.8," ","4.53",0,0.004677,0.009462,NA,434.8,-0.01661,0.009462,NA,0,5.95390343617492,TRUE,5.95390343617492,"RF_imputed_chem.physical_and_invitro.data",0,1,1,"default_1uM",NA,NA,NA,NA,NA
"Hexaconazole","79983-71-4","DTXSID4034653",3.899,314.2,"2","13.3",16.22,4.17e-14,0.041,NA,314.2,3.899,0.041,NA,16.22,19.1708021546582,FALSE,16.22,"httk_measured",0,1,1,"default_1uM",NA,NA,NA,NA,NA
"Hexazinone","51235-04-2","DTXSID4024145",1.849,252.3," "," ",6.361,4.34e-08,0.613,NA,252.3,1.849,0.613,NA,6.361,4.24922198341546,FALSE,6.361,"httk_measured",0,1,1,"default_1uM",NA,NA,NA,NA,NA
"Hexythiazox","78587-05-0","DTXSID7024299",2.905,352.9," ","14.4",110.4,0.02962,0.005,NA,352.9,2.905,0.005,NA,110.4,14.7116790911689,FALSE,110.4,"httk_measured",0,1,1,"default_1uM",NA,NA,NA,NA,NA
"Icaridin","119515-38-7","DTXSID0034227",2.534,229.3," "," ",12.56,4.71e-07,0.2842,NA,229.3,2.534,0.2842,NA,12.56,8.675906131133,FALSE,12.56,"httk_measured",0,1,1,"default_1uM",NA,NA,NA,NA,NA
"Imazalil","35554-44-0","DTXSID8024151",3.818,297.2,"6.48"," ",0,0.49,0.02956,NA,297.2,3.818,0.02956,NA,0,4.5559887212547,TRUE,4.5559887212547,"RF_imputed_chem.physical_and_invitro.data",0,1,1,"default_1uM",NA,NA,NA,NA,NA
"Imazamox","114311-32-9","DTXSID3034664",0.7307,305.3,"1.51","3.64,10.7",0,0.00701,0.4548,NA,305.3,0.7307,0.4548,NA,0,4.70135779844765,TRUE,4.70135779844765,"RF_imputed_chem.physical_and_invitro.data",0,1,1,"default_1uM",NA,NA,NA,NA,NA
"Imazapic","104098-48-8","DTXSID5034270",2.464,275.3,"1.76","3.67",0,0.3311,0.5468,NA,275.3,2.464,0.5468,NA,0,7.93472003274573,TRUE,7.93472003274573,"RF_imputed_chem.physical_and_invitro.data",0,1,1,"default_1uM",NA,NA,NA,NA,NA
"Imazapyr","81334-34-1","DTXSID8034665",0.2237,261.3,"1.65","3.66,10.7",0,0.7478,0.9231,NA,261.3,0.2237,0.9231,NA,0,1.02824774312868,TRUE,1.02824774312868,"RF_imputed_chem.physical_and_invitro.data",0,1,1,"default_1uM",NA,NA,NA,NA,NA
"Imazaquin","81335-37-7","DTXSID3024152",1.861,311.3,"1.77","3.67,10.7",2.457,0.003376,0.1513,NA,311.3,1.861,0.1513,NA,2.457,4.35099341191283,FALSE,2.457,"httk_measured",0,1,1,"default_1uM",NA,NA,NA,NA,NA
"Imazethapyr","81335-77-5","DTXSID3024287",1.446,289.3,"1.95","3.67,10.7",2.351,0.04274,0.2895,NA,289.3,1.446,0.2895,NA,2.351,2.81633281200341,FALSE,2.351,"httk_measured",0,1,1,"default_1uM",NA,NA,NA,NA,NA
"Imidacloprid","138261-41-3","DTXSID5032442",0.5735,255.7," "," ",2.807,0.04207,0.6559,NA,255.7,0.5735,0.6559,NA,2.807,4.83390309824914,FALSE,2.807,"httk_measured",0,1,1,"default_1uM",NA,NA,NA,NA,NA
"Indoxacarb","173584-44-6","DTXSID1032690",4.647,527.8," "," ",31.36,1.28e-06,0.005,NA,527.8,4.647,0.005,NA,31.36,21.3372617847857,FALSE,31.36,"httk_measured",0,1,1,"default_1uM",NA,NA,NA,NA,NA
"Iodosulfuron-methyl-sodium","144550-36-7","DTXSID2034673",1.881,529.2," ","2.45",5.691,2.54e-06,0.006681,NA,529.2,1.881,0.006681,NA,5.691,9.87152570633874,FALSE,5.691,"httk_measured",0,1,1,"default_1uM",NA,NA,NA,NA,NA
"Iprodione","36734-19-7","DTXSID3024154",2.998,330.2," ","10.7,13.9",11.7,0.03092,0.005,NA,330.2,2.998,0.005,NA,11.7,24.0477315781724,FALSE,11.7,"httk_measured",0,1,1,"default_1uM",NA,NA,NA,NA,NA
"Isazofos","42509-80-8","DTXSID7034676",3.819,313.7," "," ",19.53,2.47e-13,0.06539,NA,313.7,3.819,0.06539,NA,19.53,15.3395951593843,FALSE,19.53,"httk_measured",0,1,1,"default_1uM",NA,NA,NA,NA,NA
"Isoxaben","82558-50-7","DTXSID8024159",3.94,332.4,"0.24","13.6",17.7,0,0.0718,NA,332.4,3.94,0.0718,NA,17.7,16.0531176885272,FALSE,17.7,"httk_measured",0,1,1,"default_1uM",NA,NA,NA,NA,NA
"Isoxaflutole","141112-29-0","DTXSID5034723",2.322,359.3," "," ",20.42,0.002424,0.01655,NA,359.3,2.322,0.01655,NA,20.42,13.0565639063343,FALSE,20.42,"httk_measured",0,1,1,"default_1uM",NA,NA,NA,NA,NA
"Lactofen","77501-63-4","DTXSID7024160",4.808,461.8," "," ",0,0.4648,0.005,NA,461.8,4.808,0.005,NA,0,14.7967293723979,TRUE,14.7967293723979,"RF_imputed_chem.physical_and_invitro.data",0,1,1,"default_1uM",NA,NA,NA,NA,NA
"Lindane","58-89-9","DTXSID2020686",3.719,290.8," "," ",0,0.989,0.0165,0.7079,290.8,3.719,0.0165,0.7079,0,24.9273644956325,TRUE,24.9273644956325,"RF_imputed_chem.physical_and_invitro.data",0,1,1,"default_1uM",NA,NA,NA,NA,NA
"Linuron","330-55-2","DTXSID2024163",3.198,249.1," ","11.9",33.05,5.27e-05,0.1051,NA,249.1,3.198,0.1051,NA,33.05,20.0838001871501,FALSE,33.05,"httk_measured",0,1,1,"default_1uM",NA,NA,NA,NA,NA
"Malathion","121-75-5","DTXSID4020791",2.359,330.4," "," ",368,0,0.145,NA,330.4,2.359,0.145,NA,368,34.9847755765485,FALSE,368,"httk_measured",0,1,1,"default_1uM",NA,NA,NA,NA,NA
"Mcpa","94-74-6","DTXSID4024195",3.243,200.6," ","3.36",0,0.04265,0.01797,1.3,200.6,3.243,0.01797,1.3,0,38.189823060168,TRUE,38.189823060168,"RF_imputed_chem.physical_and_invitro.data",0,1,1,"default_1uM",NA,NA,NA,NA,NA
"Mesosulfuron-methyl","208465-21-8","DTXSID6034712",1.014,503.5," ","3.46,10.7",5.452,0.001499,0.005,NA,503.5,1.014,0.005,NA,5.452,8.25686119556941,FALSE,5.452,"httk_measured",0,1,1,"default_1uM",NA,NA,NA,NA,NA
"Mesotrione","104206-82-8","DTXSID7032424",0.783,339.3," ","7.06",0,0.7945,0.3548,NA,339.3,0.783,0.3548,NA,0,1.28956053353834,TRUE,1.28956053353834,"RF_imputed_chem.physical_and_invitro.data",0,1,1,"default_1uM",NA,NA,NA,NA,NA
"Metalaxyl","57837-19-1","DTXSID6024175",1.65,279.3," "," ",0,0.1318,0.7306,NA,279.3,1.65,0.7306,NA,0,2.85492534706703,TRUE,2.85492534706703,"RF_imputed_chem.physical_and_invitro.data",0,1,1,"default_1uM",NA,NA,NA,NA,NA
"Methidathion","950-37-8","DTXSID5020819",2.199,302.3," "," ",3.924,0.0099,0.2685,NA,302.3,2.199,0.2685,NA,3.924,3.79972617546291,FALSE,3.924,"httk_measured",0,1,1,"default_1uM",NA,NA,NA,NA,NA
"Methoxychlor","72-43-5","DTXSID9020827",5.08,345.6," "," ",12.5,0,0.0171,NA,345.6,5.08,0.0171,NA,12.5,17.0651959782206,FALSE,12.5,"httk_measured",0,1,1,"default_1uM",NA,NA,NA,NA,NA
"Methoxyfenozide","161050-58-4","DTXSID3032628",3.699,368.5," ","9.9",16.2,8.08e-09,0.06119,NA,368.5,3.699,0.06119,NA,16.2,16.4189481267692,FALSE,16.2,"httk_measured",0,1,1,"default_1uM",NA,NA,NA,NA,NA
"Methyl parathion","298-00-0","DTXSID1020855",2.862,263.2," "," ",14.19,1.998e-05,0.02832,NA,263.2,2.862,0.02832,NA,14.19,16.3148202418169,FALSE,14.19,"httk_measured",0,1,1,"default_1uM",NA,NA,NA,NA,NA
"Metolachlor","51218-45-2","DTXSID4022448",3.131,283.8," "," ",35.37,1.27e-08,0.1773,NA,283.8,3.131,0.1773,NA,35.37,19.8816205929885,FALSE,35.37,"httk_measured",0,1,1,"default_1uM",NA,NA,NA,NA,NA
"Metribuzin","21087-64-9","DTXSID6024204",1.7,214.3,"2.46"," ",1.067,0.03703,0.4787,NA,214.3,1.7,0.4787,NA,1.067,2.14914782658998,FALSE,1.067,"httk_measured",0,1,1,"default_1uM",NA,NA,NA,NA,NA
"Metsulfuron-methyl","74223-64-6","DTXSID6023864",2.199,381.4," ","3.46",2.319,0.01843,0.08599,NA,381.4,2.199,0.08599,NA,2.319,4.09880563762428,FALSE,2.319,"httk_measured",0,1,1,"default_1uM",NA,NA,NA,NA,NA
"Mevinphos","7786-34-7","DTXSID2032683",0.1298,224.1," "," ",4.7,0,0.674,NA,224.1,0.1298,0.674,NA,4.7,4.03625611632562,FALSE,4.7,"httk_measured",0,1,1,"default_1uM",NA,NA,NA,NA,NA
"Mgk","113-48-4","DTXSID6032562",3.7,275.4," "," ",0,0.1442,0.005,NA,275.4,3.7,0.005,NA,0,55.4648208127226,TRUE,55.4648208127226,"RF_imputed_chem.physical_and_invitro.data",0,1,1,"default_1uM",NA,NA,NA,NA,NA
"Molinate","2212-67-1","DTXSID6024206",3.209,187.3," "," ",0,0.05609,0.09714,NA,187.3,3.209,0.09714,NA,0,13.6894241350062,TRUE,13.6894241350062,"RF_imputed_chem.physical_and_invitro.data",0,1,1,"default_1uM",NA,NA,NA,NA,NA
"Monobutyl phthalate","131-70-4","DTXSID4040002",2.372,222.2," ","3.08",0,0.1657,0.2077,NA,222.2,2.372,0.2077,NA,0,3.09895611492875,TRUE,3.09895611492875,"RF_imputed_chem.physical_and_invitro.data",0,1,1,"default_1uM",NA,NA,NA,NA,NA
"Myclobutanil","88671-89-0","DTXSID8024315",2.94,288.8,"2.27"," ",16.4,9.69e-07,0.08429,NA,288.8,2.94,0.08429,NA,16.4,14.3126220830022,FALSE,16.4,"httk_measured",0,1,1,"default_1uM",NA,NA,NA,NA,NA
"Napropamide","15299-99-7","DTXSID5024211",3.358,271.4," "," ",15.15,0.003516,0.005,NA,271.4,3.358,0.005,NA,15.15,34.4685046008421,FALSE,15.15,"httk_measured",0,1,1,"default_1uM",NA,NA,NA,NA,NA
"Niclosamide","50-65-7","DTXSID7040362",3.748,327.1," ","6.89,14.6",12,1.1e-06,0.005,NA,327.1,3.748,0.005,NA,12,45.7403643595975,FALSE,12,"httk_measured",0,1,1,"default_1uM",NA,NA,NA,NA,NA
"Norflurazon","27314-13-2","DTXSID8024234",2.378,303.7,"3.55","13.3",11.09,2.24e-05,0.1841,NA,303.7,2.378,0.1841,NA,11.09,8.29148216397664,FALSE,11.09,"httk_measured",0,1,1,"default_1uM",NA,NA,NA,NA,NA
"Oryzalin","19044-88-3","DTXSID8024238",3.725,346.4," ","9.55",20.2,2.85e-11,0.004802,NA,346.4,3.725,0.004802,NA,20.2,30.7036113837668,FALSE,20.2,"httk_measured",0,1,1,"default_1uM",NA,NA,NA,NA,NA
"Oxadiazon","19666-30-9","DTXSID3024239",4.798,345.2," "," ",0,0.9849,0.00364,NA,345.2,4.798,0.00364,NA,0,33.9249914810756,TRUE,33.9249914810756,"RF_imputed_chem.physical_and_invitro.data",0,1,1,"default_1uM",NA,NA,NA,NA,NA
"Oxamyl","23135-22-0","DTXSID6021086",-0.4706,219.3," ","13.9",0,0.3308,0.7926,NA,219.3,-0.4706,0.7926,NA,0,3.63198211971759,TRUE,3.63198211971759,"RF_imputed_chem.physical_and_invitro.data",0,1,1,"default_1uM",NA,NA,NA,NA,NA
"Oxasulfuron","144651-06-9","DTXSID4034364",1.101,406.4,"2.33","3.5",3.107,0.005309,0.06084,NA,406.4,1.101,0.06084,NA,3.107,3.79831233802408,FALSE,3.107,"httk_measured",0,1,1,"default_1uM",NA,NA,NA,NA,NA
"Oxyfluorfen","42874-03-3","DTXSID7024241",4.73,361.7," "," ",0,0.6246,0.1218,NA,361.7,4.73,0.1218,NA,0,5.94022633664219,TRUE,5.94022633664219,"RF_imputed_chem.physical_and_invitro.data",0,1,1,"default_1uM",NA,NA,NA,NA,NA
"Oxytetracycline dihydrate","6153-64-6","DTXSID4023412",-3.97,496.5,"4.89","7.55,8.59,11.6,13.5,14.4",0,0.5952,0.3982,NA,496.5,-3.97,0.3982,NA,0,5.48071632506401,TRUE,5.48071632506401,"RF_imputed_chem.physical_and_invitro.data",0,1,1,"default_1uM",NA,NA,NA,NA,NA
"Paclobutrazol","76738-62-0","DTXSID2024242",3.202,293.8,"1.97","14",7.14,0.04108,0.1538,NA,293.8,3.202,0.1538,NA,7.14,12.1385501529713,FALSE,7.14,"httk_measured",0,1,1,"default_1uM",NA,NA,NA,NA,NA
"Parathion","56-38-2","DTXSID7021100",3.83,291.3," "," ",6.65,0.007547,0.04,0.7535,291.3,3.83,0.04,0.7535,6.65,9.56524107638718,FALSE,6.65,"httk_measured",0,1,1,"default_1uM",NA,NA,NA,NA,NA
"Pendimethalin","40487-42-1","DTXSID7024245",5.198,281.3,"0.13","10.5",7.214,0.01415,0.005,NA,281.3,5.198,0.005,NA,7.214,21.1112874905801,FALSE,7.214,"httk_measured",0,1,1,"default_1uM",NA,NA,NA,NA,NA
"Penoxsulam","219714-96-2","DTXSID0034803",2.482,483.4," ","6.55",0,0.1824,0.01009,NA,483.4,2.482,0.01009,NA,0,8.40789806317104,TRUE,8.40789806317104,"RF_imputed_chem.physical_and_invitro.data",0,1,1,"default_1uM",NA,NA,NA,NA,NA
"Permethrin","52645-53-1","DTXSID8022292",6.499,391.3," "," ",68.4,0.00878,1.89e-08,NA,391.3,6.499,1.89e-08,NA,68.4,19.3507487932065,FALSE,68.4,"httk_measured",0,1,1,"default_1uM",NA,NA,NA,NA,NA
"Phenoxyethanol","122-99-6","DTXSID9021976",1.161,138.2," "," ",0,0.2193,0.2957,NA,138.2,1.161,0.2957,NA,0,16.9524543111243,TRUE,16.9524543111243,"RF_imputed_chem.physical_and_invitro.data",0,1,1,"default_1uM",NA,NA,NA,NA,NA
"Phosalone","2310-17-0","DTXSID1024259",4.38,367.8," "," ",25.1,0,0.00608,NA,367.8,4.38,0.00608,NA,25.1,40.1983806481772,FALSE,25.1,"httk_measured",0,1,1,"default_1uM",NA,NA,NA,NA,NA
"Picloram","1918-02-1","DTXSID1021160",1.899,241.4," ","3.9",0,0.9973,0.23,NA,241.4,1.899,0.23,NA,0,7.95640366764226,TRUE,7.95640366764226,"RF_imputed_chem.physical_and_invitro.data",0,1,1,"default_1uM",NA,NA,NA,NA,NA
"Piperonyl butoxide","51-03-6","DTXSID1021166",4.745,338.4," "," ",76.01,1.46e-07,0.005,NA,338.4,4.745,0.005,NA,76.01,39.7713803804808,FALSE,76.01,"httk_measured",0,1,1,"default_1uM",NA,NA,NA,NA,NA
"Pirimicarb","23103-98-2","DTXSID1032569",1.698,238.3,"4.99"," ",22.53,9.14e-13,0.1633,NA,238.3,1.698,0.1633,NA,22.53,12.5541626988213,FALSE,22.53,"httk_measured",0,1,1,"default_1uM",NA,NA,NA,NA,NA
"Pirimiphos-methyl","29232-93-7","DTXSID0024266",4.197,305.3,"5.09"," ",49.7,0,0.0134,NA,305.3,4.197,0.0134,NA,49.7,39.2217282483812,FALSE,49.7,"httk_measured",0,1,1,"default_1uM",NA,NA,NA,NA,NA
"Prochloraz","67747-09-5","DTXSID4024270",4.098,376.7,"2.55"," ",16.4,2.53e-09,0.02237,NA,376.7,4.098,0.02237,NA,16.4,16.2400602032954,FALSE,16.4,"httk_measured",0,1,1,"default_1uM",NA,NA,NA,NA,NA
"Prodiamine","29091-21-2","DTXSID1034210",4.102,350.3," ","11.8",7.216,0.000124,0.005,NA,350.3,4.102,0.005,NA,7.216,40.3908600779951,FALSE,7.216,"httk_measured",0,1,1,"default_1uM",NA,NA,NA,NA,NA
"Prometon","1610-18-0","DTXSID6022341",2.991,225.3,"4.97","14.3",8.17,0,0.0289,NA,225.3,2.991,0.0289,NA,8.17,10.8836543273119,FALSE,8.17,"httk_measured",0,1,1,"default_1uM",NA,NA,NA,NA,NA
"Prometryn","7287-19-6","DTXSID4024272",3.511,241.4,"5.71","14.5",35.78,4.92e-10,0.005,NA,241.4,3.511,0.005,NA,35.78,70.777050375191,FALSE,35.78,"httk_measured",0,1,1,"default_1uM",NA,NA,NA,NA,NA
"Propamocarb hydrochloride","25606-41-1","DTXSID6034849",0.02809,224.7,"9.3"," ",5.815,1.43e-05,0.8435,NA,224.7,0.02809,0.8435,NA,5.815,3.580727195616,FALSE,5.815,"httk_measured",0,1,1,"default_1uM",NA,NA,NA,NA,NA
"Propanil","709-98-8","DTXSID8022111",3.071,218.1," ","13.9",11.3,0.03446,0.0713,NA,218.1,3.071,0.0713,NA,11.3,12.8188641848839,FALSE,11.3,"httk_measured",0,1,1,"default_1uM",NA,NA,NA,NA,NA
"Propazine","139-40-2","DTXSID3021196",2.931,229.7,"3.17","14.3",14.6,1.9e-11,0.03651,NA,229.7,2.931,0.03651,NA,14.6,14.6165753707594,FALSE,14.6,"httk_measured",0,1,1,"default_1uM",NA,NA,NA,NA,NA
"Propetamphos","31218-83-4","DTXSID7032470",3.816,281.3," ","10",16.24,0.001834,0.009787,NA,281.3,3.816,0.009787,NA,16.24,20.3529676251159,FALSE,16.24,"httk_measured",0,1,1,"default_1uM",NA,NA,NA,NA,NA
"Propoxur","114-26-1","DTXSID7021948",1.524,209.2," ","14.8",6.899,1.73e-05,0.2159,NA,209.2,1.524,0.2159,NA,6.899,7.55018742511221,FALSE,6.899,"httk_measured",0,1,1,"default_1uM",NA,NA,NA,NA,NA
"Propyzamide","23950-58-5","DTXSID2020420",3.429,256.1," ","14.2",5.4,0.000991,0.06756,NA,256.1,3.429,0.06756,NA,5.4,10.1253385568504,FALSE,5.4,"httk_measured",0,1,1,"default_1uM",NA,NA,NA,NA,NA
"Prosulfuron","94125-34-5","DTXSID9034868",1.891,419.4," ","3.51",10.37,1.78e-07,0.005,NA,419.4,1.891,0.005,NA,10.37,6.83804851186775,FALSE,10.37,"httk_measured",0,1,1,"default_1uM",NA,NA,NA,NA,NA
"Pymetrozine","123312-89-0","DTXSID2032637",-0.1774,217.2,"4.37,0.05"," ",8.611,4.12e-06,0.9946,NA,217.2,-0.1774,0.9946,NA,8.611,3.9010714984123,FALSE,8.611,"httk_measured",0,1,1,"default_1uM",NA,NA,NA,NA,NA
"Pyraclostrobin","175013-18-0","DTXSID7032638",3.99,387.8,"0.4"," ",53.93,5.062e-07,0.001584,NA,387.8,3.99,0.001584,NA,53.93,31.3520585148104,FALSE,53.93,"httk_measured",0,1,1,"default_1uM",NA,NA,NA,NA,NA
"Pyridaben","96489-71-3","DTXSID5032573",6.367,364.9," "," ",63.93,0.000527,0.005,NA,364.9,6.367,0.005,NA,63.93,24.3074385821132,FALSE,63.93,"httk_measured",0,1,1,"default_1uM",NA,NA,NA,NA,NA
"Pyrimethanil","53112-28-0","DTXSID8034877",2.841,199.3,"3.44","13.7",43.89,4.97e-11,0.01673,NA,199.3,2.841,0.01673,NA,43.89,43.4871772216741,FALSE,43.89,"httk_measured",0,1,1,"default_1uM",NA,NA,NA,NA,NA
"Pyriproxyfen","95737-68-1","DTXSID1032640",4.199,321.4,"2.86"," ",16.86,7.8e-08,0.000907,NA,321.4,4.199,0.000907,NA,16.86,27.9927272709102,FALSE,16.86,"httk_measured",0,1,1,"default_1uM",NA,NA,NA,NA,NA
"Pyrithiobac-sodium","123343-16-8","DTXSID8032673",0.6002,348.7," ","2.21",0,0.9928,0.0334,NA,348.7,0.6002,0.0334,NA,0,8.17425596122344,TRUE,8.17425596122344,"RF_imputed_chem.physical_and_invitro.data",0,1,1,"default_1uM",NA,NA,NA,NA,NA
"Quinclorac","84087-01-4","DTXSID6032641",2.772,242.1,"0.17","3.57",0,0.3024,0.02799,NA,242.1,2.772,0.02799,NA,0,15.799055772529,TRUE,15.799055772529,"RF_imputed_chem.physical_and_invitro.data",0,1,1,"default_1uM",NA,NA,NA,NA,NA
"Quinoxyfen","124495-18-7","DTXSID2034881",4.66,308.1,"3.93"," ",0,0.486,0.005,NA,308.1,4.66,0.005,NA,0,18.7674782913659,TRUE,18.7674782913659,"RF_imputed_chem.physical_and_invitro.data",0,1,1,"default_1uM",NA,NA,NA,NA,NA
"Resmethrin","10453-86-8","DTXSID7022253",6.14,338.4," "," ",0,0.09958,0.005,NA,338.4,6.14,0.005,NA,0,32.1479044433913,TRUE,32.1479044433913,"RF_imputed_chem.physical_and_invitro.data",0,1,1,"default_1uM",NA,NA,NA,NA,NA
"Rimsulfuron","122931-48-0","DTXSID1032642",0.2909,431.4," ","4.95",0,0.06066,0.6278,NA,431.4,0.2909,0.6278,NA,0,2.76635076586864,TRUE,2.76635076586864,"RF_imputed_chem.physical_and_invitro.data",0,1,1,"default_1uM",NA,NA,NA,NA,NA
"Rotenone","83-79-4","DTXSID6021248",4.098,394.4," ","14",28.31,NA,0.003404,NA,394.4,4.098,0.003404,NA,28.31,30.8730529291203,FALSE,28.31,"httk_measured",0,1,1,"default_1uM",NA,NA,NA,NA,NA
"s-bioallethrin","28434-00-6","DTXSID2039336",4.78,302.4," "," ",45.9,0,2.31e-08,NA,302.4,4.78,2.31e-08,NA,45.9,38.6915919989639,FALSE,45.9,"httk_measured",0,1,1,"default_1uM",NA,NA,NA,NA,NA
"Sethoxydim","74051-80-2","DTXSID9024304",4.38,327.5,"2.71"," ",11.87,1.6e-09,0.05472,NA,327.5,4.38,0.05472,NA,11.87,13.0574634288848,FALSE,11.87,"httk_measured",0,1,1,"default_1uM",NA,NA,NA,NA,NA
"Simazine","122-34-9","DTXSID4021268",2.18,201.7,"3.23"," ",6.326,0.000474,0.2845,NA,201.7,2.18,0.2845,NA,6.326,7.61263865713194,FALSE,6.326,"httk_measured",0,1,1,"default_1uM",NA,NA,NA,NA,NA
"Spiroxamine","118134-30-8","DTXSID1034212",4.616,297.5,"9.34"," ",3.353,0.0108,0.005446,NA,297.5,4.616,0.005446,NA,3.353,8.98884325010836,FALSE,3.353,"httk_measured",0,1,1,"default_1uM",NA,NA,NA,NA,NA
"Sulfentrazone","122836-35-5","DTXSID6032645",0.9936,387.2," ","9.02",5.715,0.000635,0.9933,NA,387.2,0.9936,0.9933,NA,5.715,6.32377854317144,FALSE,5.715,"httk_measured",0,1,1,"default_1uM",NA,NA,NA,NA,NA
"Tebufenozide","112410-23-8","DTXSID4034948",4.247,352.5," ","10.1",22.4,7.62e-11,0.03378,NA,352.5,4.247,0.03378,NA,22.4,19.3301832399069,FALSE,22.4,"httk_measured",0,1,1,"default_1uM",NA,NA,NA,NA,NA
"Tebufenpyrad","119168-77-3","DTXSID0034223",4.61,333.9,"1.32","13.2",15.94,6.92e-06,0.005,NA,333.9,4.61,0.005,NA,15.94,41.4950924932675,FALSE,15.94,"httk_measured",0,1,1,"default_1uM",NA,NA,NA,NA,NA
"Tebupirimfos","96182-53-5","DTXSID1032482",3.543,318.4,"0.56"," ",22.64,1.27e-11,0.005,NA,318.4,3.543,0.005,NA,22.64,48.3952454796363,FALSE,22.64,"httk_measured",0,1,1,"default_1uM",NA,NA,NA,NA,NA
"Tebuthiuron","34014-18-1","DTXSID3024316",1.788,228.3," "," ",5.282,0.000481,0.4172,NA,228.3,1.788,0.4172,NA,5.282,4.39934111016515,FALSE,5.282,"httk_measured",0,1,1,"default_1uM",NA,NA,NA,NA,NA
"Tefluthrin","79538-32-2","DTXSID5032577",2.396,418.7," "," ",24.81,3.04e-06,0.005,NA,418.7,2.396,0.005,NA,24.81,5.89954373866688,FALSE,24.81,"httk_measured",0,1,1,"default_1uM",NA,NA,NA,NA,NA
"Tepraloxydim","149979-41-9","DTXSID7034252",3.688,341.8,"2.23"," ",3.349,0.002848,0.3834,NA,341.8,3.688,0.3834,NA,3.349,4.52551831950374,FALSE,3.349,"httk_measured",0,1,1,"default_1uM",NA,NA,NA,NA,NA
"Terbacil","5902-51-2","DTXSID8024317",1.89,216.7," ","12",2.272,0.003718,0.1029,NA,216.7,1.89,0.1029,NA,2.272,4.5257178669822,FALSE,2.272,"httk_measured",0,1,1,"default_1uM",NA,NA,NA,NA,NA
"Tetramethrin","7696-12-0","DTXSID6032649",4.727,331.4," "," ",37.6,8.59e-05,0.005,NA,331.4,4.727,0.005,NA,37.6,38.1244830357141,FALSE,37.6,"httk_measured",0,1,1,"default_1uM",NA,NA,NA,NA,NA
"Thiabendazole","148-79-8","DTXSID0021337",2.468,201.2,"4.08","10.3",0,0.002211,0.1382,NA,201.2,2.468,0.1382,NA,0,15.0146156741695,TRUE,15.0146156741695,"RF_imputed_chem.physical_and_invitro.data",0,1,1,"default_1uM",NA,NA,NA,NA,NA
"Thiacloprid","111988-49-9","DTXSID7034961",0.9225,252.7,"1.62"," ",2.574,0.003722,0.2857,NA,252.7,0.9225,0.2857,NA,2.574,3.23026311645931,FALSE,2.574,"httk_measured",0,1,1,"default_1uM",NA,NA,NA,NA,NA
"Thiamethoxam","153719-23-4","DTXSID2034962",-0.1191,291.7,"0.4"," ",0,0.5767,0.8286,NA,291.7,-0.1191,0.8286,NA,0,1.45048197699563,TRUE,1.45048197699563,"RF_imputed_chem.physical_and_invitro.data",0,1,1,"default_1uM",NA,NA,NA,NA,NA
"Thiazopyr","117718-60-2","DTXSID1032488",3.889,396.4,"3.05"," ",41.5,3.422e-05,0.01139,NA,396.4,3.889,0.01139,NA,41.5,34.9934343240095,FALSE,41.5,"httk_measured",0,1,1,"default_1uM",NA,NA,NA,NA,NA
"Thidiazuron","51707-55-2","DTXSID0032651",1.769,220.2," ","8.93",0,0.1546,0.02837,NA,220.2,1.769,0.02837,NA,0,10.1691069084358,TRUE,10.1691069084358,"RF_imputed_chem.physical_and_invitro.data",0,1,1,"default_1uM",NA,NA,NA,NA,NA
"Thiobencarb","28249-77-6","DTXSID6024337",3.4,257.8," "," ",233,0,1.88e-08,NA,257.8,3.4,1.88e-08,NA,233,139.745363690305,FALSE,233,"httk_measured",0,1,1,"default_1uM",NA,NA,NA,NA,NA
"Thiophanate-methyl","23564-05-8","DTXSID1024338",1.4,342.4," ","7.51,8.23,13.7,14.3",2.469,0.02676,0.427,NA,342.4,1.4,0.427,NA,2.469,2.95771068367309,FALSE,2.469,"httk_measured",0,1,1,"default_1uM",NA,NA,NA,NA,NA
"Triadimefon","43121-43-3","DTXSID3023897",2.771,293.8,"1.93"," ",14.59,0.0347,0.1142,NA,293.8,2.771,0.1142,NA,14.59,10.6087772380443,FALSE,14.59,"httk_measured",0,1,1,"default_1uM",NA,NA,NA,NA,NA
"Triadimenol","55219-65-3","DTXSID0032493",2.901,295.8,"1.97","13.2",0,1.52e-05,0.1258,NA,295.8,2.901,0.1258,NA,0,10.5324855923336,TRUE,10.5324855923336,"RF_imputed_chem.physical_and_invitro.data",0,1,1,"default_1uM",NA,NA,NA,NA,NA
"Triasulfuron","82097-50-5","DTXSID0024345",1.102,401.8," ","3.43",14.58,1.22e-06,0.02305,NA,401.8,1.102,0.02305,NA,14.58,8.84658347074502,FALSE,14.58,"httk_measured",0,1,1,"default_1uM",NA,NA,NA,NA,NA
"Tribufos","78-48-8","DTXSID1024174",5.7,314.5," "," ",125.1,0.001043,0.06651,NA,314.5,5.7,0.06651,NA,125.1,64.005803765648,FALSE,125.1,"httk_measured",0,1,1,"default_1uM",NA,NA,NA,NA,NA
"Triclopyr","55335-06-3","DTXSID0032497",2.516,256.5," ","2.28",0,0.706,0.02237,NA,256.5,2.516,0.02237,NA,0,8.13542526487386,TRUE,8.13542526487386,"RF_imputed_chem.physical_and_invitro.data",0,1,1,"default_1uM",NA,NA,NA,NA,NA
"Triclosan","3380-34-5","DTXSID5032498",4.762,289.5," ","7.68",27.8,0,0.00428,NA,289.5,4.762,0.00428,NA,27.8,21.258095502865,FALSE,27.8,"httk_measured",0,1,1,"default_1uM",NA,NA,NA,NA,NA
"Trifloxysulfuron-sodium","199119-58-9","DTXSID8040222",0.8201,459.3," ","4.95",0,0.9504,0.00376,NA,459.3,0.8201,0.00376,NA,0,9.11747149037713,TRUE,9.11747149037713,"RF_imputed_chem.physical_and_invitro.data",0,1,1,"default_1uM",NA,NA,NA,NA,NA
"Triflumizole","68694-11-1","DTXSID2032500",1.404,345.8,"5.86,3.03"," ",19.6,0,0.00839,NA,345.8,1.404,0.00839,NA,19.6,13.3632988815788,FALSE,19.6,"httk_measured",0,1,1,"default_1uM",NA,NA,NA,NA,NA
"Triflusulfuron-methyl","126535-15-7","DTXSID2032502",3.557,492.4," ","3.46",14.47,2.88e-11,0.3292,NA,492.4,3.557,0.3292,NA,14.47,13.6368356973481,FALSE,14.47,"httk_measured",0,1,1,"default_1uM",NA,NA,NA,NA,NA
"Triticonazole","131983-72-7","DTXSID0032655",3.293,317.8,"2","13.3",6.118,3.38e-05,0.1373,NA,317.8,3.293,0.1373,NA,6.118,9.0877712670386,FALSE,6.118,"httk_measured",0,1,1,"default_1uM",NA,NA,NA,NA,NA
"Vinclozolin","50471-44-8","DTXSID4022361",3.102,286.1," "," ",18.34,0.00011,0.5936,NA,286.1,3.102,0.5936,NA,18.34,10.8921071135605,FALSE,18.34,"httk_measured",0,1,1,"default_1uM",NA,NA,NA,NA,NA
"Zoxamide","156052-68-5","DTXSID9032581",3.759,336.6," ","14.6",0,0.2991,0.01031,NA,336.6,3.759,0.01031,NA,0,11.1476931872362,TRUE,11.1476931872362,"RF_imputed_chem.physical_and_invitro.data",0,1,1,"default_1uM",NA,NA,NA,NA,NA
"""n-phenyl-1,4-benzenediamine""","101-54-2","DTXSID7025895",2.657,184.2,"5.4,0.51"," ",15.59,1e-04,0.1434,NA,184.2,2.657,0.1434,NA,15.59,14.2814034519361,FALSE,15.59,"httk_measured",0,1,1,"default_1uM",NA,NA,NA,NA,NA
"""4,4'-methylenebis(n,n-dimethylaniline)""","101-61-1","DTXSID5020869",3.803,254.4,"5.44,4.83"," ",18.85,1e-04,0.001109,NA,254.4,3.803,0.001109,NA,18.85,30.2108870979985,FALSE,18.85,"httk_measured",0,1,1,"default_1uM",NA,NA,NA,NA,NA
"""4,4'-oxydianiline""","101-80-4","DTXSID0021094",1.364,200.2,"4.64,3.76"," ",0,0.0096,0.3284,NA,200.2,1.364,0.3284,NA,0,5.3450469023336,TRUE,5.3450469023336,"RF_imputed_chem.physical_and_invitro.data",0,1,1,"default_1uM",NA,NA,NA,NA,NA
"2-benzylideneoctanal","101-86-0","DTXSID4026684",4.339,216.3," "," ",14.36,1e-04,0.009805,NA,216.3,4.339,0.009805,NA,14.36,16.459377617358,FALSE,14.36,"httk_measured",0,1,1,"default_1uM",NA,NA,NA,NA,NA
"""1,3-diphenylguanidine""","102-06-7","DTXSID3025178",2.959,211.3,"9.38"," ",0,0.0144,0.7844,NA,211.3,2.959,0.7844,NA,0,8.57215721874437,TRUE,8.57215721874437,"RF_imputed_chem.physical_and_invitro.data",0,1,1,"default_1uM",NA,NA,NA,NA,NA
"N-ethyl-3-methylaniline","102-27-2","DTXSID4021848",2.42,135.2,"5.02"," ",13.12,1e-04,0.1414,NA,135.2,2.42,0.1414,NA,13.12,14.9087683007526,FALSE,13.12,"httk_measured",0,1,1,"default_1uM",NA,NA,NA,NA,NA
"""heptachlor epoxide, isomer b""","1024-57-3","DTXSID1024126",5.191,389.3," "," ",0,0.9983,0.01068,NA,389.3,5.191,0.01068,NA,0,17.901050702272,TRUE,17.901050702272,"RF_imputed_chem.physical_and_invitro.data",0,1,1,"default_1uM",NA,NA,NA,NA,NA
"Di(2-ethylhexyl)adipate","103-23-1","DTXSID0020606",6.851,370.6," "," ",13.56,1e-04,0.03861,NA,370.6,6.851,0.03861,NA,13.56,10.6922416684617,FALSE,13.56,"httk_measured",0,1,1,"default_1uM",NA,NA,NA,NA,NA
"Azelaic acid di(2-ethylhexyl) ester","103-24-2","DTXSID3026697",8.993,412.7," "," ",3.152,0.002,0.03126,NA,412.7,8.993,0.03126,NA,3.152,2.82711408174441,FALSE,3.152,"httk_measured",0,1,1,"default_1uM",NA,NA,NA,NA,NA
"Acetaminophen","103-90-2","DTXSID2020006",0.4621,151.2," ","9.46",0.3598,NA,0.9398,1,151.2,0.4621,0.9398,1,0.3598,2.66652044041852,FALSE,0.3598,"httk_measured",0,1,1,"default_1uM",NA,NA,NA,NA,NA
"5-heptyldihydro-2(3h)-furanone","104-67-6","DTXSID4034287",3.445,184.3," "," ",9.47,0.00206,0.069,NA,184.3,3.445,0.069,NA,9.47,13.2804550432643,FALSE,9.47,"httk_measured",0,1,1,"default_1uM",NA,NA,NA,NA,NA
"Tamoxifen","10540-29-1","DTXSID1034187",6.235,371.5,"8.76"," ",0,0.9928,0.00165,NA,371.5,6.235,0.00165,NA,0,13.0345039798693,TRUE,13.0345039798693,"RF_imputed_chem.physical_and_invitro.data",0,1,1,"default_1uM",NA,NA,NA,NA,NA
"Dibutyl hexanedioate","105-99-7","DTXSID2021866",3.927,258.4," "," ",14.03,0.0238,0.5872,NA,258.4,3.927,0.5872,NA,14.03,14.839540684155,FALSE,14.03,"httk_measured",0,1,1,"default_1uM",NA,NA,NA,NA,NA
"Methyl 1h-benzimidazol-2-ylcarbamate","10605-21-7","DTXSID4024729",1.519,191.2,"4.28","9.7,14",24,0.0049,0.4872,0.9166,191.2,1.519,0.4872,0.9166,24,10.2602967756394,FALSE,24,"httk_measured",0,1,1,"default_1uM",NA,NA,NA,NA,NA
"4-methylphenol","106-44-5","DTXSID7021869",1.94,108.1," ","10.4",39.66,1e-04,0.3259,NA,108.1,1.94,0.3259,NA,39.66,21.6493195136922,FALSE,39.66,"httk_measured",0,1,1,"default_1uM",NA,NA,NA,NA,NA
"Dimethyl succinate","106-65-0","DTXSID5025152",0.3505,146.1," "," ",364.4,1e-04,0.9999,NA,146.1,0.3505,0.9999,NA,364.4,35.4563724289851,FALSE,364.4,"httk_measured",0,1,1,"default_1uM",NA,NA,NA,NA,NA
"Tebuconazole","107534-96-3","DTXSID9032113",3.7,307.8,"2.01","13.8",5.278,0.001,0.06601,NA,307.8,3.7,0.06601,NA,5.278,8.1878377912874,FALSE,5.278,"httk_measured",0,1,1,"default_1uM",NA,NA,NA,NA,NA
"Resorcinol","108-46-3","DTXSID2021238",0.8006,110.1," ","9.26,10.7",14.48,1e-04,0.7448,NA,110.1,0.8006,0.7448,NA,14.48,5.85567124736567,FALSE,14.48,"httk_measured",0,1,1,"default_1uM",NA,NA,NA,NA,NA
"Phenol","108-95-2","DTXSID5021124",1.462,94.11," ","10",5.496,0.0022,0.6201,NA,94.11,1.462,0.6201,NA,5.496,3.76974871351571,FALSE,5.496,"httk_measured",0,1,1,"default_1uM",NA,NA,NA,NA,NA
"Mepanipyrim","110235-47-7","DTXSID4042121",3.279,223.3,"2.22","13.4",0,0.0513,0.03419,NA,223.3,3.279,0.03419,NA,0,23.2195707004756,TRUE,23.2195707004756,"RF_imputed_chem.physical_and_invitro.data",0,1,1,"default_1uM",NA,NA,NA,NA,NA
"""n,n'-methylenebis(acrylamide)""","110-26-9","DTXSID8025595",-0.6668,154.2," "," ",0,0.0697,1,NA,154.2,-0.6668,1,NA,0,2.56601121319297,TRUE,2.56601121319297,"RF_imputed_chem.physical_and_invitro.data",0,1,1,"default_1uM",NA,NA,NA,NA,NA
"Triethylene glycol diacetate","111-21-7","DTXSID3026223",0.5404,234.2," "," ",206,0,0.895,NA,234.2,0.5404,0.895,NA,206,26.5587054919275,FALSE,206,"httk_measured",0,1,1,"default_1uM",NA,NA,NA,NA,NA
"Dimethyl glutarate","1119-40-0","DTXSID3025122",0.6217,160.2," "," ",46.3,1e-04,0.6989,NA,160.2,0.6217,0.6989,NA,46.3,17.2221002158475,FALSE,46.3,"httk_measured",0,1,1,"default_1uM",NA,NA,NA,NA,NA
"2-[2-(2-ethoxyethoxy)ethoxy]ethanol","112-50-5","DTXSID3024368",0.03197,178.2," "," ",0,0.5349,1,NA,178.2,0.03197,1,NA,0,1.8366069621821,TRUE,1.8366069621821,"RF_imputed_chem.physical_and_invitro.data",0,1,1,"default_1uM",NA,NA,NA,NA,NA
"Erythromycin","114-07-8","DTXSID4022991",3.06,733.9,"8.38","12.4,12.9,13.4,14,14.6",0,0.0683,0.5653,NA,733.9,3.06,0.5653,NA,0,5.1595214649642,TRUE,5.1595214649642,"RF_imputed_chem.physical_and_invitro.data",0,1,1,"default_1uM",NA,NA,NA,NA,NA
"Triphenyl phosphate","115-86-6","DTXSID1021952",4.589,326.3," "," ",26.44,0.001,0.002852,NA,326.3,4.589,0.002852,NA,26.44,42.4386589296292,FALSE,26.44,"httk_measured",0,1,1,"default_1uM",NA,NA,NA,NA,NA
"Di-n-octyl phthalate","117-84-0","DTXSID1021956",8.097,390.6," "," ",0,0.8568,0.0233,NA,390.6,8.097,0.0233,NA,0,2.78576245162314,TRUE,2.78576245162314,"RF_imputed_chem.physical_and_invitro.data",0,1,1,"default_1uM",NA,NA,NA,NA,NA
"Benzophenone","119-61-9","DTXSID0021961",3.181,182.2," "," ",9.134,1e-04,0.06543,NA,182.2,3.181,0.06543,NA,9.134,10.3904512357263,FALSE,9.134,"httk_measured",0,1,1,"default_1uM",NA,NA,NA,NA,NA
"3,3'-dimethoxybenzidine","119-90-4","DTXSID3025091",1.813,244.3,"4.55,3.57"," ",0,0.0971,0.3343,NA,244.3,1.813,0.3343,NA,0,9.05801596232863,TRUE,9.05801596232863,"RF_imputed_chem.physical_and_invitro.data",0,1,1,"default_1uM",NA,NA,NA,NA,NA
"O-tolidine","119-93-7","DTXSID5024059",2.34,212.3,"4.58,3.55"," ",0,0.6631,0.1427,NA,212.3,2.34,0.1427,NA,0,9.32155788235292,TRUE,9.32155788235292,"RF_imputed_chem.physical_and_invitro.data",0,1,1,"default_1uM",NA,NA,NA,NA,NA
"Ethylparaben","120-47-8","DTXSID9022528",2.464,166.2," ","8.5",57.24,1e-04,0.1057,0.9073,166.2,2.464,0.1057,0.9073,57.24,49.3229661046198,FALSE,57.24,"httk_measured",0,1,1,"default_1uM",NA,NA,NA,NA,NA
"P-cresidine","120-71-8","DTXSID1020350",1.737,137.2,"4.63"," ",19.53,1e-04,0.4043,NA,137.2,1.737,0.4043,NA,19.53,12.072721420766,FALSE,19.53,"httk_measured",0,1,1,"default_1uM",NA,NA,NA,NA,NA
"2-tert-butyl-4-methoxy-phenol","121-00-6","DTXSID7040788",3.202,180.2," ","10.6",7.06,0.0019,0.07217,NA,180.2,3.202,0.07217,NA,7.06,10.6762932366291,FALSE,7.06,"httk_measured",0,1,1,"default_1uM",NA,NA,NA,NA,NA
"""2,4-dinitrotoluene""","121-14-2","DTXSID0020529",1.979,182.1," "," ",0,0.2573,0.09602,NA,182.1,1.979,0.09602,NA,0,23.867225405152,TRUE,23.867225405152,"RF_imputed_chem.physical_and_invitro.data",0,1,1,"default_1uM",NA,NA,NA,NA,NA
"Candoxatril","123122-55-4","DTXSID6047286",3.856,515.6,"0.48","4.29",9.898,1e-04,0.2659,NA,515.6,3.856,0.2659,NA,9.898,10.9536929206839,FALSE,9.898,"httk_measured",0,1,1,"default_1uM",NA,NA,NA,NA,NA
"Triamcinolone","124-94-7","DTXSID1040742",1.16,394.4," ","11.8,13.4,14,14.7",2.492,1e-04,0.7348,NA,394.4,1.16,0.7348,NA,2.492,2.66754811623802,FALSE,2.492,"httk_measured",0,1,1,"default_1uM",NA,NA,NA,NA,NA
"Tributyl phosphate","126-73-8","DTXSID3021986",3.997,266.3," "," ",0,0.2154,0.03481,NA,266.3,3.997,0.03481,NA,0,23.0315099960718,TRUE,23.0315099960718,"RF_imputed_chem.physical_and_invitro.data",96,1.5337528626604,31.6311600090494,"example.toxcast",NA,NA,NA,NA,NA
"Zamifenacin","127308-82-1","DTXSID9047257",5.742,415.5,"8.54"," ",17.11,1e-04,0.002114,NA,415.5,5.742,0.002114,NA,17.11,15.2621130131295,FALSE,17.11,"httk_measured",0,1,1,"default_1uM",NA,NA,NA,NA,NA
"""2,6-di-tert-butylphenol""","128-39-2","DTXSID6027052",4.92,206.3," ","11.3",0,0.152,0.01953,NA,206.3,4.92,0.01953,NA,0,14.5915907804131,TRUE,14.5915907804131,"RF_imputed_chem.physical_and_invitro.data",0,1,1,"default_1uM",NA,NA,NA,NA,NA
"Pyrene","129-00-0","DTXSID3024289",4.883,202.3," "," ",6.18,1e-04,0.02415,0.7535,202.3,4.883,0.02415,0.7535,6.18,11.3332589643072,FALSE,6.18,"httk_measured",0,1,1,"default_1uM",NA,NA,NA,NA,NA
"Diallyl phthalate","131-17-9","DTXSID7020392",3.229,246.3," "," ",0,0.0879,0.9621,NA,246.3,3.229,0.9621,NA,0,11.2991282481198,TRUE,11.2991282481198,"RF_imputed_chem.physical_and_invitro.data",0,1,1,"default_1uM",NA,NA,NA,NA,NA
"Rifampicin","13292-46-1","DTXSID6021244",3.085,823,"7.37,1.48","6.8,8.21,9.87,13.9,14.4",0,NA,0.04344,NA,823,3.085,0.04344,NA,0,17.6446748655717,TRUE,17.6446748655717,"RF_imputed_chem.physical_and_invitro.data",0,1,1,"default_1uM",NA,NA,NA,NA,NA
"Flutamide","13311-84-7","DTXSID7032004",3.35,276.2," ","12.8",30.38,1e-04,0.03758,0.8742,276.2,3.35,0.03758,0.8742,30.38,23.8360977357872,FALSE,30.38,"httk_measured",0,1,1,"default_1uM",NA,NA,NA,NA,NA
"""tris(1,3-dichloro-2-propyl) phosphate (tdcpp)""","13674-87-8","DTXSID9026261",3.65,430.9," "," ",5.092,0.0134,0.01078,NA,430.9,3.65,0.01078,NA,5.092,8.11922184042217,FALSE,5.092,"httk_measured",0,1,1,"default_1uM",NA,NA,NA,NA,NA
"Volinanserin","139290-65-6","DTXSID6047363",3.106,373.5,"8.75","14",5.464,1e-04,0.5097,NA,373.5,3.106,0.5097,NA,5.464,5.67505480354909,FALSE,5.464,"httk_measured",0,1,1,"default_1uM",NA,NA,NA,NA,NA
"""4-(1,1,3,3-tetramethylbutyl)phenol""","140-66-9","DTXSID9022360",4.867,206.3," ","10.2",26.98,1e-04,0.01902,NA,206.3,4.867,0.01902,NA,26.98,17.7256006737228,FALSE,26.98,"httk_measured",0,1,1,"default_1uM",NA,NA,NA,NA,NA
"Diisopropyl methylphosphonate (dimp)","1445-75-6","DTXSID5024051",1.034,180.2," "," ",0,5e-04,0.9727,NA,180.2,1.034,0.9727,NA,0,4.23384224499152,TRUE,4.23384224499152,"RF_imputed_chem.physical_and_invitro.data",0,1,1,"default_1uM",NA,NA,NA,NA,NA
"""(2s,3s)-n-[2-methoxy-5-(trifluoromethoxy)benzyl]-2-phenylpiperidin-3-amine""","145742-28-5","DTXSID9047251",4.031,380.4,"8.75,5.75"," ",0,0.0915,0.07996,NA,380.4,4.031,0.07996,NA,0,7.97177982555375,TRUE,7.97177982555375,"RF_imputed_chem.physical_and_invitro.data",0,1,1,"default_1uM",NA,NA,NA,NA,NA
"Diphenhydramine hydrochloride","147-24-0","DTXSID4020537",0.3888,291.8,"8.87"," ",0,0.1683,0.4131,NA,291.8,0.3888,0.4131,NA,0,7.21694893925164,TRUE,7.21694893925164,"RF_imputed_chem.physical_and_invitro.data",0,1,1,"default_1uM",NA,NA,NA,NA,NA
"8-hydroxyquinoline","148-24-3","DTXSID5020730",2.019,145.2,"4.83","9.36",69.68,1e-04,0.1184,NA,145.2,2.019,0.1184,NA,69.68,37.4512098721174,FALSE,69.68,"httk_measured",0,1,1,"default_1uM",NA,NA,NA,NA,NA
"Monuron","150-68-5","DTXSID0020311",1.941,198.6," ","13.4",3.086,0.0271,0.4551,NA,198.6,1.941,0.4551,NA,3.086,3.8991132730085,FALSE,3.086,"httk_measured",0,1,1,"default_1uM",NA,NA,NA,NA,NA
"Benodanil","15310-01-7","DTXSID7041623",2.855,323.1," "," ",21.4,1e-04,0.07513,NA,323.1,2.855,0.07513,NA,21.4,19.4716621743486,FALSE,21.4,"httk_measured",0,1,1,"default_1uM",NA,NA,NA,NA,NA
"Carbofuran","1563-66-2","DTXSID9020249",1.974,221.3," ","14.8",0,0.0063,0.4213,NA,221.3,1.974,0.4213,NA,0,3.11873693334661,TRUE,3.11873693334661,"RF_imputed_chem.physical_and_invitro.data",0,1,1,"default_1uM",NA,NA,NA,NA,NA
"4-octylphenol","1806-26-4","DTXSID9022312",5.187,206.3," ","10.3",15.65,2e-04,0.005,NA,206.3,5.187,0.005,NA,15.65,23.1673421724286,FALSE,15.65,"httk_measured",0,1,1,"default_1uM",NA,NA,NA,NA,NA
"2-hydroxy-4-(octyloxy)benzophenone","1843-05-6","DTXSID9027441",6.395,326.4," ","7.07",807,0.01182,1.37e-08,NA,326.4,6.395,1.37e-08,NA,807,149.613115444444,FALSE,807,"httk_measured",0,1,1,"default_1uM",NA,NA,NA,NA,NA
"Chlorthal-dimethyl","1861-32-1","DTXSID0024000",4.278,332," "," ",38.62,4e-04,0.01666,NA,332,4.278,0.01666,NA,38.62,32.6527122368161,FALSE,38.62,"httk_measured",0,1,1,"default_1uM",NA,NA,NA,NA,NA
"Vernolate","1929-77-7","DTXSID7024376",3.839,203.3," "," ",25.1,3e-04,0.01906,NA,203.3,3.839,0.01906,NA,25.1,26.7121362526071,FALSE,25.1,"httk_measured",0,1,1,"default_1uM",NA,NA,NA,NA,NA
"Oxytetracycline hydrochloride","2058-46-0","DTXSID5021097",-1.034,496.9,"4.89","7.55,8.59,11.6,13.5,14.4",0,0.5447,0.6283,NA,496.9,-1.034,0.6283,NA,0,4.08678870234152,TRUE,4.08678870234152,"RF_imputed_chem.physical_and_invitro.data",0,1,1,"default_1uM",NA,NA,NA,NA,NA
"Benzo[b]fluoranthene","205-99-2","DTXSID0023907",5.779,252.3," "," ",5.564,1e-04,0.01059,NA,252.3,5.779,0.01059,NA,5.564,10.1247371114591,FALSE,5.564,"httk_measured",0,1,1,"default_1uM",NA,NA,NA,NA,NA
"Fluoranthene","206-44-0","DTXSID3024104",5.16,202.3," "," ",8.064,1e-04,0.01409,NA,202.3,5.16,0.01409,NA,8.064,10.9826786249478,FALSE,8.064,"httk_measured",0,1,1,"default_1uM",NA,NA,NA,NA,NA
"O-ethyl o-(p-nitrophenyl) phenylphosphonothioate","2104-64-5","DTXSID7022174",4.776,323.3," "," ",8.16,1e-04,0.01016,NA,323.3,4.776,0.01016,NA,8.16,14.5854631943209,FALSE,8.16,"httk_measured",0,1,1,"default_1uM",NA,NA,NA,NA,NA
"""1,5-diaminonaphthalene""","2243-62-1","DTXSID3020916",0.8928,158.2,"4.41,3.2"," ",0,0.0163,0.6333,NA,158.2,0.8928,0.6333,NA,0,9.29388344368178,TRUE,9.29388344368178,"RF_imputed_chem.physical_and_invitro.data",0,1,1,"default_1uM",NA,NA,NA,NA,NA
"Tridemorph","24602-86-6","DTXSID3041376",5.595,297.5,"8.36"," ",12.91,1e-04,0.002679,NA,297.5,5.595,0.002679,NA,12.91,17.2787524616396,FALSE,12.91,"httk_measured",0,1,1,"default_1uM",NA,NA,NA,NA,NA
"Benzyl hydrogen phthalate","2528-16-7","DTXSID9043938",2.93,256.3," ","3.08",0,0.0506,0.0352,NA,256.3,2.93,0.0352,NA,0,15.4805894835817,TRUE,15.4805894835817,"RF_imputed_chem.physical_and_invitro.data",0,1,1,"default_1uM",NA,NA,NA,NA,NA
"""1,2-benzisothiazolin-3-one""","2634-33-5","DTXSID5032523",0.8033,151.2," ","9.5",34.74,1e-04,0.005,NA,151.2,0.8033,0.005,NA,34.74,31.7337014314972,FALSE,34.74,"httk_measured",0,1,1,"default_1uM",NA,NA,NA,NA,NA
"Chlorpyrifos","2921-88-2","DTXSID4020458",4.959,350.6," "," ",2.6,NA,0.007932,0.7333,350.6,4.959,0.007932,0.7333,2.6,10.5176037956703,FALSE,2.6,"httk_measured",0,1,1,"default_1uM",NA,NA,NA,NA,NA
"Phorate","298-02-2","DTXSID4032459",3.693,260.4," "," ",0,0.2218,0.0129,NA,260.4,3.693,0.0129,NA,0,33.3108662715102,TRUE,33.3108662715102,"RF_imputed_chem.physical_and_invitro.data",0,1,1,"default_1uM",NA,NA,NA,NA,NA
"Carbamazepine","298-46-4","DTXSID4022731",2.449,236.3," "," ",2.375,NA,0.5141,1.06,236.3,2.449,0.5141,1.06,2.375,3.86665867924118,FALSE,2.375,"httk_measured",0,1,1,"default_1uM",NA,NA,NA,NA,NA
"Azidothymidine","30516-87-1","DTXSID8020127",0.04963,267.2," ","7.36,14.6",2.414,NA,0.914,0.98,267.2,0.04963,0.914,0.98,2.414,2.21536804539493,FALSE,2.414,"httk_measured",0,1,1,"default_1uM",NA,NA,NA,NA,NA
"Octrizole","3147-75-9","DTXSID9027522",4.018,323.4," ","9.3",5.87,0.00188,0.0223,NA,323.4,4.018,0.0223,NA,5.87,13.9551199704558,FALSE,5.87,"httk_measured",0,1,1,"default_1uM",NA,NA,NA,NA,NA
"Butam","35256-85-0","DTXSID5041691",3.001,233.4," "," ",9.846,1e-04,0.2267,NA,233.4,3.001,0.2267,NA,9.846,11.2087895555412,FALSE,9.846,"httk_measured",0,1,1,"default_1uM",NA,NA,NA,NA,NA
"3-phenoxybenzoic acid","3739-38-6","DTXSID1038321",3.906,214.2," ","3.82",0,0.9981,0.00716,NA,214.2,3.906,0.00716,NA,0,38.17181008602,TRUE,38.17181008602,"RF_imputed_chem.physical_and_invitro.data",0,1,1,"default_1uM",NA,NA,NA,NA,NA
"2-chloro-2'-deoxyadenosine","4291-63-8","DTXSID8022828",0.01732,285.7,"1.33","13.9,14.8",0,0.5643,0.9848,NA,285.7,0.01732,0.9848,NA,0,2.37129833266063,TRUE,2.37129833266063,"RF_imputed_chem.physical_and_invitro.data",0,1,1,"default_1uM",NA,NA,NA,NA,NA
"Genistein","446-72-0","DTXSID5022308",2.962,270.2," ","6.55,8.09,9.03",18.69,1e-04,0.02426,0.6718,270.2,2.962,0.02426,0.6718,18.69,15.7381972638866,FALSE,18.69,"httk_measured",0,1,1,"default_1uM",NA,NA,NA,NA,NA
"9-phenanthrol","484-17-3","DTXSID9047592",3.911,194.2," ","9.37",20.98,1e-04,0.005435,NA,194.2,3.911,0.005435,NA,20.98,29.0812020485612,FALSE,20.98,"httk_measured",0,1,1,"default_1uM",NA,NA,NA,NA,NA
"""p,p'-ddt""","50-29-3","DTXSID4020375",6.91,354.5," "," ",12.5,0,3.6e-08,NA,354.5,6.91,3.6e-08,NA,12.5,6.92236858916689,FALSE,12.5,"httk_measured",0,1,1,"default_1uM",NA,NA,NA,NA,NA
"Reserpine","50-55-5","DTXSID7021237",2.57,608.7,"7.02"," ",0,0.0833,0.005994,NA,608.7,2.57,0.005994,NA,0,9.58746650365809,TRUE,9.58746650365809,"RF_imputed_chem.physical_and_invitro.data",0,1,1,"default_1uM",NA,NA,NA,NA,NA
"Pirinixic acid","50892-23-4","DTXSID4020290",2.067,323.8,"2.16","3.28",7.51,1e-04,0.005454,NA,323.8,2.067,0.005454,NA,7.51,9.02857188988186,FALSE,7.51,"httk_measured",0,1,1,"default_1uM",NA,NA,NA,NA,NA
"""2,4-dinitrophenol""","51-28-5","DTXSID0020523",1.672,184.1," ","4.35",0,0.7539,0.02723,NA,184.1,1.672,0.02723,NA,0,27.8933578396519,TRUE,27.8933578396519,"RF_imputed_chem.physical_and_invitro.data",0,1,1,"default_1uM",NA,NA,NA,NA,NA
"6-propyl-2-thiouracil","51-52-5","DTXSID5021209",-0.3859,170.2," ","8.75,13.8",1.323,0.0344,0.4736,NA,170.2,-0.3859,0.4736,NA,1.323,1.80207793681139,FALSE,1.323,"httk_measured",0,1,1,"default_1uM",NA,NA,NA,NA,NA
"""n-[(3r)-1-azabicyclo[2.2.2]oct-3-yl]-2,3-dihydro-1,4-benzodioxine-6-carboxamide""","527680-56-4","DTXSID1047285",1.835,288.3,"7.85","14.8",3.688,0.0333,1,NA,288.3,1.835,1,NA,3.688,5.93140655835881,FALSE,3.688,"httk_measured",0,1,1,"default_1uM",NA,NA,NA,NA,NA
"""1,2-dinitrobenzene""","528-29-0","DTXSID4024066",1.69,168.1," "," ",24.2,1e-04,0.06949,NA,168.1,1.69,0.06949,NA,24.2,19.7314274257342,FALSE,24.2,"httk_measured",0,1,1,"default_1uM",NA,NA,NA,NA,NA
"Haloperidol","52-86-8","DTXSID4034150",4.288,375.9,"8.05","14",5.062,NA,0.1784,NA,375.9,4.288,0.1784,NA,5.062,6.85632920011364,FALSE,5.062,"httk_measured",0,1,1,"default_1uM",NA,NA,NA,NA,NA
"Prednisone","53-03-2","DTXSID4021185",1.466,358.4," ","12.6,13.9",9.09,1e-04,0.4818,0.83,358.4,1.466,0.4818,0.83,9.09,6.1583251019397,FALSE,9.09,"httk_measured",0,1,1,"default_1uM",NA,NA,NA,NA,NA
"""2-methyl-4,6-dinitrophenol""","534-52-1","DTXSID1022053",2.131,198.1," ","4.8",0,0.1079,0.002637,NA,198.1,2.131,0.002637,NA,0,41.7689785245842,TRUE,41.7689785245842,"RF_imputed_chem.physical_and_invitro.data",0,1,1,"default_1uM",NA,NA,NA,NA,NA
"Hexamethyl-p-rosaniline chloride","548-62-9","DTXSID5020653",0.9598,408,"4.83,4.21"," ",8.322,5e-04,0.01384,NA,408,0.9598,0.01384,NA,8.322,7.60335012137672,FALSE,8.322,"httk_measured",0,1,1,"default_1uM",NA,NA,NA,NA,NA
"Carbosulfan","55285-14-8","DTXSID5023950",4.829,380.6,"2.38"," ",26.74,3e-04,0.005,NA,380.6,4.829,0.005,NA,26.74,14.9484633029307,FALSE,26.74,"httk_measured",0,1,1,"default_1uM",NA,NA,NA,NA,NA
"Ethion","563-12-2","DTXSID2024086",5.066,384.5," "," ",10.41,5e-04,2.03e-08,NA,384.5,5.066,2.03e-08,NA,10.41,15.1974359691305,FALSE,10.41,"httk_measured",0,1,1,"default_1uM",NA,NA,NA,NA,NA
"Diethylstilbestrol (des)","56-53-1","DTXSID3020465",5.067,268.4," ","9.13,9.73",39.5,0,0.00935,NA,268.4,5.067,0.00935,NA,39.5,23.1738534888861,FALSE,39.5,"httk_measured",0,1,1,"default_1uM",NA,NA,NA,NA,NA
"Benz[a]anthracene","56-55-3","DTXSID5023902",5.602,228.3," "," ",18.27,1e-04,0.01121,0.6718,228.3,5.602,0.01121,0.6718,18.27,14.3197361343667,FALSE,18.27,"httk_measured",0,1,1,"default_1uM",NA,NA,NA,NA,NA
"Phenytoin","57-41-0","DTXSID8020541",2.364,252.3," ","8.49",0.8178,NA,0.1624,0.8874,252.3,2.364,0.1624,0.8874,0.8178,2.62617390078039,FALSE,0.8178,"httk_measured",0,1,1,"default_1uM",NA,NA,NA,NA,NA
"""2,6-dimethylphenol""","576-26-1","DTXSID9024063",2.36,122.2," ","10.7",20.52,1e-04,0.2086,NA,122.2,2.36,0.2086,NA,20.52,18.4525977740719,FALSE,20.52,"httk_measured",0,1,1,"default_1uM",NA,NA,NA,NA,NA
"Progesterone","57-83-0","DTXSID3022370",3.871,314.5," "," ",33.7,1e-04,0.02311,NA,314.5,3.871,0.02311,NA,33.7,28.8914743813393,FALSE,33.7,"httk_measured",0,1,1,"default_1uM",NA,NA,NA,NA,NA
"""2,6-diethylaniline""","579-66-8","DTXSID6027218",2.741,149.2,"4.15"," ",16.13,1e-04,0.08962,NA,149.2,2.741,0.08962,NA,16.13,23.7913800381134,FALSE,16.13,"httk_measured",0,1,1,"default_1uM",NA,NA,NA,NA,NA
"""7,12-dimethylbenz(a)anthracene""","57-97-6","DTXSID1020510",5.8,256.3," "," ",3.226,0.002,0.005,NA,256.3,5.8,0.005,NA,3.226,18.0301887969975,FALSE,3.226,"httk_measured",479,1.44612754690257,21.8776162394955,"example.toxcast",NA,NA,NA,NA,NA
"Caffeine","58-08-2","DTXSID0020232",-0.07099,194.2," "," ",0.2855,NA,1,1.08,194.2,-0.07099,1,1.08,0.2855,1.04226684979699,FALSE,0.2855,"httk_measured",0,1,1,"default_1uM",NA,NA,NA,NA,NA
"Pyrimethamine","58-14-0","DTXSID9021217",2.69,248.7,"7.77,0.1"," ",2.768,0.028,0.1177,NA,248.7,2.69,0.1177,NA,2.768,4.45680861829975,FALSE,2.768,"httk_measured",0,1,1,"default_1uM",NA,NA,NA,NA,NA
"Fluridone ","59756-60-4","DTXSID8024107",3.046,329.3," "," ",5.594,1e-04,0.1378,NA,329.3,3.046,0.1378,NA,5.594,8.12906987762621,FALSE,5.594,"httk_measured",0,1,1,"default_1uM",NA,NA,NA,NA,NA
"Sulfasalazine","599-79-1","DTXSID0021256",2.425,398.4," ","3.23,6.75,11.8",5.16,0.0226,0.004,NA,398.4,2.425,0.004,NA,5.16,6.81159953834255,FALSE,5.16,"httk_measured",0,1,1,"default_1uM",NA,NA,NA,NA,NA
"4-aminoazobenzene","60-09-3","DTXSID6024460",3.409,197.2,"3.06,0.35"," ",15.7,1e-04,0.0171,NA,197.2,3.409,0.0171,NA,15.7,26.9190742737132,FALSE,15.7,"httk_measured",0,1,1,"default_1uM",NA,NA,NA,NA,NA
"Dieldrin","60-57-1","DTXSID9020453",5.118,380.9," "," ",0,0.0541,0.009376,NA,380.9,5.118,0.009376,NA,0,10.5279401791419,TRUE,10.5279401791419,"RF_imputed_chem.physical_and_invitro.data",0,1,1,"default_1uM",NA,NA,NA,NA,NA
"""2,6-dinitrotoluene""","606-20-2","DTXSID5020528",2.098,182.1," "," ",34.64,1e-04,0.131,NA,182.1,2.098,0.131,NA,34.64,25.4529432753184,FALSE,34.64,"httk_measured",0,1,1,"default_1uM",NA,NA,NA,NA,NA
"Androstenedione","63-05-8","DTXSID8024523",2.752,286.4," "," ",25.92,1e-04,0.1744,NA,286.4,2.752,0.1744,NA,25.92,18.7360632708443,FALSE,25.92,"httk_measured",0,1,1,"default_1uM",NA,NA,NA,NA,NA
"3-hydroxyfluorene","6344-67-8","DTXSID9047540",3.189,182.2," ","9.98",20.56,1e-04,0.02488,NA,182.2,3.189,0.02488,NA,20.56,26.122162787342,FALSE,20.56,"httk_measured",0,1,1,"default_1uM",NA,NA,NA,NA,NA
"Didecyl dimethyl ammonium chloride","7173-51-5","DTXSID9032537",2.683,362.1," "," ",0,0.0573,0.005,NA,362.1,2.683,0.005,NA,0,11.3386142649224,TRUE,11.3386142649224,"RF_imputed_chem.physical_and_invitro.data",0,1,1,"default_1uM",NA,NA,NA,NA,NA
"Endrin","72-20-8","DTXSID6020561",5.118,380.9," "," ",0,0.3739,0.006423,NA,380.9,5.118,0.006423,NA,0,14.2036730928969,TRUE,14.2036730928969,"RF_imputed_chem.physical_and_invitro.data",0,1,1,"default_1uM",NA,NA,NA,NA,NA
"""p,p'-ddd""","72-54-8","DTXSID4020373",6.129,320," "," ",0,0.0134,0.03115,NA,320,6.129,0.03115,NA,0,28.1470467659886,TRUE,28.1470467659886,"RF_imputed_chem.physical_and_invitro.data",0,1,1,"default_1uM",NA,NA,NA,NA,NA
"Phosmet","732-11-6","DTXSID5024261",2.781,317.3," "," ",23.82,1e-04,0.0477,NA,317.3,2.781,0.0477,NA,23.82,22.7084707757408,FALSE,23.82,"httk_measured",0,1,1,"default_1uM",NA,NA,NA,NA,NA
"Lovastatin","75330-75-5","DTXSID5020784",4.258,404.5," ","14.9",21.9,1e-04,0.01429,NA,404.5,4.258,0.01429,NA,21.9,27.6868903970728,FALSE,21.9,"httk_measured",0,1,1,"default_1uM",NA,NA,NA,NA,NA
"Phenolphthalein","77-09-8","DTXSID0021125",2.89,318.3," ","9.16,9.76",47.4,1e-04,0.03116,NA,318.3,2.89,0.03116,NA,47.4,25.4372260852042,FALSE,47.4,"httk_measured",0,1,1,"default_1uM",NA,NA,NA,NA,NA
"Bisphenol b","77-40-7","DTXSID4022442",3.765,242.3," ","9.77,10.4",35.66,1e-04,0.01823,NA,242.3,3.765,0.01823,NA,35.66,29.1966024188922,FALSE,35.66,"httk_measured",0,1,1,"default_1uM",NA,NA,NA,NA,NA
"""o,p'-ddt""","789-02-6","DTXSID6022345",6.923,354.5," "," ",15.3,0,1.59e-08,NA,354.5,6.923,1.59e-08,NA,15.3,3.35595713297815,FALSE,15.3,"httk_measured",0,1,1,"default_1uM",NA,NA,NA,NA,NA
"Simvastatin","79902-63-9","DTXSID0023581",4.677,418.6," ","14.9",24.3,1e-04,0.00398,NA,418.6,4.677,0.00398,NA,24.3,19.6191289706114,FALSE,24.3,"httk_measured",0,1,1,"default_1uM",NA,NA,NA,NA,NA
"4-(2-methylbutan-2-yl)phenol","80-46-6","DTXSID8021771",3.491,164.2," ","10.2",20.96,1e-04,0.005,NA,164.2,3.491,0.005,NA,20.96,45.1651282471185,FALSE,20.96,"httk_measured",0,1,1,"default_1uM",NA,NA,NA,NA,NA
"Warfarin","81-81-2","DTXSID5023742",2.7,308.3," ","12.7",0,0.9984,0.01327,0.55,308.3,2.7,0.01327,0.55,0,5.80458208034504,TRUE,5.80458208034504,"RF_imputed_chem.physical_and_invitro.data",0,1,1,"default_1uM",NA,NA,NA,NA,NA
"""4,4'-methylene bis(2-methylaniline)""","838-88-0","DTXSID5020867",2.182,226.3,"4.68,3.81"," ",3.984,0.0016,0.2257,NA,226.3,2.182,0.2257,NA,3.984,5.45812433420194,FALSE,3.984,"httk_measured",0,1,1,"default_1uM",NA,NA,NA,NA,NA
"Pk 11195","85532-75-8","DTXSID7041097",4.793,352.9," "," ",42.12,1e-04,0.01614,NA,352.9,4.793,0.01614,NA,42.12,29.2940826790926,FALSE,42.12,"httk_measured",0,1,1,"default_1uM",NA,NA,NA,NA,NA
"N-nitrosodiphenylamine","86-30-6","DTXSID6021030",3.13,198.2," "," ",8.288,1e-04,0.04368,NA,198.2,3.13,0.04368,NA,8.288,16.1851947528704,FALSE,8.288,"httk_measured",0,1,1,"default_1uM",NA,NA,NA,NA,NA
"Fluconazole ","86386-73-4","DTXSID3020627",0.5014,306.3,"2.3,1.7","12.7",1.832,0.0075,0.7109,1.06,306.3,0.5014,0.7109,1.06,1.832,3.81173898719023,FALSE,1.832,"httk_measured",0,1,1,"default_1uM",NA,NA,NA,NA,NA
"""2,6-dimethylaniline""","87-62-7","DTXSID8026307",1.839,121.2,"4.31"," ",8.96,2e-04,0.4311,NA,121.2,1.839,0.4311,NA,8.96,8.81804240965874,FALSE,8.96,"httk_measured",0,1,1,"default_1uM",NA,NA,NA,NA,NA
"Pentachlorophenol","87-86-5","DTXSID7021106",5.119,266.3," ","4.98",8.764,1e-04,0.05441,0.6882,266.3,5.119,0.05441,0.6882,8.764,14.8269609074508,FALSE,8.764,"httk_measured",0,1,1,"default_1uM",NA,NA,NA,NA,NA
"""2,4,6-trichlorophenol""","88-06-2","DTXSID5021386",3.691,197.4," ","5.99",18.76,1e-04,0.01512,NA,197.4,3.691,0.01512,NA,18.76,21.1841253467711,FALSE,18.76,"httk_measured",0,1,1,"default_1uM",NA,NA,NA,NA,NA
"Dinoseb","88-85-7","DTXSID3020207",3.559,240.2," ","4.93",0,0.2782,0.00043,NA,240.2,3.559,0.00043,NA,0,82.8817462705947,TRUE,82.8817462705947,"RF_imputed_chem.physical_and_invitro.data",0,1,1,"default_1uM",NA,NA,NA,NA,NA
"2-anisidine","90-04-0","DTXSID5023877",1.18,123.2,"4.42"," ",0,0.4772,0.4532,NA,123.2,1.18,0.4532,NA,0,11.0870037009268,TRUE,11.0870037009268,"RF_imputed_chem.physical_and_invitro.data",0,1,1,"default_1uM",NA,NA,NA,NA,NA
"Quinoline","91-22-5","DTXSID1021798",2.031,129.2,"4.5"," ",38.6,1e-04,0.2036,NA,129.2,2.031,0.2036,NA,38.6,26.7310534848888,FALSE,38.6,"httk_measured",0,1,1,"default_1uM",NA,NA,NA,NA,NA
"Ethoxyquin","91-53-2","DTXSID9020582",3.106,217.3,"5.15"," ",15.16,1e-04,0.01069,NA,217.3,3.106,0.01069,NA,15.16,21.3862632048629,FALSE,15.16,"httk_measured",0,1,1,"default_1uM",NA,NA,NA,NA,NA
"2-naphthylamine","91-59-8","DTXSID2020921",2.281,143.2,"4.25"," ",18.5,1e-04,0.1099,NA,143.2,2.281,0.1099,NA,18.5,29.885983027852,FALSE,18.5,"httk_measured",0,1,1,"default_1uM",NA,NA,NA,NA,NA
"Coumarin","91-64-5","DTXSID7020348",1.391,146.1," "," ",0,0.1073,0.1922,NA,146.1,1.391,0.1922,NA,0,26.0066080318353,TRUE,26.0066080318353,"RF_imputed_chem.physical_and_invitro.data",0,1,1,"default_1uM",NA,NA,NA,NA,NA
"Benzidine","92-87-5","DTXSID2020137",1.34,184.2,"4.73,3.65"," ",6.91,1e-04,0.1977,NA,184.2,1.34,0.1977,NA,6.91,9.89150916445211,FALSE,6.91,"httk_measured",0,1,1,"default_1uM",NA,NA,NA,NA,NA
"Propylparaben","94-13-3","DTXSID4022527",3.036,180.2," ","8.5",38,1e-04,0.07639,NA,180.2,3.036,0.07639,NA,38,26.265837798649,FALSE,38,"httk_measured",0,1,1,"default_1uM",NA,NA,NA,NA,NA
"Butylparaben","94-26-8","DTXSID3020209",3.565,194.2," ","8.5",39.3,1e-04,0.0191,NA,194.2,3.565,0.0191,NA,39.3,43.1761743764169,FALSE,39.3,"httk_measured",0,1,1,"default_1uM",NA,NA,NA,NA,NA
"Tri(ethylene glycol) bis(2-ethylhexanoate)","94-28-0","DTXSID3026564",3.6,402.6," "," ",22.62,1e-04,0.005,NA,402.6,3.6,0.005,NA,22.62,23.3964088855169,FALSE,22.62,"httk_measured",0,1,1,"default_1uM",NA,NA,NA,NA,NA
"2-methylphenol","95-48-7","DTXSID8021808",1.951,108.1," ","10.4",27.48,1e-04,0.38,NA,108.1,1.951,0.38,NA,27.48,21.9953089746768,FALSE,27.48,"httk_measured",0,1,1,"default_1uM",NA,NA,NA,NA,NA
"""2,4,5-trichlorophenol""","95-95-4","DTXSID4024359",3.722,197.4," ","6.83",26.24,1e-04,0.005322,NA,197.4,3.722,0.005322,NA,26.24,27.9351526179568,FALSE,26.24,"httk_measured",0,1,1,"default_1uM",NA,NA,NA,NA,NA
"Eugenol","97-53-0","DTXSID9020617",2.272,164.2," ","9.94",103.6,3e-04,0.1922,NA,164.2,2.272,0.1922,NA,103.6,50.2087203036669,FALSE,103.6,"httk_measured",0,1,1,"default_1uM",NA,NA,NA,NA,NA
"Isoeugenol","97-54-1","DTXSID7022413",3.035,164.2," ","10",71.78,1e-04,0.005,NA,164.2,3.035,0.005,NA,71.78,38.5866408643211,FALSE,71.78,"httk_measured",0,1,1,"default_1uM",NA,NA,NA,NA,NA
"4-tert-butylphenol","98-54-4","DTXSID1020221",3.31,150.2," ","10.2",26.8,1e-04,0.1052,NA,150.2,3.31,0.1052,NA,26.8,26.8188218233618,FALSE,26.8,"httk_measured",0,1,1,"default_1uM",NA,NA,NA,NA,NA
"Nitrobenzene","98-95-3","DTXSID3020964",1.851,123.1," "," ",8.168,0.0083,0.3844,NA,123.1,1.851,0.3844,NA,8.168,10.3433559159873,FALSE,8.168,"httk_measured",0,1,1,"default_1uM",NA,NA,NA,NA,NA
"3-nitrotoluene","99-08-1","DTXSID5021831",2.449,137.1," "," ",16.82,1e-04,0.07728,NA,137.1,2.449,0.07728,NA,16.82,22.8261304827459,FALSE,16.82,"httk_measured",0,1,1,"default_1uM",NA,NA,NA,NA,NA
"2-methoxy-5-nitroaniline","99-59-2","DTXSID0020943",1.471,168.2,"1.83"," ",12.03,0.0076,0.3359,NA,168.2,1.471,0.3359,NA,12.03,13.0801751501627,FALSE,12.03,"httk_measured",0,1,1,"default_1uM",NA,NA,NA,NA,NA
"4-(butan-2-yl)phenol","99-71-8","DTXSID7022332",3.083,150.2," ","10.3",19.03,1e-04,0.0608,NA,150.2,3.083,0.0608,NA,19.03,19.1073653223906,FALSE,19.03,"httk_measured",0,1,1,"default_1uM",NA,NA,NA,NA,NA
"Methylparaben","99-76-3","DTXSID4022529",1.958,152.1," ","8.5",107.5,1e-04,0.07056,NA,152.1,1.958,0.07056,NA,107.5,67.1474922525664,FALSE,107.5,"httk_measured",0,1,1,"default_1uM",NA,NA,NA,NA,NA
"4-nitrotoluene","99-99-0","DTXSID5023792",2.371,137.1," "," ",19.32,2e-04,0.0679,NA,137.1,2.371,0.0679,NA,19.32,21.1318644225114,FALSE,19.32,"httk_measured",0,1,1,"default_1uM",NA,NA,NA,NA,NA
"Diltiazem hydrochloride","33286-22-5","DTXSID8040147",1.746,451,"8.18","12.9",23.48,NA,0.22,1,451,1.746,0.22,1,23.48,14.955481996246,FALSE,23.48,"httk_measured",0,1,1,"default_1uM",NA,NA,NA,NA,NA
"Dexamethasone","50-02-2","DTXSID3020384",1.92,392.5," ","12.4,13.5,14.1",1.791,NA,0.32,0.93,392.5,1.92,0.32,0.93,1.791,2.39004835867567,FALSE,1.791,"httk_measured",0,1,1,"default_1uM",NA,NA,NA,NA,NA
"Diclofenac","15307-86-5","DTXSID6022923",4.52,296.2," ","4",65.42,NA,0.005,0.55,296.2,4.52,0.005,0.55,65.42,36.9986237206722,FALSE,65.42,"httk_measured",0,1,1,"default_1uM",NA,NA,NA,NA,NA
"Ibuprofen","15687-27-1","DTXSID5020732",3.735,206.3," ","4.85",10.12,NA,0.01,0.55,206.3,3.735,0.01,0.55,10.12,14.2450698157585,FALSE,10.12,"httk_measured",0,1,1,"default_1uM",NA,NA,NA,NA,NA
"Tolbutamide","64-77-7","DTXSID8021359",2.339,270.4," ","4.33",1.324,NA,0.04,0.68,270.4,2.339,0.04,0.68,1.324,3.42989739878115,FALSE,1.324,"httk_measured",0,1,1,"default_1uM",NA,NA,NA,NA,NA
"Naproxen","22204-53-1","DTXSID4040686",3.18,230.3," ","4.19",26.48,NA,0.002,1,230.3,3.18,0.002,1,26.48,40.411506589731,FALSE,26.48,"httk_measured",0,1,1,"default_1uM",NA,NA,NA,NA,NA
"Atenolol","29122-68-7","DTXSID2022628",0.1596,266.3,"9.67","14.1",1.986,NA,0.94,1.07,266.3,0.1596,0.94,1.07,1.986,1.5927190489804,FALSE,1.986,"httk_measured",0,1,1,"default_1uM",NA,NA,NA,NA,NA
"Diclofenac sodium","15307-79-6","DTXSID3037208",0.7004,318.1," ","4",38.84,NA,0.004131,NA,318.1,0.7004,0.004131,NA,38.84,23.394163078017,FALSE,38.84,"httk_measured",0,1,1,"default_1uM",NA,NA,NA,NA,NA
"Aspirin","50-78-2","DTXSID5020108",1.193,180.2," ","3.41",0,0.09244,0.532,0.8138,180.2,1.193,0.532,0.8138,0,7.50487765194131,TRUE,7.50487765194131,"RF_imputed_chem.physical_and_invitro.data",0,1,1,"default_1uM",NA,NA,NA,NA,NA
"Buspirone","36505-84-7","DTXSID2022707",2.629,385.5,"7.62,2.06"," ",7.66,NA,0.05,0.81,385.5,2.629,0.05,0.81,7.66,8.75459386959542,FALSE,7.66,"httk_measured",0,1,1,"default_1uM",NA,NA,NA,NA,NA
"Metoprolol","51384-51-1","DTXSID2023309",1.881,267.4,"9.67","14.1",6.231,NA,0.883,1.07,267.4,1.881,0.883,1.07,6.231,5.42239305390018,FALSE,6.231,"httk_measured",0,1,1,"default_1uM",NA,NA,NA,NA,NA
"Antipyrine","60-80-0","DTXSID6021117",0.3107,188.2,"0.49"," ",0.5062,NA,0.97,0.5602,188.2,0.3107,0.97,0.5602,0.5062,1.5096643825992,FALSE,0.5062,"httk_measured",0,1,1,"default_1uM",NA,NA,NA,NA,NA
"Phenacetin","62-44-2","DTXSID1021116",1.58,179.2," ","15",9.346,NA,0.6,1.01,179.2,1.58,0.6,1.01,9.346,8.29930550606749,FALSE,9.346,"httk_measured",0,1,1,"default_1uM",NA,NA,NA,NA,NA
"Furosemide","54-31-9","DTXSID6020648",2.029,330.7," ","4.25,9.83",0,NA,0.012,0.55,330.7,2.029,0.012,0.55,0,10.5872714263081,TRUE,10.5872714263081,"RF_imputed_chem.physical_and_invitro.data",0,1,1,"default_1uM",NA,NA,NA,NA,NA
"Theophylline","58-55-9","DTXSID5021336",-0.02058,180.2," ","7.82",0.7788,NA,0.61,1.33,180.2,-0.02058,0.61,1.33,0.7788,1.75814177385069,FALSE,0.7788,"httk_measured",0,1,1,"default_1uM",NA,NA,NA,NA,NA
"Oxazepam","604-75-1","DTXSID1021087",2.239,286.7," ","10.6,12.5",3.271,NA,0.04,0.66,286.7,2.239,0.04,0.66,3.271,5.02429773379062,FALSE,3.271,"httk_measured",0,1,1,"default_1uM",NA,NA,NA,NA,NA
"Sulpiride","15676-16-1","DTXSID1042574",0.5712,341.4,"8.39","10.2,13.5",0,NA,1,1,341.4,0.5712,1,1,0,6.12434455687659,TRUE,6.12434455687659,"RF_imputed_chem.physical_and_invitro.data",0,1,1,"default_1uM",NA,NA,NA,NA,NA
"Methylprednisolone","83-43-2","DTXSID7023300",1.721,374.5," ","12.6,13.9,14.9",5.452,NA,0.23,0.78,374.5,1.721,0.23,0.78,5.452,7.29507993437615,FALSE,5.452,"httk_measured",0,1,1,"default_1uM",NA,NA,NA,NA,NA
"Prednisolone","50-24-8","DTXSID9021184",1.62,360.4," ","12.6,13.9,14.9",5.841,NA,0.25,1,360.4,1.62,0.25,1,5.841,4.88282283792132,FALSE,5.841,"httk_measured",0,1,1,"default_1uM",NA,NA,NA,NA,NA
"Troglitazone","97322-87-7","DTXSID8023719",4.36,441.5," ","6.61,10.8",21.85,NA,0.000941,0.548,441.5,4.36,0.000941,0.548,21.85,18.0977270855,FALSE,21.85,"httk_measured",0,1,1,"default_1uM",NA,NA,NA,NA,NA
"Cyclosporin a","59865-13-3","DTXSID0020365",2.92,1203," ","11.8,12.2,12.6,13,14.3",8.591,NA,0,1.283,1203,2.92,0,1.283,8.591,10.1685564769983,FALSE,8.591,"httk_measured",0,1,1,"default_1uM",NA,NA,NA,NA,NA
"Ethinylestradiol","57-63-6","DTXSID5020576",3.669,296.4," ","10.3",0,0.9299,0.014,NA,296.4,3.669,0.014,NA,0,25.0184534170506,TRUE,25.0184534170506,"RF_imputed_chem.physical_and_invitro.data",0,1,1,"default_1uM",NA,NA,NA,NA,NA
"Famotidine","76824-35-6","DTXSID5023039",-0.6389,337.4,"8.38,1.74","9.29",0,NA,0.84,1,337.4,-0.6389,0.84,1,0,3.47548325340555,TRUE,3.47548325340555,"RF_imputed_chem.physical_and_invitro.data",0,1,1,"default_1uM",NA,NA,NA,NA,NA
"Omeprazole","73590-58-6","DTXSID6021080",2.231,345.4,"4.77,1.59","9.68",3.271,NA,0.16,0.58,345.4,2.231,0.16,0.58,3.271,3.95469648692817,FALSE,3.271,"httk_measured",0,1,1,"default_1uM",NA,NA,NA,NA,NA
"Propofol","2078-54-8","DTXSID6023523",3.791,178.3," ","11",107,NA,0.016,1.25,178.3,3.791,0.016,1.25,107,45.5218467281517,FALSE,107,"httk_measured",0,1,1,"default_1uM",NA,NA,NA,NA,NA
"Zileuton","111406-87-2","DTXSID9023752",0.1828,236.3," ","8.84",2.298,NA,0.07,NA,236.3,0.1828,0.07,NA,2.298,3.95991670836157,FALSE,2.298,"httk_measured",0,1,1,"default_1uM",NA,NA,NA,NA,NA
"Codeine","76-57-3","DTXSID2020341",1.14,299.4,"9.19","13.8",24.53,NA,1,NA,299.4,1.14,1,NA,24.53,9.67719172174729,FALSE,24.53,"httk_measured",0,1,1,"default_1uM",NA,NA,NA,NA,NA
"Ranitidine","66357-35-5","DTXSID8045191",0.2691,314.4,"7.8,0.47"," ",1.324,NA,0.95,1.03,314.4,0.2691,0.95,1.03,1.324,1.6581896286765,FALSE,1.324,"httk_measured",0,1,1,"default_1uM",NA,NA,NA,NA,NA
"Aminopyrine","58-15-1","DTXSID7020504",0.9955,231.3,"3.66"," ",4.1,NA,1,NA,231.3,0.9955,1,NA,4.1,5.1327047152396,FALSE,4.1,"httk_measured",0,1,1,"default_1uM",NA,NA,NA,NA,NA
"Ketoconazole","65277-42-1","DTXSID7029879",4.348,531.4,"6.42,3.96"," ",55,NA,0.062,0.7478,531.4,4.348,0.062,0.7478,55,22.4924742221653,FALSE,55,"httk_measured",0,1,1,"default_1uM",NA,NA,NA,NA,NA
"Tacrine","321-64-2","DTXSID1037272",2.707,198.3,"8.95"," ",1000,NA,1,1.6,198.3,2.707,1,1.6,1000,59.4848479426164,FALSE,1000,"httk_measured",0,1,1,"default_1uM",NA,NA,NA,NA,NA
"Digoxin","20830-75-5","DTXSID5022934",1.263,780.9," ","7.15,13,13.6,14,14.3,14.7",0,NA,0.7,0.96,780.9,1.263,0.7,0.96,0,5.24874612947642,TRUE,5.24874612947642,"RF_imputed_chem.physical_and_invitro.data",0,1,1,"default_1uM",NA,NA,NA,NA,NA
"Methotrexate","59-05-2","DTXSID4020822",-1.847,454.4,"1.8,0.03","3.26,4.11",0,0.9997,0.432,0.71,454.4,-1.847,0.432,0.71,0,5.49611726821344,TRUE,5.49611726821344,"RF_imputed_chem.physical_and_invitro.data",0,1,1,"default_1uM",NA,NA,NA,NA,NA
"Nicotine","54-11-5","DTXSID1020930",1.171,162.2,"8.58,2.7"," ",4.44,0,0.406,0.8238,162.2,1.171,0.406,0.8238,4.44,5.92743587708307,FALSE,4.44,"httk_measured",0,1,1,"default_1uM",NA,NA,NA,NA,NA
"Tetracycline","60-54-8","DTXSID7023645",-1.295,444.4,"5.36","7.27,8.57,11.6,13,14.4",0,0.9998,0.468,1.7,444.4,-1.295,0.468,1.7,0,3.78825022193397,TRUE,3.78825022193397,"RF_imputed_chem.physical_and_invitro.data",0,1,1,"default_1uM",NA,NA,NA,NA,NA
"Valproic acid","99-66-1","DTXSID6023733",2.748,144.2," ","5.14",0.4366,NA,0.214,0.74,144.2,2.748,0.214,0.74,0.4366,2.45814196580452,FALSE,0.4366,"httk_measured",0,1,1,"default_1uM",NA,NA,NA,NA,NA
"Busulphan","55-98-1","DTXSID3020910",-0.5186,246.3," "," ",1.39,NA,1,NA,246.3,-0.5186,1,NA,1.39,2.46898841346579,FALSE,1.39,"httk_measured",0,1,1,"default_1uM",NA,NA,NA,NA,NA
"Chlorambucil","305-03-3","DTXSID7020263",1.707,304.2,"1.72","4.46",44,NA,0.01,NA,304.2,1.707,0.01,NA,44,24.5877270372963,FALSE,44,"httk_measured",0,1,1,"default_1uM",NA,NA,NA,NA,NA
"Chloramphenicol","56-75-7","DTXSID7020265",1.139,323.1," ","8.69,13.6",0.723,NA,0.34,NA,323.1,1.139,0.34,NA,0.723,1.78301965669563,FALSE,0.723,"httk_measured",0,1,1,"default_1uM",NA,NA,NA,NA,NA
"Ciprofloxacin","85721-33-1","DTXSID8022824",0.2801,331.3,"8.68","5.76",4.17,NA,0.7,1.07,331.3,0.2801,0.7,1.07,4.17,3.75619275779494,FALSE,4.17,"httk_measured",0,1,1,"default_1uM",NA,NA,NA,NA,NA
"Colchicine","64-86-8","DTXSID5024845",1.3,399.4," "," ",0.698,NA,0.61,NA,399.4,1.3,0.61,NA,0.698,1.61668082535412,FALSE,0.698,"httk_measured",0,1,1,"default_1uM",NA,NA,NA,NA,NA
"Dapsone","80-08-0","DTXSID4020371",0.9717,248.3,"2.39,1.57"," ",0,0.9066,0.295,1.04,248.3,0.9717,0.295,1.04,0,3.3565323568227,TRUE,3.3565323568227,"RF_imputed_chem.physical_and_invitro.data",0,1,1,"default_1uM",NA,NA,NA,NA,NA
"Didanosine","69655-05-6","DTXSID6022927",-1.238,236.2,"0.6","8.93,14.7",0,0.9994,0.951,1.08,236.2,-1.238,0.951,1.08,0,4.65393046159734,TRUE,4.65393046159734,"RF_imputed_chem.physical_and_invitro.data",0,1,1,"default_1uM",NA,NA,NA,NA,NA
"Edaravone","89-25-8","DTXSID9021130",1.783,174.2," ","14.6",2,NA,0.89,NA,174.2,1.783,0.89,NA,2,3.28487971747745,FALSE,2,"httk_measured",0,1,1,"default_1uM",NA,NA,NA,NA,NA
"Estradiol","50-28-2","DTXSID0020573",3.909,272.4," ","10.3",56.9,0,4.95e-06,NA,272.4,3.909,4.95e-06,NA,56.9,62.916934339213,FALSE,56.9,"httk_measured",0,1,1,"default_1uM",NA,NA,NA,NA,NA
"Finasteride","98319-26-7","DTXSID3020625",3.03,372.6,"0.16","14.5",4.5,NA,0.095,0.56,372.6,3.03,0.095,0.56,4.5,6.54443227923783,FALSE,4.5,"httk_measured",0,1,1,"default_1uM",NA,NA,NA,NA,NA
"Fluorescein","2321-07-5","DTXSID0038887",2.531,332.3," ","8.72,9.32",0,0.9996,0.151,NA,332.3,2.531,0.151,NA,0,5.90830147508993,TRUE,5.90830147508993,"RF_imputed_chem.physical_and_invitro.data",0,1,1,"default_1uM",NA,NA,NA,NA,NA
"Glipizide","29094-61-9","DTXSID0040676",1.91,445.5,"0.06","4.32,13.9",1.597,NA,0.02,0.55,445.5,1.91,0.02,0.55,1.597,3.77362068693091,FALSE,1.597,"httk_measured",0,1,1,"default_1uM",NA,NA,NA,NA,NA
"Glyburide","10238-21-8","DTXSID0037237",1.786,494," ","4.32,13.7",6.62,NA,0.021,0.56,494,1.786,0.021,0.56,6.62,7.51714753518413,FALSE,6.62,"httk_measured",0,1,1,"default_1uM",NA,NA,NA,NA,NA
"Indomethacin","53-86-1","DTXSID9020740",4.267,357.8," ","3.79",9.35,0,0.0103,NA,357.8,4.267,0.0103,NA,9.35,20.1296101139708,FALSE,9.35,"httk_measured",0,1,1,"default_1uM",NA,NA,NA,NA,NA
"Isoniazide","54-85-3","DTXSID8020755",-0.6985,137.1,"3.35,2.36","13.6",1.11,NA,1,NA,137.1,-0.6985,1,NA,1.11,1.3743551718127,FALSE,1.11,"httk_measured",0,1,1,"default_1uM",NA,NA,NA,NA,NA
"Levonorgestrel","797-63-7","DTXSID3036496",3.067,312.5," "," ",9.89,0,0.0369,NA,312.5,3.067,0.0369,NA,9.89,10.9380448138268,FALSE,9.89,"httk_measured",0,1,1,"default_1uM",NA,NA,NA,NA,NA
"Melatonin","73-31-4","DTXSID1022421",0.6118,232.3," "," ",0,0.9982,0.498,NA,232.3,0.6118,0.498,NA,0,7.30573003197366,TRUE,7.30573003197366,"RF_imputed_chem.physical_and_invitro.data",0,1,1,"default_1uM",NA,NA,NA,NA,NA
"Metronidazole","443-48-1","DTXSID2020892",-0.02363,171.2,"2.33"," ",3,NA,0.96,1.07,171.2,-0.02363,0.96,1.07,3,2.28519381797473,FALSE,3,"httk_measured",6,6.75647991262135,28.2137201529665,"example.toxcast",NA,NA,NA,NA,NA
"Mifepristone","84371-65-3","DTXSID5023322",4.814,429.6,"4.89","12.9",33.2,0,0.0167,NA,429.6,4.814,0.0167,NA,33.2,30.5954165295812,FALSE,33.2,"httk_measured",0,1,1,"default_1uM",NA,NA,NA,NA,NA
"Nitrofurantoin","67-20-9","DTXSID7020972",-0.4691,238.2," ","8.23,13.7",0,0.9984,0.415,0.76,238.2,-0.4691,0.415,0.76,0,5.50373965674004,TRUE,5.50373965674004,"RF_imputed_chem.physical_and_invitro.data",0,1,1,"default_1uM",NA,NA,NA,NA,NA
"Physostigmine","57-47-6","DTXSID3023471",1.58,275.4,"6.59","14.8",1.64,NA,0.64,NA,275.4,1.58,0.64,NA,1.64,2.86291736351514,FALSE,1.64,"httk_measured",0,1,1,"default_1uM",NA,NA,NA,NA,NA
"Quercetin","117-39-5","DTXSID4021218",1.24,302.2," ","7.58,8.9,9.49,12.6,14.8",75.2,0,0.0176,NA,302.2,1.24,0.0176,NA,75.2,27.7943192498508,FALSE,75.2,"httk_measured",0,1,1,"default_1uM",NA,NA,NA,NA,NA
"Thalidomide","50-35-1","DTXSID9022524",0.3288,258.2," ","11.6",4,NA,0.4,NA,258.2,0.3288,0.4,NA,4,6.53288404880906,FALSE,4,"httk_measured",6,0.2730024177255,1.06563988945297,"example.toxcast",NA,NA,NA,NA,NA
"Tolcapone","134308-13-7","DTXSID3023685",2.798,273.2," ","5.44,10.3",22,0,0.0133,NA,273.2,2.798,0.0133,NA,22,18.0234827193508,FALSE,22,"httk_measured",0,1,1,"default_1uM",NA,NA,NA,NA,NA
"Triamcinolone acetonide","76-25-5","DTXSID6021371",2.531,434.5," ","13.4,14",9,NA,0.2,NA,434.5,2.531,0.2,NA,9,7.67872228052271,FALSE,9,"httk_measured",0,1,1,"default_1uM",NA,NA,NA,NA,NA
"Triamterene","396-01-0","DTXSID6021373",0.9803,253.3,"1.86"," ",0,0.9985,0.333,NA,253.3,0.9803,0.333,NA,0,3.913161657043,TRUE,3.913161657043,"RF_imputed_chem.physical_and_invitro.data",0,1,1,"default_1uM",NA,NA,NA,NA,NA
"Hexachlorophene","70-30-4","DTXSID6020690",7.538,406.9," ","5.15,8.79",0,0.9988,8.62e-09,0.8086,406.9,7.538,8.62e-09,0.8086,0,0.619294228547985,TRUE,0.619294228547985,"RF_imputed_chem.physical_and_invitro.data",0,1,1,"default_1uM",NA,NA,NA,NA,NA
"Aminoglutethimide","125-84-8","DTXSID8022589",-1.471,232.3,"4.28","11.7",0.723,NA,0.563,NA,232.3,-1.471,0.563,NA,0.723,2.45827475594113,FALSE,0.723,"httk_measured",0,1,1,"default_1uM",NA,NA,NA,NA,NA
"Aminopterin","54-62-6","DTXSID3022588",-0.05046,440.4,"2.25,1.57","3.38,4.18",0,NA,0.75,NA,440.4,-0.05046,0.75,NA,0,2.34846620538945,TRUE,2.34846620538945,"RF_imputed_chem.physical_and_invitro.data",0,1,1,"default_1uM",NA,NA,NA,NA,NA
"Cycloheximide","66-81-9","DTXSID6024882",0.5478,281.4," ","11.8,14.8",1.74,NA,0.629,NA,281.4,0.5478,0.629,NA,1.74,3.97813948569267,FALSE,1.74,"httk_measured",0,1,1,"default_1uM",NA,NA,NA,NA,NA
"Diethylphthalate","84-66-2","DTXSID7021780",2.444,222.2," "," ",42.5,NA,0.19,NA,222.2,2.444,0.19,NA,42.5,13.3589058241912,FALSE,42.5,"httk_measured",0,1,1,"default_1uM",NA,NA,NA,NA,NA
"Fenpropathrin","39515-41-8","DTXSID0024002",5.698,349.4," ","10.6",19.7,0,0.00458,NA,349.4,5.698,0.00458,NA,19.7,21.5447059803881,FALSE,19.7,"httk_measured",0,1,1,"default_1uM",NA,NA,NA,NA,NA
"Fenvalerate","67614-33-9","DTXSID3020621",6.2,419.9," ","10.6",0.766,NA,0.005,NA,419.9,6.2,0.005,NA,0.766,11.4557864284548,FALSE,0.766,"httk_measured",0,1,1,"default_1uM",NA,NA,NA,NA,NA
"Gibberellic_acid","77-06-5","DTXSID0020656",0.2422,346.4," ","4.16,14.1",0,NA,0.24,NA,346.4,0.2422,0.24,NA,0,3.58639182045922,TRUE,3.58639182045922,"RF_imputed_chem.physical_and_invitro.data",0,1,1,"default_1uM",NA,NA,NA,NA,NA
"Nalidixic_acid","389-08-2","DTXSID3020912",1.59,232.2,"4.68","5.95",1.1,NA,0.749,NA,232.2,1.59,0.749,NA,1.1,1.94871315367956,FALSE,1.1,"httk_measured",0,1,1,"default_1uM",NA,NA,NA,NA,NA
"Strychnine","57-24-9","DTXSID6023600",1.929,334.4,"9.27"," ",2,NA,0.457,NA,334.4,1.929,0.457,NA,2,3.18290201192278,FALSE,2,"httk_measured",0,1,1,"default_1uM",NA,NA,NA,NA,NA
"Dibutylphthalate","84-74-2","DTXSID2021781",4.609,278.3," "," ",42.5,NA,0.028,NA,278.3,4.609,0.028,NA,42.5,25.3544396064155,FALSE,42.5,"httk_measured",0,1,1,"default_1uM",NA,NA,NA,NA,NA
"Gemfibrozil","25812-30-0","DTXSID0020652",4.431,250.3," ","4.42",52.18,NA,0.03,0.55,250.3,4.431,0.03,0.55,52.18,32.3530794935596,FALSE,52.18,"httk_measured",0,1,1,"default_1uM",NA,NA,NA,NA,NA
"Hydrochlorothiazide","58-93-5","DTXSID2020713",-0.07002,297.7," ","9.09,9.83,11.3",0,0.9977,0.274,1.7,297.7,-0.07002,0.274,1.7,0,6.45033004772957,TRUE,6.45033004772957,"RF_imputed_chem.physical_and_invitro.data",0,1,1,"default_1uM",NA,NA,NA,NA,NA
"1,2,3,4,5,6-hexachlorocyclohexane","608-73-1","DTXSID7020687",3.719,290.8," "," ",0,0.8111,0.0174,NA,290.8,3.719,0.0174,NA,0,26.034989696839,TRUE,26.034989696839,"RF_imputed_chem.physical_and_invitro.data",0,1,1,"default_1uM",NA,NA,NA,NA,NA
"1,3-dinitrobenzene","99-65-0","DTXSID9024065",1.492,168.1," "," ",0,0.9989,0.391,NA,168.1,1.492,0.391,NA,0,11.2219690649846,TRUE,11.2219690649846,"RF_imputed_chem.physical_and_invitro.data",28,0.841656436904279,24.8461435089418,"example.toxcast",NA,NA,NA,NA,NA
"Daidzein","486-66-8","DTXSID9022310",3.243,254.2," ","6.48,8.96",15.4,0,0.0553,NA,254.2,3.243,0.0553,NA,15.4,26.4105701081616,FALSE,15.4,"httk_measured",0,1,1,"default_1uM",NA,NA,NA,NA,NA
"Tamoxifen citrate","54965-24-1","DTXSID8021301",0.8373,563.6,"8.76"," ",0,0.878,0.0012,NA,563.6,0.8373,0.0012,NA,0,12.6352274410106,TRUE,12.6352274410106,"RF_imputed_chem.physical_and_invitro.data",0,1,1,"default_1uM",NA,NA,NA,NA,NA
"Meso-hexestrol","84-16-2","DTXSID2022381",4.274,270.4," ","9.93,10.5",0,0.4102,0.00772,NA,270.4,4.274,0.00772,NA,0,18.993605984767,TRUE,18.993605984767,"RF_imputed_chem.physical_and_invitro.data",0,1,1,"default_1uM",NA,NA,NA,NA,NA
"4-chloro-3-methylphenol","59-50-7","DTXSID4021717",3.091,142.6," ","9.08",0,0.9963,0.0723,NA,142.6,3.091,0.0723,NA,0,12.4652415094714,TRUE,12.4652415094714,"RF_imputed_chem.physical_and_invitro.data",0,1,1,"default_1uM",NA,NA,NA,NA,NA
"Estrone","53-16-7","DTXSID4022367",3.132,270.4," ","10.3",0,0.8335,0.0308,NA,270.4,3.132,0.0308,NA,0,16.8109949831719,TRUE,16.8109949831719,"RF_imputed_chem.physical_and_invitro.data",0,1,1,"default_1uM",NA,NA,NA,NA,NA
"Kaempferol","520-18-3","DTXSID7020768",2.158,286.2," ","7.59,9.01,9.65,14.4",95.7,NA,0.02973,NA,286.2,2.158,0.02973,NA,95.7,30.0913516686828,FALSE,95.7,"httk_measured",0,1,1,"default_1uM",NA,NA,NA,NA,NA
"Zearalenone","17924-92-4","DTXSID0021460",3.745,318.4," ","8.54,10.4",209,0,0.004899,NA,318.4,3.745,0.004899,NA,209,67.7210153156248,FALSE,209,"httk_measured",0,1,1,"default_1uM",NA,NA,NA,NA,NA
"5alpha-dihydrotestosterone","521-18-6","DTXSID9022364",3.551,290.4," "," ",70.7,0,0.0313,NA,290.4,3.551,0.0313,NA,70.7,35.4316233664074,FALSE,70.7,"httk_measured",0,1,1,"default_1uM",NA,NA,NA,NA,NA
"Apigenin","520-36-5","DTXSID6022391",3.02,270.2," ","6.57,8.07,8.83",138,0,9.57e-05,NA,270.2,3.02,9.57e-05,NA,138,87.056142400556,FALSE,138,"httk_measured",0,1,1,"default_1uM",NA,NA,NA,NA,NA
"Trimethyl phosphate","512-56-1","DTXSID1021403",-0.6486,140.1," "," ",3.43,NA,1.084,NA,140.1,-0.6486,1.084,NA,3.43,3.11235270188771,FALSE,3.43,"httk_measured",0,1,1,"default_1uM",NA,NA,NA,NA,NA
"Nordihydroguaiaretic acid","500-38-9","DTXSID5022437",3.091,302.4," ","9.21,9.81,12.7,13.3",270,0,7.14e-08,NA,302.4,3.091,7.14e-08,NA,270,157.813957187559,FALSE,270,"httk_measured",0,1,1,"default_1uM",NA,NA,NA,NA,NA
"2,2'-bisphenol f","2467-02-9","DTXSID4022446",3.4,200.2," ","8.26,11.9",83.5,0,0.041,NA,200.2,3.4,0.041,NA,83.5,52.3004173588037,FALSE,83.5,"httk_measured",0,1,1,"default_1uM",NA,NA,NA,NA,NA
"2-ethylhexylparaben","5153-25-3","DTXSID4022525",4.101,250.3," ","8.5",128,NA,0.01318,NA,250.3,4.101,0.01318,NA,128,53.2104419159955,FALSE,128,"httk_measured",0,1,1,"default_1uM",NA,NA,NA,NA,NA
"Caprolactam","105-60-2","DTXSID4020240",-1.193,113.2," ","15",0,0.9996,0.761,NA,113.2,-1.193,0.761,NA,0,1.74341091273436,TRUE,1.74341091273436,"RF_imputed_chem.physical_and_invitro.data",0,1,1,"default_1uM",NA,NA,NA,NA,NA
"2,4,5-trichlorophenoxyacetic acid","93-76-5","DTXSID5021388",3.31,255.5," ","2.56",0,0.9983,0.0127,NA,255.5,3.31,0.0127,NA,0,27.2113778469534,TRUE,27.2113778469534,"RF_imputed_chem.physical_and_invitro.data",0,1,1,"default_1uM",NA,NA,NA,NA,NA
"Clodinafop-propargyl","105512-06-9","DTXSID6032354",3.899,349.7," "," ",1010,0,0.0148,NA,349.7,3.899,0.0148,NA,1010,156.880206142598,FALSE,1010,"httk_measured",0,1,1,"default_1uM",NA,NA,NA,NA,NA
"2,4-dihydroxybenzophenone","131-56-6","DTXSID8022406",2.595,214.2," ","7.09,8.72",39.3,0,0.0113,NA,214.2,2.595,0.0113,NA,39.3,23.6874425848444,FALSE,39.3,"httk_measured",0,1,1,"default_1uM",NA,NA,NA,NA,NA
"Norethindrone","68-22-4","DTXSID9023380",2.97,298.4," "," ",0,0.5147,0.0516,NA,298.4,2.97,0.0516,NA,0,11.9015950402145,TRUE,11.9015950402145,"RF_imputed_chem.physical_and_invitro.data",0,1,1,"default_1uM",NA,NA,NA,NA,NA
"17-methyltestosterone","58-18-4","DTXSID1033664",3.361,302.5," "," ",12.7,0,0.0329,NA,302.5,3.361,0.0329,NA,12.7,17.5385311024447,FALSE,12.7,"httk_measured",0,1,1,"default_1uM",NA,NA,NA,NA,NA
"4,4'-sulfonyldiphenol","80-09-1","DTXSID3022409",-0.1034,250.3," ","7.42,8.03",0,0.9922,0.0576,NA,250.3,-0.1034,0.0576,NA,0,5.2434167615729,TRUE,5.2434167615729,"RF_imputed_chem.physical_and_invitro.data",0,1,1,"default_1uM",NA,NA,NA,NA,NA
"Tris(2-chloroethyl) phosphate","115-96-8","DTXSID5021411",1.441,285.5," "," ",0,0.1746,0.44,NA,285.5,1.441,0.44,NA,0,3.0286729458682,TRUE,3.0286729458682,"RF_imputed_chem.physical_and_invitro.data",0,1,1,"default_1uM",NA,NA,NA,NA,NA
"Benzylparaben","94-18-8","DTXSID9022526",3.556,228.2," ","8.5",633,0,0.00674,NA,228.2,3.556,0.00674,NA,633,166.719149289153,FALSE,633,"httk_measured",0,1,1,"default_1uM",NA,NA,NA,NA,NA
"Triphenylphosphine oxide","791-28-6","DTXSID2022121",2.835,278.3," "," ",0,0.9996,0.101,NA,278.3,2.835,0.101,NA,0,16.4626487899935,TRUE,16.4626487899935,"RF_imputed_chem.physical_and_invitro.data",0,1,1,"default_1uM",NA,NA,NA,NA,NA
"(6)-gingerol","23513-14-6","DTXSID3041035",3.431,294.4," ","9.95",146,0,0.141,NA,294.4,3.431,0.141,NA,146,35.5170678188795,FALSE,146,"httk_measured",0,1,1,"default_1uM",NA,NA,NA,NA,NA
"1-benzylquinolinium chloride","15619-48-4","DTXSID8044593",0.4384,255.8," "," ",7.31,0,0.599,NA,255.8,0.4384,0.599,NA,7.31,6.55151315691,FALSE,7.31,"httk_measured",0,1,1,"default_1uM",NA,NA,NA,NA,NA
"1-dodecyl-2-pyrrolidinone","2687-96-9","DTXSID4042206",4.203,253.4," "," ",19.1,0,0.0125,NA,253.4,4.203,0.0125,NA,19.1,25.8069103938793,FALSE,19.1,"httk_measured",0,1,1,"default_1uM",NA,NA,NA,NA,NA
"1-naphthol","90-15-3","DTXSID6021793",2.85,144.2," ","9.6",0,0.9244,0.0682,NA,144.2,2.85,0.0682,NA,0,21.6757658137038,TRUE,21.6757658137038,"RF_imputed_chem.physical_and_invitro.data",0,1,1,"default_1uM",NA,NA,NA,NA,NA
"1,2-dimethyl-3-nitrobenzene","83-41-0","DTXSID7025132",2.83,151.2," "," ",523,0,3.21e-08,NA,151.2,2.83,3.21e-08,NA,523,180.389493867256,FALSE,523,"httk_measured",0,1,1,"default_1uM",NA,NA,NA,NA,NA
"1,2,3-benzotriazole","95-14-7","DTXSID6020147",1.439,119.1,"0.56","8.63",0,0.9999,0.287,NA,119.1,1.439,0.287,NA,0,10.2689190413459,TRUE,10.2689190413459,"RF_imputed_chem.physical_and_invitro.data",0,1,1,"default_1uM",NA,NA,NA,NA,NA
"1,4-bis(n-isopropylamino)anthraquinone","14233-37-5","DTXSID2041250",3.459,322.4,"4.71,1.81"," ",0,0.9994,0.00728,NA,322.4,3.459,0.00728,NA,0,45.3729549887361,TRUE,45.3729549887361,"RF_imputed_chem.physical_and_invitro.data",0,1,1,"default_1uM",NA,NA,NA,NA,NA
"17alpha-estradiol","57-91-0","DTXSID8022377",3.909,272.4," ","10.3",55.6,0,3.98e-05,NA,272.4,3.909,3.98e-05,NA,55.6,63.2698385554076,FALSE,55.6,"httk_measured",0,1,1,"default_1uM",NA,NA,NA,NA,NA
"17beta-trenbolone","10161-33-8","DTXSID0034192",2.948,270.4," "," ",37.4,0,0.0999,NA,270.4,2.948,0.0999,NA,37.4,21.6255201088533,FALSE,37.4,"httk_measured",0,1,1,"default_1uM",NA,NA,NA,NA,NA
"2',4',5',7'-tetrabromofluorescein","15086-94-9","DTXSID3044590",5.861,647.9," ","6,6.61",0,0.9764,0.003,NA,647.9,5.861,0.003,NA,0,12.4340089267776,TRUE,12.4340089267776,"RF_imputed_chem.physical_and_invitro.data",0,1,1,"default_1uM",NA,NA,NA,NA,NA
"2-(4-hydroxybenzyl)phenol","2467-03-0","DTXSID2044890",3.15,200.2," ","9.8,10.4",56.8,0,0.0426,NA,200.2,3.15,0.0426,NA,56.8,32.2364175766778,FALSE,56.8,"httk_measured",0,1,1,"default_1uM",NA,NA,NA,NA,NA
"2-(thiocyanomethylthio)benzothiazole","21564-17-0","DTXSID6032647",3.299,238.3,"1.02"," ",0,0.346,0.331,NA,238.3,3.299,0.331,NA,0,16.8590678644619,TRUE,16.8590678644619,"RF_imputed_chem.physical_and_invitro.data",0,1,1,"default_1uM",NA,NA,NA,NA,NA
"2-[4-(diethylamino)-2-hydroxybenzoyl]benzoic acid","5809-23-4","DTXSID4027604",3.279,313.4,"3.09","3.72,7.32",2,0,0.00517,NA,313.4,3.279,0.00517,NA,2,8.31384450111218,FALSE,2,"httk_measured",0,1,1,"default_1uM",NA,NA,NA,NA,NA
"2-amino-5-azotoluene","97-56-3","DTXSID1020069",3.783,225.3,"2.99,0.5"," ",6.89,0,0.00696,NA,225.3,3.783,0.00696,NA,6.89,19.3139699361006,FALSE,6.89,"httk_measured",0,1,1,"default_1uM",NA,NA,NA,NA,NA
"2-aminoanthraquinone","117-79-3","DTXSID6020068",3.307,223.2,"2.04"," ",30.8,0,0.0305,NA,223.2,3.307,0.0305,NA,30.8,27.5216731332701,FALSE,30.8,"httk_measured",0,1,1,"default_1uM",NA,NA,NA,NA,NA
"2-chloro-4-phenylphenol","92-04-6","DTXSID0022353",4.165,204.6," ","7.88",0,0.4811,1.17e-08,NA,204.6,4.165,1.17e-08,NA,0,45.8780518331106,TRUE,45.8780518331106,"RF_imputed_chem.physical_and_invitro.data",0,1,1,"default_1uM",NA,NA,NA,NA,NA
"2-chloro-n-phenylacetamide","587-65-5","DTXSID3041409",1.63,169.6," ","13.5",38.9,0,0.401,NA,169.6,1.63,0.401,NA,38.9,13.6784138972465,FALSE,38.9,"httk_measured",0,1,1,"default_1uM",NA,NA,NA,NA,NA
"2-ethyl-3-hydroxy-4h-pyran-4-one","4940-11-8","DTXSID5041516",0.6281,140.1," ","9.53",81,0,0.606,NA,140.1,0.6281,0.606,NA,81,35.447325600549,FALSE,81,"httk_measured",0,1,1,"default_1uM",NA,NA,NA,NA,NA
"2-hydroxy-4-methoxybenzophenone","131-57-7","DTXSID3022405",3.785,228.2," ","7.07",15.7,0,0.00952,NA,228.2,3.785,0.00952,NA,15.7,19.0093703117822,FALSE,15.7,"httk_measured",0,1,1,"default_1uM",NA,NA,NA,NA,NA
"2-mercaptobenzimidazole","583-39-1","DTXSID9025536",1.66,150.2," ","9.77,14.2",0,0.9947,0.4,NA,150.2,1.66,0.4,NA,0,18.0183458553963,TRUE,18.0183458553963,"RF_imputed_chem.physical_and_invitro.data",0,1,1,"default_1uM",NA,NA,NA,NA,NA
"2-mercaptobenzothiazole","149-30-4","DTXSID1020807",2.418,167.2,"1.26","7.46",37.3,0,0.0215,NA,167.2,2.418,0.0215,NA,37.3,31.9176286649657,FALSE,37.3,"httk_measured",0,1,1,"default_1uM",NA,NA,NA,NA,NA
"2-methoxy-4-propylphenol","2785-87-7","DTXSID2047199",2.648,166.2," ","10.3",24.6,0,0.0707,NA,166.2,2.648,0.0707,NA,24.6,21.648183553272,FALSE,24.6,"httk_measured",0,1,1,"default_1uM",NA,NA,NA,NA,NA
"2-methoxyphenol","90-05-1","DTXSID0023113",1.32,124.1," ","9.98",44.9,0,0.569,NA,124.1,1.32,0.569,NA,44.9,22.8581571181284,FALSE,44.9,"httk_measured",0,1,1,"default_1uM",NA,NA,NA,NA,NA
"2-methylaniline","95-53-4","DTXSID1026164",1.322,107.2,"4.48"," ",0,0.994,0.713,NA,107.2,1.322,0.713,NA,0,5.19371356169018,TRUE,5.19371356169018,"RF_imputed_chem.physical_and_invitro.data",0,1,1,"default_1uM",NA,NA,NA,NA,NA
"2-tert-butyl-4-ethylphenol","96-70-8","DTXSID4044581",3.812,178.3," ","10.9",102,0,0.0454,NA,178.3,3.812,0.0454,NA,102,62.0037528040215,FALSE,102,"httk_measured",0,1,1,"default_1uM",NA,NA,NA,NA,NA
"2-tert-butyl-4-methylphenol","2409-55-4","DTXSID2020212",3.433,164.2," ","11",20.9,0,0.0272,NA,164.2,3.433,0.0272,NA,20.9,27.008376356595,FALSE,20.9,"httk_measured",0,1,1,"default_1uM",NA,NA,NA,NA,NA
"2-tert-butyl-5-methylphenol","88-60-8","DTXSID2026529",3.343,164.2," ","10.7",36,0,0.0264,NA,164.2,3.343,0.0264,NA,36,31.1874445204923,FALSE,36,"httk_measured",0,1,1,"default_1uM",NA,NA,NA,NA,NA
"2-tert-butylphenol","88-18-6","DTXSID2026525",3.31,150.2," ","10.6",59.7,0,0.000115,NA,150.2,3.31,0.000115,NA,59.7,55.5014433758815,FALSE,59.7,"httk_measured",0,1,1,"default_1uM",NA,NA,NA,NA,NA
"2,2'-methylenebis(4-methyl-6-tert-butylphenol)","119-47-1","DTXSID4020870",6.251,340.5," ","9.21,11.1",22.4,0,2.14e-08,NA,340.5,6.251,2.14e-08,NA,22.4,35.9949401834665,FALSE,22.4,"httk_measured",0,1,1,"default_1uM",NA,NA,NA,NA,NA
"2,2'-methylenebis(ethyl-6-tert-butylphenol)","88-24-4","DTXSID7038864",7.47,368.6," ","9.18,11",0,0.9952,0.00513,NA,368.6,7.47,0.00513,NA,0,2.65062545354072,TRUE,2.65062545354072,"RF_imputed_chem.physical_and_invitro.data",0,1,1,"default_1uM",NA,NA,NA,NA,NA
"2,2',4,4'-tetrahydroxybenzophenone","131-55-5","DTXSID5041306",2.598,246.2," ","6.75,7.38,8.45,9.05",19.2,0,0.0354,NA,246.2,2.598,0.0354,NA,19.2,15.2378575227417,FALSE,19.2,"httk_measured",0,1,1,"default_1uM",NA,NA,NA,NA,NA
"2,2',6,6'-tetrachlorobisphenol a","79-95-8","DTXSID3021770",7.151,366.1," ","6.27,6.88",18.7,0,0.00598,NA,366.1,7.151,0.00598,NA,18.7,4.92774905168765,FALSE,18.7,"httk_measured",357,1.02696470419096,22.3872113856834,"example.toxcast",NA,NA,NA,NA,NA
"2,2,4-trimethyl-1,3-pentanediol diisobutyrate","6846-50-0","DTXSID1027635",4.777,286.4," "," ",9.95,0,9.42e-07,NA,286.4,4.777,9.42e-07,NA,9.95,22.9723519897095,FALSE,9.95,"httk_measured",0,1,1,"default_1uM",NA,NA,NA,NA,NA
"2,3-dihydro-2,2-dimethyl-7-benzofuranol","1563-38-8","DTXSID2027414",2.083,164.2," ","10",0,0.9986,0.364,NA,164.2,2.083,0.364,NA,0,15.2083899504101,TRUE,15.2083899504101,"RF_imputed_chem.physical_and_invitro.data",0,1,1,"default_1uM",NA,NA,NA,NA,NA
"2,3,4-trihydroxbenzophenone","1143-72-2","DTXSID6037728",2.833,230.2," ","7.32,8.9,13",94.1,0,0.0185,NA,230.2,2.833,0.0185,NA,94.1,36.2784183286214,FALSE,94.1,"httk_measured",0,1,1,"default_1uM",NA,NA,NA,NA,NA
"2,3,6-trimethylphenol","2416-94-6","DTXSID6022187",2.671,136.2," ","10.8",106,0,0.0908,NA,136.2,2.671,0.0908,NA,106,57.425064968136,FALSE,106,"httk_measured",0,1,1,"default_1uM",NA,NA,NA,NA,NA
"2,4-di-tert-butylphenol","96-76-4","DTXSID2026602",5.186,206.3," ","10.9",2.52,0,0.144,NA,206.3,5.186,0.144,NA,2.52,3.87960269158428,FALSE,2.52,"httk_measured",0,1,1,"default_1uM",NA,NA,NA,NA,NA
"2,4,4'-trihydroxybenzophenone","1470-79-7","DTXSID8044836",2.707,230.2," ","7.01,7.87,8.79",21.1,0,0.0196,NA,230.2,2.707,0.0196,NA,21.1,24.3830944858608,FALSE,21.1,"httk_measured",0,1,1,"default_1uM",NA,NA,NA,NA,NA
"2,4,6-trimethylphenol","527-60-6","DTXSID7022049",2.729,136.2," ","11.1",163,0,0.109,NA,136.2,2.729,0.109,NA,163,62.1364439169885,FALSE,163,"httk_measured",0,1,1,"default_1uM",NA,NA,NA,NA,NA
"2,5-bis(2-methylbutan-2-yl)benzene-1,4-diol","79-74-3","DTXSID5044992",4.911,250.4," ","10.3,12.2",11.4,0,0.0166,NA,250.4,4.911,0.0166,NA,11.4,14.4288881017196,FALSE,11.4,"httk_measured",0,1,1,"default_1uM",NA,NA,NA,NA,NA
"2,5-di-tert-butylbenzene-1,4-diol","88-58-4","DTXSID8041248",4.59,222.3," ","10.4,12.2",117,0,1.83e-07,NA,222.3,4.59,1.83e-07,NA,117,76.375155388919,FALSE,117,"httk_measured",0,1,1,"default_1uM",NA,NA,NA,NA,NA
"2,6,10-trimethyl-2,6,10-triazaundecane","3855-32-1","DTXSID1044564",0.2133,201.4,"9.92,8.9,5.88"," ",0,0.9998,0.0383,NA,201.4,0.2133,0.0383,NA,0,13.9338483377088,TRUE,13.9338483377088,"RF_imputed_chem.physical_and_invitro.data",0,1,1,"default_1uM",NA,NA,NA,NA,NA
"3-chloro-4-methylaniline","95-74-9","DTXSID0020286",1.926,141.6,"3.98"," ",65.3,0,0.145,NA,141.6,1.926,0.145,NA,65.3,36.4720858090335,FALSE,65.3,"httk_measured",0,1,1,"default_1uM",NA,NA,NA,NA,NA
"3-dimethylaminophenol","99-07-0","DTXSID0025101",1.561,137.2,"3.94","9.78",0,0.8405,0.242,NA,137.2,1.561,0.242,NA,0,12.413928905785,TRUE,12.413928905785,"RF_imputed_chem.physical_and_invitro.data",0,1,1,"default_1uM",NA,NA,NA,NA,NA
"3-iodo-2-propynyl-n-butylcarbamate","55406-53-6","DTXSID0028038",2.091,281.1," ","14.4",486,0,0.719,NA,281.1,2.091,0.719,NA,486,45.4284127925953,FALSE,486,"httk_measured",0,1,1,"default_1uM",NA,NA,NA,NA,NA
"3-isopropylphenol","618-45-1","DTXSID0044571",3.015,136.2," ","10.1",19.9,0,0.14,NA,136.2,3.015,0.14,NA,19.9,17.2369432440064,FALSE,19.9,"httk_measured",0,1,1,"default_1uM",NA,NA,NA,NA,NA
"3-methylaniline","108-44-1","DTXSID1026792",1.4,107.2,"4.86"," ",32.9,0.00074,0.549,NA,107.2,1.4,0.549,NA,32.9,20.6048706211487,FALSE,32.9,"httk_measured",0,1,1,"default_1uM",NA,NA,NA,NA,NA
"3-tert-butylphenol","585-34-2","DTXSID9044825",3.301,150.2," ","10.1",40.2,0,0.116,NA,150.2,3.301,0.116,NA,40.2,22.0777746694302,FALSE,40.2,"httk_measured",0,1,1,"default_1uM",NA,NA,NA,NA,NA
"3,3'-dimethoxybenzidine dihydrochloride","20325-40-0","DTXSID1020485",-0.2588,317.2,"4.55,3.57"," ",0,0.05006,0.201,NA,317.2,-0.2588,0.201,NA,0,4.48717349677394,TRUE,4.48717349677394,"RF_imputed_chem.physical_and_invitro.data",0,1,1,"default_1uM",NA,NA,NA,NA,NA
"3,3'-dimethylbenzidine dihydrochloride","612-82-8","DTXSID6020511",-0.9007,285.2,"4.58,3.55"," ",25.4,0,0.115,NA,285.2,-0.9007,0.115,NA,25.4,12.7149687074332,FALSE,25.4,"httk_measured",0,1,1,"default_1uM",NA,NA,NA,NA,NA
"3,3',5,5'-tetrabromobisphenol a","79-94-7","DTXSID1026081",6.663,543.9," ","6.57,7.18",50.5,0,0.00107,NA,543.9,6.663,0.00107,NA,50.5,16.7905364017723,FALSE,50.5,"httk_measured",0,1,1,"default_1uM",NA,NA,NA,NA,NA
"3,4-dichloronitrobenzene","99-54-7","DTXSID8024999",3.119,192," "," ",387,0,1.21e-07,NA,192,3.119,1.21e-07,NA,387,194.24013131335,FALSE,387,"httk_measured",0,1,1,"default_1uM",NA,NA,NA,NA,NA
"3,5-dichloroaniline","626-43-7","DTXSID7030307",2.899,162,"2.59"," ",86.1,0,0.0522,NA,162,2.899,0.0522,NA,86.1,62.0429409168965,FALSE,86.1,"httk_measured",0,1,1,"default_1uM",NA,NA,NA,NA,NA
"3,5-dichlorosalicyl-3,4-dichloroanullide","1154-59-2","DTXSID4040767",5.109,351," ","5.95,14.8",0,0.9996,9.31e-09,NA,351,5.109,9.31e-09,NA,0,20.0076887289035,TRUE,20.0076887289035,"RF_imputed_chem.physical_and_invitro.data",0,1,1,"default_1uM",NA,NA,NA,NA,NA
"3,5,3'-triiodothyronine","6893-02-3","DTXSID8023216",3.769,651,"9.48","0.3,8.49",0,0.9907,3.46e-05,NA,651,3.769,3.46e-05,NA,0,12.6831361751202,TRUE,12.6831361751202,"RF_imputed_chem.physical_and_invitro.data",0,1,1,"default_1uM",NA,NA,NA,NA,NA
"4-(2-phenylpropan-2-yl)-n-[4-(2-phenylpropan-2-yl)phenyl]aniline","10081-67-1","DTXSID0027721",9.246,405.6,"0.95"," ",0,0.9972,3.09e-08,NA,405.6,9.246,3.09e-08,NA,0,1.43878890736062,TRUE,1.43878890736062,"RF_imputed_chem.physical_and_invitro.data",0,1,1,"default_1uM",NA,NA,NA,NA,NA
"4-(hexyloxy)phenol","18979-55-0","DTXSID4048195",3.355,194.3," ","9.93",83.6,0,0.00077,NA,194.3,3.355,0.00077,NA,83.6,66.9713977226358,FALSE,83.6,"httk_measured",0,1,1,"default_1uM",NA,NA,NA,NA,NA
"4-aminobenzoic acid","150-13-0","DTXSID6024466",0.8241,137.1,"2.69","4.77",0,0.9409,0.766,NA,137.1,0.8241,0.766,NA,0,4.10041972198765,TRUE,4.10041972198765,"RF_imputed_chem.physical_and_invitro.data",0,1,1,"default_1uM",NA,NA,NA,NA,NA
"4-anilinophenol","122-37-2","DTXSID5037739",2.822,185.2,"2.17","9.97",75.1,0,0.0582,NA,185.2,2.822,0.0582,NA,75.1,31.5359024121497,FALSE,75.1,"httk_measured",0,1,1,"default_1uM",NA,NA,NA,NA,NA
"4-butylaniline","104-13-2","DTXSID8021856",3.048,149.2,"4.91"," ",26.4,0,0.0599,NA,149.2,3.048,0.0599,NA,26.4,23.9648310046765,FALSE,26.4,"httk_measured",0,1,1,"default_1uM",NA,NA,NA,NA,NA
"4-butyloxyaniline","4344-55-2","DTXSID4048199",1.459,165.2,"5.17"," ",28.4,0,0.165,NA,165.2,1.459,0.165,NA,28.4,20.5591989488317,FALSE,28.4,"httk_measured",0,1,1,"default_1uM",NA,NA,NA,NA,NA
"4-butylphenol","1638-22-8","DTXSID3047425",3.647,150.2," ","10.3",127,0,0.0358,NA,150.2,3.647,0.0358,NA,127,72.1909697782565,FALSE,127,"httk_measured",0,1,1,"default_1uM",NA,NA,NA,NA,NA
"4-chloro-1,2-diaminobenzene","95-83-0","DTXSID5020283",1.277,142.6,"3.6"," ",31.6,0,0.373,NA,142.6,1.277,0.373,NA,31.6,24.958545742633,FALSE,31.6,"httk_measured",0,1,1,"default_1uM",NA,NA,NA,NA,NA
"4-chloroanulline","106-47-8","DTXSID9020295",1.832,127.6,"3.49"," ",0,0.9529,0.264,NA,127.6,1.832,0.264,NA,0,8.67685577403313,TRUE,8.67685577403313,"RF_imputed_chem.physical_and_invitro.data",0,1,1,"default_1uM",NA,NA,NA,NA,NA
"4-cumylphenol","599-64-4","DTXSID3022536",3.691,212.3," ","10.1",27.2,0,0.0231,NA,212.3,3.691,0.0231,NA,27.2,34.839918124475,FALSE,27.2,"httk_measured",0,1,1,"default_1uM",NA,NA,NA,NA,NA
"4-ethoxyaniline","156-43-4","DTXSID0025864",1.238,137.2,"5.13"," ",13.8,0,0.485,NA,137.2,1.238,0.485,NA,13.8,14.5869800393284,FALSE,13.8,"httk_measured",0,1,1,"default_1uM",NA,NA,NA,NA,NA
"4-heptylphenol","1987-50-4","DTXSID2037714",4.028,192.3," ","10.3",42.5,0,0.00365,NA,192.3,4.028,0.00365,NA,42.5,40.3267395538486,FALSE,42.5,"httk_measured",0,1,1,"default_1uM",NA,NA,NA,NA,NA
"4-hexylanilline","33228-45-4","DTXSID5040708",4.207,177.3,"4.82"," ",440,0,0.00695,NA,177.3,4.207,0.00695,NA,440,99.8877240961122,FALSE,440,"httk_measured",0,1,1,"default_1uM",NA,NA,NA,NA,NA
"4-hexyloxyanilline","39905-57-2","DTXSID4022288",3.635,193.3,"5.1"," ",79.3,0,0.0252,NA,193.3,3.635,0.0252,NA,79.3,53.4453582566273,FALSE,79.3,"httk_measured",0,1,1,"default_1uM",NA,NA,NA,NA,NA
"4-hydroxy-3-methoxybenzaldehyde","121-33-5","DTXSID0021969",1.193,152.1," ","7.81",234,0,0.322,NA,152.1,1.193,0.322,NA,234,51.3726607132088,FALSE,234,"httk_measured",0,1,1,"default_1uM",NA,NA,NA,NA,NA
"4-hydroxytamoxifen","68392-35-8","DTXSID3037094",5.454,387.5,"8.66","9.45",16,0,0.0153,NA,387.5,5.454,0.0153,NA,16,16.8191527605215,FALSE,16,"httk_measured",0,1,1,"default_1uM",NA,NA,NA,NA,NA
"4-methylbenzophenone","134-84-9","DTXSID9037741",3.306,196.2," "," ",118,0,0.0188,NA,196.2,3.306,0.0188,NA,118,56.7582000205452,FALSE,118,"httk_measured",0,1,1,"default_1uM",NA,NA,NA,NA,NA
"4-nitrophenol","100-02-7","DTXSID0021834",1.912,139.1," ","7.07",14,0.03442,0.141,NA,139.1,1.912,0.141,NA,14,20.2877788824586,FALSE,14,"httk_measured",0,1,1,"default_1uM",NA,NA,NA,NA,NA
"4-nitrosodiphenylamine","156-10-5","DTXSID1021031",3.043,198.2,"2.77"," ",839,0,0.123,NA,198.2,3.043,0.123,NA,839,94.9272648227682,FALSE,839,"httk_measured",0,1,1,"default_1uM",NA,NA,NA,NA,NA
"4-nonylphenol, branched","84852-15-3","DTXSID5029055",5.034,220.2," ","10.3",104,NA,1.41e-07,NA,220.2,5.034,1.41e-07,NA,104,67.5235190528375,FALSE,104,"httk_measured",0,1,1,"default_1uM",NA,NA,NA,NA,NA
"4-pentylaniline","33228-44-3","DTXSID0040707",3.39,163.3,"4.91"," ",18.2,0,0.0234,NA,163.3,3.39,0.0234,NA,18.2,26.6625905721032,FALSE,18.2,"httk_measured",0,1,1,"default_1uM",NA,NA,NA,NA,NA
"4-propylanilline","2696-84-6","DTXSID5048180",2.4,135.2,"4.91"," ",17.3,0,0.136,NA,135.2,2.4,0.136,NA,17.3,15.4726964850929,FALSE,17.3,"httk_measured",0,1,1,"default_1uM",NA,NA,NA,NA,NA
"4-tert-butylaniline","769-92-6","DTXSID0048181",2.7,149.2,"4.82"," ",10.7,0,0.155,NA,149.2,2.7,0.155,NA,10.7,13.4268201309241,FALSE,10.7,"httk_measured",0,1,1,"default_1uM",NA,NA,NA,NA,NA
"4,4'-(9h-fluorene-9,9-diyl)diphenol","3236-71-3","DTXSID5037731",3.674,350.4," ","9.57,10.2",22.4,0,1.24e-08,NA,350.4,3.674,1.24e-08,NA,22.4,24.7928537838257,FALSE,22.4,"httk_measured",0,1,1,"default_1uM",NA,NA,NA,NA,NA
"4,4'-(isopropylidenebis(4,1-phenyleneoxy))dianiline","13080-86-9","DTXSID5051650",6.357,410.5,"4.6,4"," ",0,0.9996,2.48e-08,NA,410.5,6.357,2.48e-08,NA,0,25.3245038375858,TRUE,25.3245038375858,"RF_imputed_chem.physical_and_invitro.data",0,1,1,"default_1uM",NA,NA,NA,NA,NA
"4,4'-methylenebis(2,6-diethylaniline)","13680-35-8","DTXSID4048191",5.139,310.5,"4.3,3.51"," ",8.2,2e-05,0.00874,NA,310.5,5.139,0.00874,NA,8.2,12.8310005799687,FALSE,8.2,"httk_measured",0,1,1,"default_1uM",NA,NA,NA,NA,NA
"4,4'-methylenedianiline","101-77-9","DTXSID6022422",1.589,198.3,"4.83,3.92"," ",3.37,0.00018,0.261,NA,198.3,1.589,0.261,NA,3.37,5.43632120628207,FALSE,3.37,"httk_measured",0,1,1,"default_1uM",NA,NA,NA,NA,NA
"4,4',4''-ethane-1,1,1-triyltriphenol","27955-94-8","DTXSID2037712",3.301,306.4," ","9.49,9.97,10.5",30.8,0,0.0141,NA,306.4,3.301,0.0141,NA,30.8,23.9621138013146,FALSE,30.8,"httk_measured",0,1,1,"default_1uM",NA,NA,NA,NA,NA
"5-amino-2-methylphenol","2835-95-2","DTXSID9024489",0.7676,123.2,"4.48","10.1",16,4e-05,0.604,NA,123.2,0.7676,0.604,NA,16,13.4847227300869,FALSE,16,"httk_measured",0,1,1,"default_1uM",NA,NA,NA,NA,NA
"5hpp-33","105624-86-0","DTXSID1046970",4.28,323.4," ","7.87",47,0,0.0415,NA,323.4,4.28,0.0415,NA,47,27.1000737404003,FALSE,47,"httk_measured",0,1,1,"default_1uM",NA,NA,NA,NA,NA
"6-thioguanine","154-42-7","DTXSID6023652",-0.06896,167.2,"2.6","9.96,13",0,0.4778,0.804,NA,167.2,-0.06896,0.804,NA,0,2.19930560556399,TRUE,2.19930560556399,"RF_imputed_chem.physical_and_invitro.data",0,1,1,"default_1uM",NA,NA,NA,NA,NA
"Acetophenone","98-86-2","DTXSID6021828",1.582,120.2," "," ",0,0.9833,0.326,NA,120.2,1.582,0.326,NA,0,9.60369836805439,TRUE,9.60369836805439,"RF_imputed_chem.physical_and_invitro.data",0,1,1,"default_1uM",NA,NA,NA,NA,NA
"Acetyl tributyl citrate","77-90-7","DTXSID2026446",4.366,402.5," "," ",261,0,0.00942,NA,402.5,4.366,0.00942,NA,261,89.7719225689601,FALSE,261,"httk_measured",0,1,1,"default_1uM",NA,NA,NA,NA,NA
"Acibenzolar-s-methyl","135158-54-2","DTXSID1032519",3.098,210.3," "," ",863,0,0.0232,NA,210.3,3.098,0.0232,NA,863,129.501127666133,FALSE,863,"httk_measured",0,1,1,"default_1uM",NA,NA,NA,NA,NA
"Adriamycin hydrochloride","25316-40-9","DTXSID3030636",1.473,580,"9.93","8,9.93,12.7,13.5,14.1",0,0.9996,0.157,NA,580,1.473,0.157,NA,0,6.63011125089354,TRUE,6.63011125089354,"RF_imputed_chem.physical_and_invitro.data",0,1,1,"default_1uM",NA,NA,NA,NA,NA
"Aldoxycarb","1646-88-4","DTXSID6023862",-0.5679,222.3,"0.67","13.6",0,0.9986,0.948,NA,222.3,-0.5679,0.948,NA,0,2.9409342126931,TRUE,2.9409342126931,"RF_imputed_chem.physical_and_invitro.data",0,1,1,"default_1uM",NA,NA,NA,NA,NA
"Allura red c.i.16035","25956-17-6","DTXSID4024436",2.328,496.4," ","-2.95,-2.38,11.8",0,0.9988,0.0137,NA,496.4,2.328,0.0137,NA,0,9.58581415113365,TRUE,9.58581415113365,"RF_imputed_chem.physical_and_invitro.data",0,1,1,"default_1uM",NA,NA,NA,NA,NA
"Amiodarone hydrochloride","19774-82-4","DTXSID7037185",2.244,681.8,"8.47"," ",4.537,NA,0,NA,681.8,2.244,0,NA,4.537,8.44999990930858,FALSE,4.537,"httk_measured",0,1,1,"default_1uM",NA,NA,NA,NA,NA
"Apomorphine hydrochloride hydrate","41372-20-7","DTXSID0048185",0.1058,625.6,"7.72","9.26,12.7",17.4,8e-05,0.0723,NA,625.6,0.1058,0.0723,NA,17.4,8.14789140600465,FALSE,17.4,"httk_measured",0,1,1,"default_1uM",NA,NA,NA,NA,NA
"Asulam","3337-71-1","DTXSID8023890",-0.2672,230.2,"2.02","3.03",0,0.2283,0.456,NA,230.2,-0.2672,0.456,NA,0,2.46641354857736,TRUE,2.46641354857736,"RF_imputed_chem.physical_and_invitro.data",0,1,1,"default_1uM",NA,NA,NA,NA,NA
"Auramine hydrochloride","2465-27-2","DTXSID9020114",0.5336,303.8,"10.5,3.78,3.07"," ",8.66,0,0.107,NA,303.8,0.5336,0.107,NA,8.66,8.95279196545324,FALSE,8.66,"httk_measured",0,1,1,"default_1uM",NA,NA,NA,NA,NA
"Azamethiphos","35575-96-3","DTXSID9034818",1.05,324.7," "," ",429,0,0.553,NA,324.7,1.05,0.553,NA,429,34.6904706960509,FALSE,429,"httk_measured",0,1,1,"default_1uM",NA,NA,NA,NA,NA
"Azathioprine","446-86-6","DTXSID4020119",0.101,277.3,"2.13","8.62",0,0.8394,0.32,NA,277.3,0.101,0.32,NA,0,4.37799407275109,TRUE,4.37799407275109,"RF_imputed_chem.physical_and_invitro.data",0,1,1,"default_1uM",NA,NA,NA,NA,NA
"Basic blue 7","2390-60-5","DTXSID5038888",2.876,514.2,"5.39,4.18"," ",3.21,0,1.56e-08,NA,514.2,2.876,1.56e-08,NA,3.21,5.13742095757414,FALSE,3.21,"httk_measured",0,1,1,"default_1uM",NA,NA,NA,NA,NA
"Benzocaine","94-09-7","DTXSID8021804",1.86,165.2,"2.78"," ",132,0,0.338,NA,165.2,1.86,0.338,NA,132,32.1346324680159,FALSE,132,"httk_measured",0,1,1,"default_1uM",NA,NA,NA,NA,NA
"Benzyl salicylate","118-58-1","DTXSID1024598",3.106,228.2," ","9.72",841,0,3.35e-08,NA,228.2,3.106,3.35e-08,NA,841,266.873129961497,FALSE,841,"httk_measured",0,1,1,"default_1uM",NA,NA,NA,NA,NA
"Besonprodil","253450-09-8","DTXSID2047270",4.239,402.5,"7.86","9.38",5.31,0,0.0385,NA,402.5,4.239,0.0385,NA,5.31,11.6666519712877,FALSE,5.31,"httk_measured",0,1,1,"default_1uM",NA,NA,NA,NA,NA
"Bicalutamide","90357-06-5","DTXSID2022678",3.477,430.4," ","12,13.8",0,0.9998,0.0323,NA,430.4,3.477,0.0323,NA,0,9.56890423103417,TRUE,9.56890423103417,"RF_imputed_chem.physical_and_invitro.data",0,1,1,"default_1uM",NA,NA,NA,NA,NA
"Biochanin a","491-80-5","DTXSID1022394",3.138,284.3," ","6.55,8.15",230,0,0.0203,NA,284.3,3.138,0.0203,NA,230,47.8637244056437,FALSE,230,"httk_measured",0,1,1,"default_1uM",NA,NA,NA,NA,NA
"Bisdemethoxycurcumin","33171-05-0","DTXSID00872663",3.242,308.3," ","8.7,9.26,10",112,0,3.08e-08,NA,308.3,3.242,3.08e-08,NA,112,82.9880349467688,FALSE,112,"httk_measured",0,1,1,"default_1uM",NA,NA,NA,NA,NA
"Bisphenol af","1478-61-1","DTXSID7037717",4.017,336.2," ","9.13,9.74",125,0,0.00685,NA,336.2,4.017,0.00685,NA,125,100.626349126456,FALSE,125,"httk_measured",0,1,1,"default_1uM",NA,NA,NA,NA,NA
"Bispyribac-sodium","125401-92-5","DTXSID7034383",-1.027,452.4," ","2.94",0,0.9998,0.0106,NA,452.4,-1.027,0.0106,NA,0,6.40209962440338,TRUE,6.40209962440338,"RF_imputed_chem.physical_and_invitro.data",0,1,1,"default_1uM",NA,NA,NA,NA,NA
"Bromocresol green sodium salt","62625-32-5","DTXSID3044704",1.581,720," ","6.58,7.18",0,0.9912,0.00511,NA,720,1.581,0.00511,NA,0,24.2114660573905,TRUE,24.2114660573905,"RF_imputed_chem.physical_and_invitro.data",0,1,1,"default_1uM",NA,NA,NA,NA,NA
"Bromocriptine mesylate","22260-51-1","DTXSID6020197",0.6293,750.7,"6.71","9.69,11.5,15",178,0,0.00955,NA,750.7,0.6293,0.00955,NA,178,60.9436681760457,FALSE,178,"httk_measured",0,1,1,"default_1uM",NA,NA,NA,NA,NA
"C.i. basic red 9 monohydrochloride","569-61-9","DTXSID1021247",-0.8487,323.8,"10.3,3.65,2.89"," ",3.23,0,0.235,NA,323.8,-0.8487,0.235,NA,3.23,4.79502325564229,FALSE,3.23,"httk_measured",0,1,1,"default_1uM",NA,NA,NA,NA,NA
"C.i. disperse orange 37","13301-61-6","DTXSID9044538",3.178,392.2,"2.88"," ",0,0.9972,0.00145,NA,392.2,3.178,0.00145,NA,0,21.581245455267,TRUE,21.581245455267,"RF_imputed_chem.physical_and_invitro.data",0,1,1,"default_1uM",NA,NA,NA,NA,NA
"C.i. solvent orange 7","3118-97-6","DTXSID5040706",4.442,276.3,"0.54","11.8",0,0.9991,2.63e-08,NA,276.3,4.442,2.63e-08,NA,0,38.5492064356777,TRUE,38.5492064356777,"RF_imputed_chem.physical_and_invitro.data",0,1,1,"default_1uM",NA,NA,NA,NA,NA
"C.i. solvent red 49","509-34-2","DTXSID3041744",6.086,442.6,"4.61,4"," ",13.9,0,0.0456,NA,442.6,6.086,0.0456,NA,13.9,12.082264707679,FALSE,13.9,"httk_measured",0,1,1,"default_1uM",NA,NA,NA,NA,NA
"C.i. solvent yellow 14","842-07-9","DTXSID4021135",3.866,248.3," ","11.8",0,0.999,0.00277,NA,248.3,3.866,0.00277,NA,0,40.5887691262043,TRUE,40.5887691262043,"RF_imputed_chem.physical_and_invitro.data",0,1,1,"default_1uM",NA,NA,NA,NA,NA
"C8-18-alkydimethylbenzyl ammonium chlorides","63449-41-2","DTXSID1048122",3.16,276.3," "," ",63.1,0,0.0104,NA,276.3,3.16,0.0104,NA,63.1,32.3457534525862,FALSE,63.1,"httk_measured",0,1,1,"default_1uM",NA,NA,NA,NA,NA
"Carabersat","184653-84-7","DTXSID6047319",3.204,357.4," ","12.7,13.4",0,0.9962,0.187,NA,357.4,3.204,0.187,NA,0,12.8483590267056,TRUE,12.8483590267056,"RF_imputed_chem.physical_and_invitro.data",0,1,1,"default_1uM",NA,NA,NA,NA,NA
"Cariporide mesylate","159138-81-5","DTXSID3047344",0.5727,379.4,"3.71"," ",0,1,0.451,NA,379.4,0.5727,0.451,NA,0,4.00613385922451,TRUE,4.00613385922451,"RF_imputed_chem.physical_and_invitro.data",0,1,1,"default_1uM",NA,NA,NA,NA,NA
"Carminic acid","1260-17-9","DTXSID9022817",0.573,492.4," ","2.22,7.18,9.08,10.2,12.4,12.9",88.8,0.02146,3.85e-08,NA,492.4,0.573,3.85e-08,NA,88.8,33.7579422676557,FALSE,88.8,"httk_measured",0,1,1,"default_1uM",NA,NA,NA,NA,NA
"Catechol","120-80-9","DTXSID3020257",0.8794,110.1," ","9.34,12.8",42.3,0,0.0268,NA,110.1,0.8794,0.0268,NA,42.3,24.981474251577,FALSE,42.3,"httk_measured",0,1,1,"default_1uM",NA,NA,NA,NA,NA
"Chlorhexidine diacetate","56-95-1","DTXSID7032345",1.33,625.6,"10.5,9.92,8.22,7.63"," ",0,0.9974,0.00236,NA,625.6,1.33,0.00236,NA,0,10.0215912857642,TRUE,10.0215912857642,"RF_imputed_chem.physical_and_invitro.data",0,1,1,"default_1uM",NA,NA,NA,NA,NA
"Chlorophacinone","3691-35-8","DTXSID2032348",4.064,374.8," ","4.33,14.6",0,0.9997,2.44e-08,NA,374.8,4.064,2.44e-08,NA,0,37.9917637310234,TRUE,37.9917637310234,"RF_imputed_chem.physical_and_invitro.data",0,1,1,"default_1uM",NA,NA,NA,NA,NA
"Chlorothalonil","1897-45-6","DTXSID0020319",2.976,265.9," "," ",0,0.9325,0.378,NA,265.9,2.976,0.378,NA,0,10.2286295251679,TRUE,10.2286295251679,"RF_imputed_chem.physical_and_invitro.data",0,1,1,"default_1uM",NA,NA,NA,NA,NA
"Chlorotrianisene","569-57-3","DTXSID1021299",5.725,380.9," "," ",0,0.9789,7.84e-07,NA,380.9,5.725,7.84e-07,NA,0,17.143744248205,TRUE,17.143744248205,"RF_imputed_chem.physical_and_invitro.data",0,1,1,"default_1uM",NA,NA,NA,NA,NA
"Chlorpromazine hydrochloride","69-09-0","DTXSID7024827",1.32,355.3,"9.2"," ",0,0.07764,0.0235,NA,355.3,1.32,0.0235,NA,0,9.24843369345279,TRUE,9.24843369345279,"RF_imputed_chem.physical_and_invitro.data",0,1,1,"default_1uM",NA,NA,NA,NA,NA
"Chrysin","480-40-0","DTXSID1022396",3.519,254.2," ","6.58,8.18",204,0,0.00263,NA,254.2,3.519,0.00263,NA,204,107.23476697545,FALSE,204,"httk_measured",0,1,1,"default_1uM",NA,NA,NA,NA,NA
"Cj-013610","249296-43-3","DTXSID2047272",0.4695,489.6,"6.65"," ",0,0.2558,0.0645,NA,489.6,0.4695,0.0645,NA,0,3.09696629040557,TRUE,3.09696629040557,"RF_imputed_chem.physical_and_invitro.data",0,1,1,"default_1uM",NA,NA,NA,NA,NA
"Clofibrate","637-07-0","DTXSID3020336",3.456,242.7," "," ",868,0,7.42e-08,NA,242.7,3.456,7.42e-08,NA,868,357.17943087739,FALSE,868,"httk_measured",0,1,1,"default_1uM",NA,NA,NA,NA,NA
"Clomipramine hydrochloride","17321-77-6","DTXSID3042633",1.822,351.3,"9.2"," ",0,0.9771,0.041,NA,351.3,1.822,0.041,NA,0,14.6077587054976,TRUE,14.6077587054976,"RF_imputed_chem.physical_and_invitro.data",0,1,1,"default_1uM",NA,NA,NA,NA,NA
"Clopyralid","1702-17-6","DTXSID9029221",1.062,192," ","3.15",0,0.454,0.438,NA,192,1.062,0.438,NA,0,1.9936353692659,TRUE,1.9936353692659,"RF_imputed_chem.physical_and_invitro.data",21,0.000851138038202377,3.51560440528298,"example.toxcast",NA,NA,NA,NA,NA
"Clopyralid-olamine","57754-85-5","DTXSID6034265",1.453,253.1," ","3.15",0,0.9996,0.464,NA,253.1,1.453,0.464,NA,0,3.04126885947496,TRUE,3.04126885947496,"RF_imputed_chem.physical_and_invitro.data",0,1,1,"default_1uM",NA,NA,NA,NA,NA
"Clotrimazole","23593-75-1","DTXSID7029871",4.8,344.8,"6.26"," ",77.1,0,0.00953,NA,344.8,4.8,0.00953,NA,77.1,48.7962841429098,FALSE,77.1,"httk_measured",0,1,1,"default_1uM",NA,NA,NA,NA,NA
"Corticosterone","50-22-6","DTXSID6022474",1.942,346.5," ","13.9",12.1,0,0.137,NA,346.5,1.942,0.137,NA,12.1,8.90284302792312,FALSE,12.1,"httk_measured",0,1,1,"default_1uM",NA,NA,NA,NA,NA
"Cp-544439","230954-09-3","DTXSID8047266",2.383,410.4," ","8.67,10.3",2.27,0,0.145,NA,410.4,2.383,0.145,NA,2.27,4.61826303883754,FALSE,2.27,"httk_measured",0,1,1,"default_1uM",NA,NA,NA,NA,NA
"Cp-634384","290352-28-2","DTXSID7047306",3.337,341.4," ","2.44,10.1",0,0.9631,0.0126,NA,341.4,3.337,0.0126,NA,0,20.3499904829294,TRUE,20.3499904829294,"RF_imputed_chem.physical_and_invitro.data",0,1,1,"default_1uM",NA,NA,NA,NA,NA
"Cp-671305","445295-04-5","DTXSID6047282",3.118,454.4,"0.71","3.4,14",0,0.9841,0.0414,NA,454.4,3.118,0.0414,NA,0,8.29031830129732,TRUE,8.29031830129732,"RF_imputed_chem.physical_and_invitro.data",0,1,1,"default_1uM",NA,NA,NA,NA,NA
"Curcumin","458-37-7","DTXSID8031077",2.597,368.4," ","9.08,9.61,10.2",297,0,4.14e-08,NA,368.4,2.597,4.14e-08,NA,297,77.0167751526268,FALSE,297,"httk_measured",0,1,1,"default_1uM",NA,NA,NA,NA,NA
"Cyazofamid","120116-88-3","DTXSID9034492",0.848,324.8," "," ",10,0.00076,0.051,NA,324.8,0.848,0.051,NA,10,9.76357848101833,FALSE,10,"httk_measured",0,1,1,"default_1uM",NA,NA,NA,NA,NA
"Cyclopamine","4449-51-8","DTXSID6043709",5.248,411.6,"10"," ",29.4,0,0.0741,NA,411.6,5.248,0.0741,NA,29.4,26.7179680406382,FALSE,29.4,"httk_measured",0,1,1,"default_1uM",NA,NA,NA,NA,NA
"Cyclophosphamide monohydrate","6055-19-2","DTXSID6024888",1.304,279.1,"0.08","13.4",0,0.9998,0.772,NA,279.1,1.304,0.772,NA,0,2.78482976358375,TRUE,2.78482976358375,"RF_imputed_chem.physical_and_invitro.data",0,1,1,"default_1uM",NA,NA,NA,NA,NA
"Cyfluthrin","68359-37-5","DTXSID5035957",5.952,434.3," ","10.5",23.8,0,1.82e-08,NA,434.3,5.952,1.82e-08,NA,23.8,16.7928307380888,FALSE,23.8,"httk_measured",0,1,1,"default_1uM",NA,NA,NA,NA,NA
"Cymoxanil","57966-95-7","DTXSID6032358",0.5879,198.2," ","10.6",32.8,0,0.437,NA,198.2,0.5879,0.437,NA,32.8,12.8257821235946,FALSE,32.8,"httk_measured",0,1,1,"default_1uM",NA,NA,NA,NA,NA
"Cyproterone acetate","427-51-0","DTXSID5020366",3.409,416.9," "," ",4.46,0,0.0584,NA,416.9,3.409,0.0584,NA,4.46,8.05800704321862,FALSE,4.46,"httk_measured",0,1,1,"default_1uM",NA,NA,NA,NA,NA
"Cytarabine hydrochloride","69-74-9","DTXSID5024891",-2.084,279.7," ","12.6,13.9,14.8",16.8,0,0.96,NA,279.7,-2.084,0.96,NA,16.8,11.5919207314844,FALSE,16.8,"httk_measured",0,1,1,"default_1uM",NA,NA,NA,NA,NA
"Daminozide","1596-84-5","DTXSID9020370",-1.495,160.2,"2.19","4.5,12.5",2.29,0.0157,0.939,NA,160.2,-1.495,0.939,NA,2.29,4.57704059054449,FALSE,2.29,"httk_measured",0,1,1,"default_1uM",NA,NA,NA,NA,NA
"Darbufelone mesylate","139340-56-0","DTXSID0047246",0.5448,428.6,"1.53","10.4,11",0,0.9908,0.00678,NA,428.6,0.5448,0.00678,NA,0,7.23213429825424,TRUE,7.23213429825424,"RF_imputed_chem.physical_and_invitro.data",0,1,1,"default_1uM",NA,NA,NA,NA,NA
"Deethylatrazine","6190-65-4","DTXSID5037494",1.511,187.6,"3.38","14.6",0,0.6115,0.486,NA,187.6,1.511,0.486,NA,0,5.79404465381773,TRUE,5.79404465381773,"RF_imputed_chem.physical_and_invitro.data",0,1,1,"default_1uM",NA,NA,NA,NA,NA
"Denatonium saccharide","90823-38-4","DTXSID9034361",0.8279,507.6," ","12.1",0,0.9997,0.488,NA,507.6,0.8279,0.488,NA,0,3.93807066251739,TRUE,3.93807066251739,"RF_imputed_chem.physical_and_invitro.data",0,1,1,"default_1uM",NA,NA,NA,NA,NA
"Dexamethasone sodium phosphate","2392-39-4","DTXSID3047429",0.9792,516.4," ","1.18,6.21,12.4,13.7",9.63,0,0.0956,NA,516.4,0.9792,0.0956,NA,9.63,7.75021520436207,FALSE,9.63,"httk_measured",0,1,1,"default_1uM",NA,NA,NA,NA,NA
"Dibutyl decanedioate","109-43-3","DTXSID1041847",5.972,314.5," "," ",134,0,7.05e-08,NA,314.5,5.972,7.05e-08,NA,134,92.3540135513694,FALSE,134,"httk_measured",0,1,1,"default_1uM",NA,NA,NA,NA,NA
"Dichlorophen","97-23-4","DTXSID6021824",4.258,269.1," ","7.22,10.9",13.2,0,0.0045,NA,269.1,4.258,0.0045,NA,13.2,19.0765530556817,FALSE,13.2,"httk_measured",0,1,1,"default_1uM",NA,NA,NA,NA,NA
"Dichlorvos","62-73-7","DTXSID5020449",1.429,221," "," ",86.4,0,1.18e-07,NA,221,1.429,1.18e-07,NA,86.4,81.0823082678558,FALSE,86.4,"httk_measured",0,1,1,"default_1uM",NA,NA,NA,NA,NA
"Diflubenzuron","35367-38-5","DTXSID1024049",3.877,310.7," ","9.05",0,0.9952,0.0308,NA,310.7,3.877,0.0308,NA,0,17.5458229376581,TRUE,17.5458229376581,"RF_imputed_chem.physical_and_invitro.data",0,1,1,"default_1uM",NA,NA,NA,NA,NA
"Diisobutyl phthalate","84-69-5","DTXSID9022522",4.112,278.3," "," ",345,0,0.000435,NA,278.3,4.112,0.000435,NA,345,130.998777573121,FALSE,345,"httk_measured",0,1,1,"default_1uM",NA,NA,NA,NA,NA
"Dipentyl phthalate","131-18-0","DTXSID5031131",5.616,306.4," "," ",301,0,0.0986,NA,306.4,5.616,0.0986,NA,301,79.7646165407469,FALSE,301,"httk_measured",0,1,1,"default_1uM",NA,NA,NA,NA,NA
"Diphenamid","957-51-7","DTXSID8024072",2.808,239.3," "," ",0,0.9876,0.301,NA,239.3,2.808,0.301,NA,0,7.86433514861544,TRUE,7.86433514861544,"RF_imputed_chem.physical_and_invitro.data",0,1,1,"default_1uM",NA,NA,NA,NA,NA
"Diphenolic acid","126-00-1","DTXSID0022436",3.455,286.3," ","4.22,9.19,9.8",0,0.971,0.163,NA,286.3,3.455,0.163,NA,0,14.1464266177193,TRUE,14.1464266177193,"RF_imputed_chem.physical_and_invitro.data",0,1,1,"default_1uM",NA,NA,NA,NA,NA
"Dipropyl 2,5-pyridinedicarboxylate","136-45-8","DTXSID8032544",3.565,251.3," "," ",592,0,0.865,NA,251.3,3.565,0.865,NA,592,71.2697568357096,FALSE,592,"httk_measured",0,1,1,"default_1uM",NA,NA,NA,NA,NA
"Disulfiram","97-77-8","DTXSID1021322",3.877,296.5," "," ",28.46,NA,0.08601,NA,296.5,3.877,0.08601,NA,28.46,18.7429718406711,FALSE,28.46,"httk_measured",0,1,1,"default_1uM",NA,NA,NA,NA,NA
"Dl-norgestrel","6533-00-2","DTXSID3047477",3.067,312.5," "," ",11,0,0.0392,NA,312.5,3.067,0.0392,NA,11,11.0544617499802,FALSE,11,"httk_measured",0,1,1,"default_1uM",NA,NA,NA,NA,NA
"Econazole nitrate","24169-02-6","DTXSID6025226",1.082,444.7,"6.48"," ",6.02,0.00192,0.00553,NA,444.7,1.082,0.00553,NA,6.02,5.83920611329851,FALSE,6.02,"httk_measured",0,1,1,"default_1uM",NA,NA,NA,NA,NA
"Elzasonan","361343-19-3","DTXSID7047277",4.692,448.4,"7.79"," ",21.1,0,0.0329,NA,448.4,4.692,0.0329,NA,21.1,14.5570919818865,FALSE,21.1,"httk_measured",0,1,1,"default_1uM",NA,NA,NA,NA,NA
"Enadoline","124378-77-4","DTXSID4047258",2.894,396.5,"9.74"," ",3.36,0,0.263,NA,396.5,2.894,0.263,NA,3.36,4.51451673429277,FALSE,3.36,"httk_measured",0,1,1,"default_1uM",NA,NA,NA,NA,NA
"Endothal","145-73-3","DTXSID7024081",1.907,186.2," ","3.5,5.55",0,0.999,0.867,NA,186.2,1.907,0.867,NA,0,3.98266302919502,TRUE,3.98266302919502,"RF_imputed_chem.physical_and_invitro.data",0,1,1,"default_1uM",NA,NA,NA,NA,NA
"Enterolactone","77756-20-8","DTXSID0048183",2.811,298.3," ","9.16,9.77",139,0,0.0121,NA,298.3,2.811,0.0121,NA,139,29.7403319313458,FALSE,139,"httk_measured",0,1,1,"default_1uM",NA,NA,NA,NA,NA
"Eosin","17372-87-1","DTXSID0025234",4.486,691.9," ","6,6.61",0,0.9991,0.0524,NA,691.9,4.486,0.0524,NA,0,10.358396105562,TRUE,10.358396105562,"RF_imputed_chem.physical_and_invitro.data",0,1,1,"default_1uM",NA,NA,NA,NA,NA
"Epoxiconazole","133855-98-8","DTXSID1040372",3.072,329.8,"2"," ",0,0.995,0.0575,NA,329.8,3.072,0.0575,NA,0,12.9193299219656,TRUE,12.9193299219656,"RF_imputed_chem.physical_and_invitro.data",0,1,1,"default_1uM",NA,NA,NA,NA,NA
"Equilin","474-86-2","DTXSID7047433",3.531,268.4," ","9.41",9.74,0.04796,0.0583,NA,268.4,3.531,0.0583,NA,9.74,14.7634320541409,FALSE,9.74,"httk_measured",0,1,1,"default_1uM",NA,NA,NA,NA,NA
"Exifone","52479-85-3","DTXSID9044950",1.158,278.2," ","7.08,7.7,8.92,11.2,12.8,13.4",28.1,0,1.93e-08,NA,278.2,1.158,1.93e-08,NA,28.1,40.9912646931854,FALSE,28.1,"httk_measured",0,1,1,"default_1uM",NA,NA,NA,NA,NA
"Fabesetron hydrochloride","129299-90-7","DTXSID7048168",0.4345,329.8,"6.62","14.4",7.56,0,0.0309,NA,329.8,0.4345,0.0309,NA,7.56,8.21546857961976,FALSE,7.56,"httk_measured",0,1,1,"default_1uM",NA,NA,NA,NA,NA
"Famoxadone","131807-57-3","DTXSID8034588",4.649,374.4," ","14.3",16.4,0,0.0097,NA,374.4,4.649,0.0097,NA,16.4,20.5785358068617,FALSE,16.4,"httk_measured",296,1.29625565584147,19.2765265886065,"example.toxcast",NA,NA,NA,NA,NA
"Fd&c green no. 3","2353-45-9","DTXSID3020673",4.633,808.8,"3.5","-2.39,-1.89,-1.38,8.95",0,0.9991,0.0151,NA,808.8,4.633,0.0151,NA,0,14.8030700825251,TRUE,14.8030700825251,"RF_imputed_chem.physical_and_invitro.data",0,1,1,"default_1uM",NA,NA,NA,NA,NA
"Fd&c yellow 6","2783-94-0","DTXSID6021456",1.779,452.4," ","-3.4,-2.39,11.8",18.9,0.01874,1.38e-07,NA,452.4,1.779,1.38e-07,NA,18.9,18.4243957722006,FALSE,18.9,"httk_measured",0,1,1,"default_1uM",NA,NA,NA,NA,NA
"Fenofibrate","49562-28-9","DTXSID2029874",4.943,360.8," "," ",563,0,0.00815,NA,360.8,4.943,0.00815,NA,563,112.729345691027,FALSE,563,"httk_measured",0,1,1,"default_1uM",NA,NA,NA,NA,NA
"Fenoxaprop-(2s)-ethyl","113776-20-8","DTXSID0040755",4.579,361.8," "," ",723,0,0.00537,NA,361.8,4.579,0.00537,NA,723,198.754221276853,FALSE,723,"httk_measured",0,1,1,"default_1uM",NA,NA,NA,NA,NA
"Fenoxaprop-p-ethyl","71283-80-2","DTXSID2034598",4.579,361.8," "," ",519,0,0.00635,NA,361.8,4.579,0.00635,NA,519,224.05686105196,FALSE,519,"httk_measured",0,1,1,"default_1uM",NA,NA,NA,NA,NA
"Fenpyroximate (z,e)","111812-58-9","DTXSID2032550",5.008,421.5,"2.7,1.72"," ",16.8,0,0.0046,NA,421.5,5.008,0.0046,NA,16.8,15.4707931088546,FALSE,16.8,"httk_measured",0,1,1,"default_1uM",NA,NA,NA,NA,NA
"Fenuron","101-42-8","DTXSID7037551",0.9813,164.2," ","13.5",2.89,0,0.564,NA,164.2,0.9813,0.564,NA,2.89,4.82232513811735,FALSE,2.89,"httk_measured",0,1,1,"default_1uM",NA,NA,NA,NA,NA
"Fluazifop-butyl","69806-50-4","DTXSID3034612",4.5,383.4,"0.8"," ",401,0,0.00862,NA,383.4,4.5,0.00862,NA,401,167.659625880964,FALSE,401,"httk_measured",0,1,1,"default_1uM",NA,NA,NA,NA,NA
"Flufenpyr-ethyl","188489-07-8","DTXSID3034618",4.075,408.7," "," ",375,0,0.769,NA,408.7,4.075,0.769,NA,375,59.7507566428206,FALSE,375,"httk_measured",0,1,1,"default_1uM",NA,NA,NA,NA,NA
"Fomesafen","72178-02-0","DTXSID7024112",2.902,438.8," ","3.93",0,0.9986,0.017,NA,438.8,2.902,0.017,NA,0,5.16658227461069,TRUE,5.16658227461069,"RF_imputed_chem.physical_and_invitro.data",0,1,1,"default_1uM",NA,NA,NA,NA,NA
"Haloxyfop-methyl","69806-40-2","DTXSID6024123",4.07,375.7," "," ",467,0,0.00819,NA,375.7,4.07,0.00819,NA,467,162.550694220525,FALSE,467,"httk_measured",0,1,1,"default_1uM",NA,NA,NA,NA,NA
"Hydramethylnon","67485-29-4","DTXSID6023868",2.313,494.5,"6.92,1.21"," ",4.38,0.00596,1.37e-08,NA,494.5,2.313,1.37e-08,NA,4.38,6.13394635002363,FALSE,4.38,"httk_measured",0,1,1,"default_1uM",NA,NA,NA,NA,NA
"Hydroxyflutamide","52806-53-8","DTXSID8033562",2.7,292.2," ","11.8,14",0,0.9937,0.166,NA,292.2,2.7,0.166,NA,0,9.29946623432079,TRUE,9.29946623432079,"RF_imputed_chem.physical_and_invitro.data",0,1,1,"default_1uM",NA,NA,NA,NA,NA
"Hydroxyprogesterone caproate","630-56-8","DTXSID6043915",5.315,428.6," "," ",195,0,0.0175,NA,428.6,5.315,0.0175,NA,195,61.8142373079153,FALSE,195,"httk_measured",0,1,1,"default_1uM",NA,NA,NA,NA,NA
"Ilepatril","473289-62-2","DTXSID7047356",2.475,432.5," ","3.6,12.4",5.55,0,0.319,NA,432.5,2.475,0.319,NA,5.55,4.403977469152,FALSE,5.55,"httk_measured",0,1,1,"default_1uM",NA,NA,NA,NA,NA
"Ingliforib","186392-65-4","DTXSID4047252",0.4186,457.9," ","12.5,13.4,14.1,15",2.09,0.02342,0.0234,NA,457.9,0.4186,0.0234,NA,2.09,3.05957013262514,FALSE,2.09,"httk_measured",0,1,1,"default_1uM",NA,NA,NA,NA,NA
"Ipconazole","125225-28-7","DTXSID7034674",4.208,333.9,"2.01","13.8",101,0,0.0132,NA,333.9,4.208,0.0132,NA,101,59.7743890388052,FALSE,101,"httk_measured",0,1,1,"default_1uM",NA,NA,NA,NA,NA
"Isofenphos","25311-71-1","DTXSID8032417",4.117,345.4," ","9.76",158,0,0.0105,NA,345.4,4.117,0.0105,NA,158,79.4775643769375,FALSE,158,"httk_measured",0,1,1,"default_1uM",NA,NA,NA,NA,NA
"Isopropalin","33820-53-0","DTXSID8024157",4.502,309.4," "," ",12.5,0,2.92e-08,NA,309.4,4.502,2.92e-08,NA,12.5,27.2443186784517,FALSE,12.5,"httk_measured",0,1,1,"default_1uM",NA,NA,NA,NA,NA
"Isoproterenol hydrochloride","51-30-9","DTXSID6025486",-1.184,247.7,"8.96","9.81,12.6,14.4",0,0.9962,0.609,NA,247.7,-1.184,0.609,NA,0,2.92551633460088,TRUE,2.92551633460088,"RF_imputed_chem.physical_and_invitro.data",0,1,1,"default_1uM",NA,NA,NA,NA,NA
"Isoproturon","34123-59-6","DTXSID1042077",2.686,206.3," ","13.8",0,0.9974,0.258,NA,206.3,2.686,0.258,NA,0,9.42265284015457,TRUE,9.42265284015457,"RF_imputed_chem.physical_and_invitro.data",0,1,1,"default_1uM",NA,NA,NA,NA,NA
"Laurocapram","59227-89-3","DTXSID0042086",6.109,281.5," "," ",9.8,2e-05,0.00275,NA,281.5,6.109,0.00275,NA,9.8,15.4610835112324,FALSE,9.8,"httk_measured",0,1,1,"default_1uM",NA,NA,NA,NA,NA
"Lauryl gallate","1166-52-5","DTXSID0048189",4.638,338.4," ","8.11,11.3,13.8",0,0.9977,2.2e-08,NA,338.4,4.638,2.2e-08,NA,0,46.3165636557084,TRUE,46.3165636557084,"RF_imputed_chem.physical_and_invitro.data",0,1,1,"default_1uM",NA,NA,NA,NA,NA
"Leucomalachite green","129-73-7","DTXSID7031531",5.525,330.5,"5.17,4.56"," ",0,0.8798,2e-08,NA,330.5,5.525,2e-08,NA,0,35.5632226846615,TRUE,35.5632226846615,"RF_imputed_chem.physical_and_invitro.data",0,1,1,"default_1uM",NA,NA,NA,NA,NA
"Levothyroxine","51-48-9","DTXSID8023214",4.927,776.9,"9.43","0.27,7.43",0,0.9992,2.42e-08,NA,776.9,4.927,2.42e-08,NA,0,14.7783089355972,TRUE,14.7783089355972,"RF_imputed_chem.physical_and_invitro.data",0,1,1,"default_1uM",NA,NA,NA,NA,NA
"Loratadine","79794-75-5","DTXSID2023224",5.197,382.9,"4.33"," ",33.9,0,0.00968,NA,382.9,5.197,0.00968,NA,33.9,21.0277240682976,FALSE,33.9,"httk_measured",0,1,1,"default_1uM",NA,NA,NA,NA,NA
"Malaoxon","1634-78-2","DTXSID9020790",1.724,314.3," "," ",55.9,0,0.538,NA,314.3,1.724,0.538,NA,55.9,22.6331900200037,FALSE,55.9,"httk_measured",0,1,1,"default_1uM",NA,NA,NA,NA,NA
"Melengestrol acetate","2919-66-6","DTXSID5048184",3.327,396.5," "," ",41.4,0,0.0232,NA,396.5,3.327,0.0232,NA,41.4,23.7792244734663,FALSE,41.4,"httk_measured",0,1,1,"default_1uM",NA,NA,NA,NA,NA
"Metamitron","41394-05-2","DTXSID7047568",0.8305,202.2,"2.78"," ",0,0.9979,0.693,NA,202.2,0.8305,0.693,NA,0,9.47659971433189,TRUE,9.47659971433189,"RF_imputed_chem.physical_and_invitro.data",0,1,1,"default_1uM",NA,NA,NA,NA,NA
"Methenamine","100-97-0","DTXSID6020692",-0.1649,140.2,"5.88,4.02,2.29,0.56"," ",0,0.9991,0.352,NA,140.2,-0.1649,0.352,NA,0,8.80451095648089,TRUE,8.80451095648089,"RF_imputed_chem.physical_and_invitro.data",0,1,1,"default_1uM",NA,NA,NA,NA,NA
"Methomyl","16752-77-5","DTXSID1022267",0.6005,162.2,"0.69","14",2.05,0.00026,0.716,NA,162.2,0.6005,0.716,NA,2.05,5.63010139140624,FALSE,2.05,"httk_measured",0,1,1,"default_1uM",NA,NA,NA,NA,NA
"Methyl 2-aminobenzoate","134-20-3","DTXSID6025567",1.877,151.2,"2.12"," ",246,0,0.224,NA,151.2,1.877,0.224,NA,246,80.4789670620371,FALSE,246,"httk_measured",0,1,1,"default_1uM",NA,NA,NA,NA,NA
"Methyl 2,4-dihydroxy-3,6-dimethylbenzoate","4707-47-5","DTXSID9041653",2.051,196.2," ","9.11,10.9",268,0,0.0335,NA,196.2,2.051,0.0335,NA,268,78.0394077102642,FALSE,268,"httk_measured",70,6.30741604554564,26.9224834761677,"example.toxcast",NA,NA,NA,NA,NA
"Methyl red","493-52-7","DTXSID1042154",3.345,269.3,"3.79","3.15",11.1,0,0.0304,NA,269.3,3.345,0.0304,NA,11.1,17.9489881961269,FALSE,11.1,"httk_measured",0,1,1,"default_1uM",NA,NA,NA,NA,NA
"Methyl salicylate","119-36-8","DTXSID5025659",2.547,152.1," ","9.72",817,0,0.107,NA,152.1,2.547,0.107,NA,817,163.483817399681,FALSE,817,"httk_measured",0,1,1,"default_1uM",NA,NA,NA,NA,NA
"Methylene blue","61-73-4","DTXSID0023296",0.6257,319.8,"2.44"," ",13.9,0,0.38,NA,319.8,0.6257,0.38,NA,13.9,7.48455370916205,FALSE,13.9,"httk_measured",0,1,1,"default_1uM",NA,NA,NA,NA,NA
"Michler's ketone","90-94-8","DTXSID2020894",3.869,268.4,"3.73,3.12"," ",39.2,0,0.00959,NA,268.4,3.869,0.00959,NA,39.2,34.1010558294197,FALSE,39.2,"httk_measured",0,1,1,"default_1uM",NA,NA,NA,NA,NA
"Monocrotophos","6923-22-4","DTXSID9034816",-0.1994,223.2," "," ",0,0.05952,0.898,NA,223.2,-0.1994,0.898,NA,0,2.3383509756649,TRUE,2.3383509756649,"RF_imputed_chem.physical_and_invitro.data",10,0.000434763309648529,31.7570000382596,"example.toxcast",NA,NA,NA,NA,NA
"Monolinuron","1746-81-2","DTXSID0037576",2.297,214.6," ","12.1",0,0.9575,0.205,NA,214.6,2.297,0.205,NA,0,5.12743504112285,TRUE,5.12743504112285,"RF_imputed_chem.physical_and_invitro.data",0,1,1,"default_1uM",NA,NA,NA,NA,NA
"Monomethyl phthalate","4376-18-5","DTXSID9040001",1.139,180.2," ","3.09",0,0.9244,0.372,NA,180.2,1.139,0.372,NA,0,3.52120880164354,TRUE,3.52120880164354,"RF_imputed_chem.physical_and_invitro.data",0,1,1,"default_1uM",NA,NA,NA,NA,NA
"Morin hydrate","654055-01-3","DTXSID3040776",1.499,338.3," ","7.57,8.75,9.35,10.5,14.5",0,0.9976,5.73e-08,NA,338.3,1.499,5.73e-08,NA,0,47.4356813151347,TRUE,47.4356813151347,"RF_imputed_chem.physical_and_invitro.data",0,1,1,"default_1uM",NA,NA,NA,NA,NA
"N-benzyladenine","1214-39-7","DTXSID7032630",1.567,225.3,"0.86","6.12",0,0.987,0.138,NA,225.3,1.567,0.138,NA,0,6.5600743648849,TRUE,6.5600743648849,"RF_imputed_chem.physical_and_invitro.data",0,1,1,"default_1uM",NA,NA,NA,NA,NA
"N-ethylaniline","103-69-5","DTXSID1025271",2.16,121.2,"4.91"," ",21.8,0,0.214,NA,121.2,2.16,0.214,NA,21.8,15.2766087080044,FALSE,21.8,"httk_measured",0,1,1,"default_1uM",NA,NA,NA,NA,NA
"N-methyl-2-pyrrolidone","872-50-4","DTXSID6020856",-0.4585,99.13," "," ",0.04123,NA,0.888,NA,99.13,-0.4585,0.888,NA,0.04123,0.263148775263421,FALSE,0.04123,"httk_measured",0,1,1,"default_1uM",NA,NA,NA,NA,NA
"N-phenyl-1-naphthylamine","90-30-2","DTXSID2025892",4.201,219.3,"0.34"," ",57.9,NA,0.006962,NA,219.3,4.201,0.006962,NA,57.9,40.5851830664439,FALSE,57.9,"httk_measured",0,1,1,"default_1uM",NA,NA,NA,NA,NA
"N-vinyl-2-pyrrolidone","88-12-0","DTXSID2021440",0.3681,111.1," "," ",0,0.9989,0.953,NA,111.1,0.3681,0.953,NA,0,2.9816638417427,TRUE,2.9816638417427,"RF_imputed_chem.physical_and_invitro.data",0,1,1,"default_1uM",NA,NA,NA,NA,NA
"Naphthalen-2-yl 2-aminobenzoate","63449-68-3","DTXSID7047697",3.48,263.3,"2.07"," ",846,0,0.00653,NA,263.3,3.48,0.00653,NA,846,177.600626564061,FALSE,846,"httk_measured",0,1,1,"default_1uM",NA,NA,NA,NA,NA
"Nelivaptan","439687-69-1","DTXSID7047358",2.791,630.1," ","14.8",35.3,0,0.0608,NA,630.1,2.791,0.0608,NA,35.3,17.0954463805938,FALSE,35.3,"httk_measured",0,1,1,"default_1uM",NA,NA,NA,NA,NA
"Nicotinic acid","59-67-6","DTXSID1020932",0.358,123.1,"4.19","2.79",3.54,0.04766,0.594,NA,123.1,0.358,0.594,NA,3.54,8.76577977129872,FALSE,3.54,"httk_measured",0,1,1,"default_1uM",NA,NA,NA,NA,NA
"Nilutamide","63612-50-0","DTXSID3034165",3.114,317.2," "," ",0,0.9984,0.167,NA,317.2,3.114,0.167,NA,0,10.633927183459,TRUE,10.633927183459,"RF_imputed_chem.physical_and_invitro.data",0,1,1,"default_1uM",NA,NA,NA,NA,NA
"Nitrofurazone","59-87-0","DTXSID5020944",0.2287,198.1," ","11",0,0.9907,0.856,NA,198.1,0.2287,0.856,NA,0,3.12755224013666,TRUE,3.12755224013666,"RF_imputed_chem.physical_and_invitro.data",0,1,1,"default_1uM",NA,NA,NA,NA,NA
"Oleyl sarcosine","110-25-8","DTXSID5042243",6.151,353.5," ","4.12",41.7,0,3.54e-08,NA,353.5,6.151,3.54e-08,NA,41.7,35.4916027462797,FALSE,41.7,"httk_measured",0,1,1,"default_1uM",NA,NA,NA,NA,NA
"Oxyphenisatin","125-13-3","DTXSID5044528",3.339,317.3," ","9.18,9.78,12.8",0,0.9001,0.0266,NA,317.3,3.339,0.0266,NA,0,18.0983565610184,TRUE,18.0983565610184,"RF_imputed_chem.physical_and_invitro.data",0,1,1,"default_1uM",NA,NA,NA,NA,NA
"P-xylenol blue","125-31-5","DTXSID8026303",4.034,410.5," ","9.62,10.2",0,0.9991,0.0261,NA,410.5,4.034,0.0261,NA,0,22.5836838554312,TRUE,22.5836838554312,"RF_imputed_chem.physical_and_invitro.data",0,1,1,"default_1uM",NA,NA,NA,NA,NA
"Paraoxon","311-45-5","DTXSID6024046",1.981,275.2," "," ",0,0.9955,0.46,NA,275.2,1.981,0.46,NA,0,5.04804367214259,TRUE,5.04804367214259,"RF_imputed_chem.physical_and_invitro.data",0,1,1,"default_1uM",NA,NA,NA,NA,NA
"Pd-0333941","501027-49-2","DTXSID2047307",5.023,390.4,"0.93","4.34",3.4,6e-05,0.00409,NA,390.4,5.023,0.00409,NA,3.4,8.70858262759634,FALSE,3.4,"httk_measured",0,1,1,"default_1uM",NA,NA,NA,NA,NA
"Pebulate","1114-71-2","DTXSID8021199",3.835,203.3," "," ",159,0,5.36e-08,NA,203.3,3.835,5.36e-08,NA,159,119.517859656185,FALSE,159,"httk_measured",0,1,1,"default_1uM",NA,NA,NA,NA,NA
"Pharmagsid_48505","NOCAS_48505","DTXSID0048505",3.169,353.8,"2.42","8.71",0,0.9982,0.0135,NA,353.8,3.169,0.0135,NA,0,15.0714276026496,TRUE,15.0714276026496,"RF_imputed_chem.physical_and_invitro.data",0,1,1,"default_1uM",NA,NA,NA,NA,NA
"Pharmagsid_48510","460081-99-6","DTXSID9048510",5.009,436.4,"5.08","4.47",7.69,0,0.0142,NA,436.4,5.009,0.0142,NA,7.69,11.2495649180562,FALSE,7.69,"httk_measured",0,1,1,"default_1uM",NA,NA,NA,NA,NA
"Phenobarbital sodium","57-30-7","DTXSID0021123",-1.405,254.2," ","0.78,13.6",0,0.9999,0.247,NA,254.2,-1.405,0.247,NA,0,3.66198684835358,TRUE,3.66198684835358,"RF_imputed_chem.physical_and_invitro.data",0,1,1,"default_1uM",NA,NA,NA,NA,NA
"Phenol red","143-74-8","DTXSID8022408",3.02,354.4," ","9.16,9.76",1.1,0,0.142,NA,354.4,3.02,0.142,NA,1.1,3.41701998764463,FALSE,1.1,"httk_measured",0,1,1,"default_1uM",NA,NA,NA,NA,NA
"Phenol red sodium salt","34487-61-1","DTXSID2044420",0.9263,376.4," ","9.16,9.76",0,0.9982,0.0878,NA,376.4,0.9263,0.0878,NA,0,3.62371448974773,TRUE,3.62371448974773,"RF_imputed_chem.physical_and_invitro.data",0,1,1,"default_1uM",NA,NA,NA,NA,NA
"Phenolphthalin","81-90-3","DTXSID5022439",2.612,320.3," ","3.71,9.68,10.3",1.85,0.00762,0.00918,NA,320.3,2.612,0.00918,NA,1.85,2.86746225425199,FALSE,1.85,"httk_measured",0,1,1,"default_1uM",NA,NA,NA,NA,NA
"Phenothiazine","92-84-2","DTXSID5021126",4.149,199.3," "," ",0,0.9977,0.0043,NA,199.3,4.149,0.0043,NA,0,31.3384736572848,TRUE,31.3384736572848,"RF_imputed_chem.physical_and_invitro.data",0,1,1,"default_1uM",NA,NA,NA,NA,NA
"Phenylparaben","17696-62-7","DTXSID4047882",3.288,214.2," ","8.45",865,0,0.045,NA,214.2,3.288,0.045,NA,865,171.583301084404,FALSE,865,"httk_measured",0,1,1,"default_1uM",NA,NA,NA,NA,NA
"Picoxystrobin","117428-22-5","DTXSID9047542",3.702,367.3," "," ",57.1,0,0.007216,NA,367.3,3.702,0.007216,NA,57.1,61.7029221762809,FALSE,57.1,"httk_measured",0,1,1,"default_1uM",NA,NA,NA,NA,NA
"Pioglitazone hydrochloride","112529-15-4","DTXSID3044203",-0.2365,392.9,"5.6","6.66",8.92,0,0.0106,NA,392.9,-0.2365,0.0106,NA,8.92,8.20536675371845,FALSE,8.92,"httk_measured",0,1,1,"default_1uM",NA,NA,NA,NA,NA
"Piragliatin","625114-41-2","DTXSID3048520",1.964,421.9,"0.08","11.4",6.26,0,0.48,NA,421.9,1.964,0.48,NA,6.26,4.79466267732662,FALSE,6.26,"httk_measured",78,0.216404430228433,1.20020755989304,"example.toxcast",NA,NA,NA,NA,NA
"Pravastatin sodium","81131-70-6","DTXSID6047525",-0.2281,446.5," ","4.21,14.6",0,0.9995,0.361,NA,446.5,-0.2281,0.361,NA,0,3.46558797575656,TRUE,3.46558797575656,"RF_imputed_chem.physical_and_invitro.data",0,1,1,"default_1uM",NA,NA,NA,NA,NA
"Procymidone","32809-16-8","DTXSID9033923",3.081,284.1," "," ",5.32,0,0.0499,NA,284.1,3.081,0.0499,NA,5.32,10.0252255003593,FALSE,5.32,"httk_measured",0,1,1,"default_1uM",NA,NA,NA,NA,NA
"Propachlor","1918-16-7","DTXSID4024274",2.182,211.7," "," ",69.7,0,0.345,NA,211.7,2.182,0.345,NA,69.7,15.035779211942,FALSE,69.7,"httk_measured",0,1,1,"default_1uM",NA,NA,NA,NA,NA
"Propargite","2312-35-8","DTXSID4024276",4.999,350.5," "," ",24,0,0.0133,NA,350.5,4.999,0.0133,NA,24,21.5613775702284,FALSE,24,"httk_measured",0,1,1,"default_1uM",NA,NA,NA,NA,NA
"Propiconazole","60207-90-1","DTXSID8024280",3.717,342.2,"1.95"," ",17,0,0.0508,NA,342.2,3.717,0.0508,NA,17,15.7272275509,FALSE,17,"httk_measured",0,1,1,"default_1uM",NA,NA,NA,NA,NA
"Propoxycarbazone-sodium","181274-15-7","DTXSID9034864",1.191,420.4," ","3.39",0,0.3389,0.00891,NA,420.4,1.191,0.00891,NA,0,3.05104155475067,TRUE,3.05104155475067,"RF_imputed_chem.physical_and_invitro.data",0,1,1,"default_1uM",NA,NA,NA,NA,NA
"Propyl gallate","121-79-9","DTXSID5021201",1.8,212.2," ","8.11,11.3,13.8",49.7,0,0.0258,NA,212.2,1.8,0.0258,NA,49.7,32.1204931583548,FALSE,49.7,"httk_measured",0,1,1,"default_1uM",NA,NA,NA,NA,NA
"Pyraflufen-ethyl","129630-19-9","DTXSID8034871",3.491,413.2,"0.91"," ",0,0.1668,0.435,NA,413.2,3.491,0.435,NA,0,26.2108258130091,TRUE,26.2108258130091,"RF_imputed_chem.physical_and_invitro.data",0,1,1,"default_1uM",NA,NA,NA,NA,NA
"Raloxifene hydrochloride","82640-04-8","DTXSID1034181",1.57,510,"7.95","8.89,9.55",43.7,0,0.0129,NA,510,1.57,0.0129,NA,43.7,17.0345202116551,FALSE,43.7,"httk_measured",0,1,1,"default_1uM",NA,NA,NA,NA,NA
"Resveratrol","501-36-0","DTXSID4031980",3.304,228.2," ","8.99,9.63,10.6",62.9,0,5.86e-08,NA,228.2,3.304,5.86e-08,NA,62.9,131.836906554307,FALSE,62.9,"httk_measured",0,1,1,"default_1uM",NA,NA,NA,NA,NA
"Rhodamine 6g","989-38-8","DTXSID1021243",1.207,479,"2.34,1.58"," ",0,0.9989,3.14e-07,NA,479,1.207,3.14e-07,NA,0,15.2044192872849,TRUE,15.2044192872849,"RF_imputed_chem.physical_and_invitro.data",0,1,1,"default_1uM",NA,NA,NA,NA,NA
"Sb236057a","180084-01-9","DTXSID5047320",4.528,571.1,"9.07"," ",4.65,0,0.015,NA,571.1,4.528,0.015,NA,4.65,9.41466852013309,FALSE,4.65,"httk_measured",0,1,1,"default_1uM",NA,NA,NA,NA,NA
"Secbumeton","26259-45-0","DTXSID8037594",3.103,225.3,"5","14.4",6.53,0,0.0461,NA,225.3,3.103,0.0461,NA,6.53,11.3127211760854,FALSE,6.53,"httk_measured",0,1,1,"default_1uM",NA,NA,NA,NA,NA
"Sodium 2-mercaptobenzothiolate","2492-26-4","DTXSID1026035",1.009,189.2,"1.26","7.46",41.7,0,0.0368,NA,189.2,1.009,0.0368,NA,41.7,35.8234287842931,FALSE,41.7,"httk_measured",0,1,1,"default_1uM",NA,NA,NA,NA,NA
"Sodium 4-nitrophenolate","824-78-2","DTXSID3027320",-1.518,161.1," ","7.07",48.1,0,0.17,NA,161.1,-1.518,0.17,NA,48.1,19.5398492993414,FALSE,48.1,"httk_measured",0,1,1,"default_1uM",NA,NA,NA,NA,NA
"Sodium dehydroacetate","4418-26-2","DTXSID7026029",-2.545,190.1," ","3.13",0,0.9998,0.062,NA,190.1,-2.545,0.062,NA,0,7.17150643208136,TRUE,7.17150643208136,"RF_imputed_chem.physical_and_invitro.data",0,1,1,"default_1uM",NA,NA,NA,NA,NA
"Sodium saccharin hydrate","82385-42-0","DTXSID7021992",-2.005,223.2," ","1.94",0,0.5437,0.698,NA,223.2,-2.005,0.698,NA,0,4.50738214715046,TRUE,4.50738214715046,"RF_imputed_chem.physical_and_invitro.data",0,1,1,"default_1uM",NA,NA,NA,NA,NA
"Sulfamethazine","57-68-1","DTXSID6021290",0.1913,278.3,"2","6.99",0,0.9999,0.175,NA,278.3,0.1913,0.175,NA,0,6.81769369002948,TRUE,6.81769369002948,"RF_imputed_chem.physical_and_invitro.data",0,1,1,"default_1uM",NA,NA,NA,NA,NA
"Sulfaquinoxaline","59-40-5","DTXSID8042424",1.68,300.3,"2.13","6.79",0,0.9929,0.0037,NA,300.3,1.68,0.0037,NA,0,25.1935935828396,TRUE,25.1935935828396,"RF_imputed_chem.physical_and_invitro.data",0,1,1,"default_1uM",NA,NA,NA,NA,NA
"Sulfotepp","3689-24-5","DTXSID7024328",3.988,322.3," "," ",101,0,0.0206,NA,322.3,3.988,0.0206,NA,101,43.9254144939834,FALSE,101,"httk_measured",0,1,1,"default_1uM",NA,NA,NA,NA,NA
"Sulisobenzone","4065-45-6","DTXSID2042436",2.43,308.3," ","-2.42,6.57",1.05,5e-04,0.00942,NA,308.3,2.43,0.00942,NA,1.05,2.2055689681788,FALSE,1.05,"httk_measured",0,1,1,"default_1uM",NA,NA,NA,NA,NA
"Surinabant","288104-79-0","DTXSID2047357",5.451,522.3,"1.6","10.8",0,0.9088,3.63e-08,NA,522.3,5.451,3.63e-08,NA,0,12.4395700562388,TRUE,12.4395700562388,"RF_imputed_chem.physical_and_invitro.data",0,1,1,"default_1uM",NA,NA,NA,NA,NA
"Tembotrione","335104-84-2","DTXSID5047037",1.926,440.8," ","6.85",0,0.9999,0.0919,NA,440.8,1.926,0.0919,NA,0,7.21521875720579,TRUE,7.21521875720579,"RF_imputed_chem.physical_and_invitro.data",0,1,1,"default_1uM",NA,NA,NA,NA,NA
"Terbufos","13071-79-9","DTXSID2022254",4.478,288.4," "," ",32.5,0,0.0306,NA,288.4,4.478,0.0306,NA,32.5,25.2143306970267,FALSE,32.5,"httk_measured",0,1,1,"default_1uM",NA,NA,NA,NA,NA
"Testosterone propionate","57-85-2","DTXSID9036515",4.102,344.5," "," ",427,0,3.71e-08,NA,344.5,4.102,3.71e-08,NA,427,139.238530145851,FALSE,427,"httk_measured",0,1,1,"default_1uM",NA,NA,NA,NA,NA
"Tetrabromophenolphthalein ethyl ester","1176-74-5","DTXSID5044520",5.769,662," ","6.19",0,0.6276,0.0114,NA,662,5.769,0.0114,NA,0,15.5464013201523,TRUE,15.5464013201523,"RF_imputed_chem.physical_and_invitro.data",0,1,1,"default_1uM",NA,NA,NA,NA,NA
"Tetrahydrocurcumin","36062-04-1","DTXSID30865801",2.343,372.4," ","9.36,9.91,10.4",173,0,0.0501,NA,372.4,2.343,0.0501,NA,173,39.9656605016406,FALSE,173,"httk_measured",0,1,1,"default_1uM",NA,NA,NA,NA,NA
"Theobromine","83-67-0","DTXSID9026132",-0.7743,180.2," ","9.24",396,0,0.955,NA,180.2,-0.7743,0.955,NA,396,22.5957571879332,FALSE,396,"httk_measured",0,1,1,"default_1uM",NA,NA,NA,NA,NA
"Thiram","137-26-8","DTXSID5021332",1.73,240.4," "," ",816,0,3.86e-08,NA,240.4,1.73,3.86e-08,NA,816,195.720191916608,FALSE,816,"httk_measured",0,1,1,"default_1uM",NA,NA,NA,NA,NA
"Tolazamide","1156-19-0","DTXSID3021358",2.687,311.4,"1.61","4.07,14.2",0,0.9973,0.065,NA,311.4,2.687,0.065,NA,0,9.45450210367379,TRUE,9.45450210367379,"RF_imputed_chem.physical_and_invitro.data",0,1,1,"default_1uM",NA,NA,NA,NA,NA
"Tralkoxydim","87820-88-0","DTXSID1034973",4.461,329.4,"2.74"," ",0,0.9916,0.169,NA,329.4,4.461,0.169,NA,0,3.27730237886901,TRUE,3.27730237886901,"RF_imputed_chem.physical_and_invitro.data",0,1,1,"default_1uM",NA,NA,NA,NA,NA
"Trelanserin","189003-92-7","DTXSID2047355",2.729,465.6,"7.74,4.17"," ",7.06,0,0.0607,NA,465.6,2.729,0.0607,NA,7.06,8.73876003699127,FALSE,7.06,"httk_measured",0,1,1,"default_1uM",NA,NA,NA,NA,NA
"Triazophos","24017-47-8","DTXSID9037612",3.341,313.3," "," ",30.2,0,0.049,NA,313.3,3.341,0.049,NA,30.2,25.4869491149467,FALSE,30.2,"httk_measured",0,1,1,"default_1uM",NA,NA,NA,NA,NA
"Trichlorfon","52-68-6","DTXSID0021389",0.5114,257.4," ","10.1",31.7,0,0.696,NA,257.4,0.5114,0.696,NA,31.7,10.9448783808763,FALSE,31.7,"httk_measured",0,1,1,"default_1uM",NA,NA,NA,NA,NA
"Triethylene glycol dimethyl ether","112-49-2","DTXSID8026224",-0.1647,178.2," "," ",0,0.9999,0.66,NA,178.2,-0.1647,0.66,NA,0,2.56336973471147,TRUE,2.56336973471147,"RF_imputed_chem.physical_and_invitro.data",0,1,1,"default_1uM",NA,NA,NA,NA,NA
"Trifloxystrobin","141517-21-7","DTXSID4032580",3.474,408.4,"2.37"," ",466,0,0.0072,NA,408.4,3.474,0.0072,NA,466,100.357713725354,FALSE,466,"httk_measured",0,1,1,"default_1uM",NA,NA,NA,NA,NA
"Triglycidyl isocyanurate","2451-62-9","DTXSID4026262",-0.2031,297.3," "," ",180,0,0.402,NA,297.3,-0.2031,0.402,NA,180,22.2127353347158,FALSE,180,"httk_measured",0,1,1,"default_1uM",NA,NA,NA,NA,NA
"Trinexapac-ethyl","95266-40-3","DTXSID9032535",0.968,252.3," ","8.38",3.82,0,0.137,NA,252.3,0.968,0.137,NA,3.82,4.31341389346064,FALSE,3.82,"httk_measured",0,1,1,"default_1uM",NA,NA,NA,NA,NA
"Triclocarban","101-20-2","DTXSID4026214",4.666,315.6," ","11.4",9.45,NA,0.003883,NA,315.6,4.666,0.003883,NA,9.45,19.0042938018239,FALSE,9.45,"httk_measured",0,1,1,"default_1uM",NA,NA,NA,NA,NA
"1,2-diphenoxyethane","104-66-5","DTXSID5026706",3.809,214.3," "," ",18.51,NA,0,NA,214.3,3.809,0,NA,18.51,27.6664008388112,FALSE,18.51,"httk_measured",0,1,1,"default_1uM",NA,NA,NA,NA,NA
"(4-methoxyphenyl)methanol","105-13-5","DTXSID6044357",1.1,138.2," "," ",90.03,NA,0.9392,NA,138.2,1.1,0.9392,NA,90.03,19.6773686178344,FALSE,90.03,"httk_measured",0,1,1,"default_1uM",NA,NA,NA,NA,NA
"(2z)-3,7-dimethylocta-2,6-dien-1-ol","106-25-2","DTXSID3026728",3.558,154.3," "," ",1.57,NA,0,NA,154.3,3.558,0,NA,1.57,9.8017345575696,FALSE,1.57,"httk_measured",0,1,1,"default_1uM",NA,NA,NA,NA,NA
"Hexanedihydrazide","1071-93-8","DTXSID0044361",-0.2851,174.2,"3.57,2.97","12.6,13.1",0.6018,NA,0.9601,NA,174.2,-0.2851,0.9601,NA,0.6018,1.33066543848586,FALSE,0.6018,"httk_measured",0,1,1,"default_1uM",NA,NA,NA,NA,NA
"Mizolastine","108612-45-9","DTXSID5046801",3.333,432.5,"5.63,2.87","8.08",6,NA,0.023,NA,432.5,3.333,0.023,NA,6,10.2835120401604,FALSE,6,"httk_measured",0,1,1,"default_1uM",NA,NA,NA,NA,NA
"Diethylenetriamine","111-40-0","DTXSID2025050",-0.8286,103.2,"9.93,8.84,5.37"," ",2.003,NA,0.9678,NA,103.2,-0.8286,0.9678,NA,2.003,0.898844244527471,FALSE,2.003,"httk_measured",0,1,1,"default_1uM",NA,NA,NA,NA,NA
"2-butoxyethanol","111-76-2","DTXSID1024097",0.828,118.2," "," ",0.8515,NA,0.8332,NA,118.2,0.828,0.8332,NA,0.8515,1.22939411058177,FALSE,0.8515,"httk_measured",0,1,1,"default_1uM",NA,NA,NA,NA,NA
"Octanoic acid","124-07-2","DTXSID3021645",3.049,144.2," ","5.19",5.626,NA,0,NA,144.2,3.049,0,NA,5.626,14.1869633280341,FALSE,5.626,"httk_measured",0,1,1,"default_1uM",NA,NA,NA,NA,NA
"Metconazole","125116-23-6","DTXSID4034497",3.85,319.8,"2.01","13.7",16.7,NA,0.02646,NA,319.8,3.85,0.02646,NA,16.7,18.8376005420183,FALSE,16.7,"httk_measured",0,1,1,"default_1uM",NA,NA,NA,NA,NA
"2-ethylhexanoic acid","149-57-5","DTXSID9025293",2.643,144.2," ","5.14",1.715,NA,0.1316,NA,144.2,2.643,0.1316,NA,1.715,6.10890726937609,FALSE,1.715,"httk_measured",0,1,1,"default_1uM",NA,NA,NA,NA,NA
"Celecoxib","169590-42-5","DTXSID0022777",3.566,381.4," ","10.6",25.7,NA,0.002837,NA,381.4,3.566,0.002837,NA,25.7,22.3041038308986,FALSE,25.7,"httk_measured",0,1,1,"default_1uM",NA,NA,NA,NA,NA
"4-hydroxy-2,2,6,6-tetramethylpiperidin-1-yl)oxidanyl","2226-96-2","DTXSID4041280",0.8918,172.2,"3.13","14.7",10.4,NA,1,NA,172.2,0.8918,1,NA,10.4,5.37125447370987,FALSE,10.4,"httk_measured",0,1,1,"default_1uM",NA,NA,NA,NA,NA
"Phenthoate","2597-03-7","DTXSID6042280",3.69,320.4," "," ",168,NA,0.02456,NA,320.4,3.69,0.02456,NA,168,45.6694045538084,FALSE,168,"httk_measured",0,1,1,"default_1uM",NA,NA,NA,NA,NA
"C.i. direct red 81 disodium salt","2610-11-9","DTXSID5041726",2.851,675.6," ","-3.35,-2.5,10.8",1.492,NA,4.049e-05,NA,675.6,2.851,4.049e-05,NA,1.492,4.83022041615045,FALSE,1.492,"httk_measured",0,1,1,"default_1uM",NA,NA,NA,NA,NA
"Triethoxyoctylsilane","2943-75-1","DTXSID2029246",4.71,276.5," "," ",11.06,NA,0.026,NA,276.5,4.71,0.026,NA,11.06,16.5063879052457,FALSE,11.06,"httk_measured",0,1,1,"default_1uM",NA,NA,NA,NA,NA
"1-(2-hydroxyethyl)pyrrolidin-2-one","3445-11-2","DTXSID7044922",-0.7006,129.2," "," ",0.1559,NA,1,NA,129.2,-0.7006,1,NA,0.1559,0.58784401946196,FALSE,0.1559,"httk_measured",0,1,1,"default_1uM",NA,NA,NA,NA,NA
"2-butyloctan-1-ol","3913-02-8","DTXSID0044818",4.816,186.3," "," ",0.658,NA,1,NA,186.3,4.816,1,NA,0.658,2.9363202092526,FALSE,0.658,"httk_measured",0,1,1,"default_1uM",NA,NA,NA,NA,NA
"4,4'-sulfonylbis[2-(prop-2-en-1-yl)phenol]","41481-66-7","DTXSID9047598",2.843,330.4," ","7.22,7.83",84.7,NA,0.0759,NA,330.4,2.843,0.0759,NA,84.7,36.1380759830581,FALSE,84.7,"httk_measured",0,1,1,"default_1uM",NA,NA,NA,NA,NA
"4-morpholinecarboxaldehyde","4394-85-8","DTXSID7044427",-1.057,115.1," "," ",0.4016,NA,0.9528,NA,115.1,-1.057,0.9528,NA,0.4016,0.8889047632391,FALSE,0.4016,"httk_measured",0,1,1,"default_1uM",NA,NA,NA,NA,NA
"Ethyl 2-cyano-3,3-diphenylacrylate","5232-99-5","DTXSID9044821",2.97,277.3," "," ",161.3,NA,0.007005,NA,277.3,2.97,0.007005,NA,161.3,57.4714664090559,FALSE,161.3,"httk_measured",0,1,1,"default_1uM",NA,NA,NA,NA,NA
"Terbuthylazine","5915-41-3","DTXSID4027608",3.21,229.7,"3.18","14.2",4.1,NA,0.08238,NA,229.7,3.21,0.08238,NA,4.1,8.76344449601851,FALSE,4.1,"httk_measured",0,1,1,"default_1uM",NA,NA,NA,NA,NA
"Hexyl salicylate","6259-76-3","DTXSID4038924",3.185,222.3," ","9.72",191.4,NA,0,NA,222.3,3.185,0,NA,191.4,60.5141337362557,FALSE,191.4,"httk_measured",0,1,1,"default_1uM",NA,NA,NA,NA,NA
"Ethanol","64-17-5","DTXSID9020584",-0.3097,46.07," "," ",3.958,NA,0.9338,NA,46.07,-0.3097,0.9338,NA,3.958,1.42733449837581,FALSE,3.958,"httk_measured",0,1,1,"default_1uM",NA,NA,NA,NA,NA
"4-(n-methyl-n-nitrosamino)-1-(3-pyridyl)-1-butanone","64091-91-4","DTXSID3020881",1.082,207.2,"3.96,3.26"," ",4.538,NA,0.9647,NA,207.2,1.082,0.9647,NA,4.538,5.06354798430019,FALSE,4.538,"httk_measured",0,1,1,"default_1uM",NA,NA,NA,NA,NA
"4,4'-(oxydiethylene)bis(morpholine)","6425-39-4","DTXSID9042170",0.01817,244.3,"7.17,6.25"," ",2.573,NA,1,NA,244.3,0.01817,1,NA,2.573,2.29612362800254,FALSE,2.573,"httk_measured",0,1,1,"default_1uM",NA,NA,NA,NA,NA
"Isopropanol","67-63-0","DTXSID7020762",0.05195,60.1," "," ",0.2182,NA,0.9214,NA,60.1,0.05195,0.9214,NA,0.2182,1.08630965951874,FALSE,0.2182,"httk_measured",0,1,1,"default_1uM",NA,NA,NA,NA,NA
"Mestranol","72-33-3","DTXSID0020814",4.15,310.4," "," ",10.2,NA,0.04205,NA,310.4,4.15,0.04205,NA,10.2,14.5490444327547,FALSE,10.2,"httk_measured",0,1,1,"default_1uM",NA,NA,NA,NA,NA
"Saccharin","81-07-2","DTXSID5021251",0.9093,183.2," ","1.94",1.917,NA,0.2258,NA,183.2,0.9093,0.2258,NA,1.917,3.85207946299497,FALSE,1.917,"httk_measured",0,1,1,"default_1uM",NA,NA,NA,NA,NA
"2,6-di-tert-butyl-4-[(dimethylamino)methyl]phenol","88-27-7","DTXSID0044997",4.028,263.4,"8.8","10.8",1.55,NA,0.2649,NA,263.4,4.028,0.2649,NA,1.55,3.5083927131297,FALSE,1.55,"httk_measured",0,1,1,"default_1uM",NA,NA,NA,NA,NA
"6-phenyl-1,3,5-triazine-2,4-diamine","91-76-9","DTXSID1020142",1.362,187.2,"6.02,0.1"," ",1.18,NA,0.343,NA,187.2,1.362,0.343,NA,1.18,2.45169117076629,FALSE,1.18,"httk_measured",0,1,1,"default_1uM",NA,NA,NA,NA,NA
"Tetramethylthiuram monosulfide","97-74-5","DTXSID0021333",0.9374,208.4," "," ",18.06,NA,0.6276,NA,208.4,0.9374,0.6276,NA,18.06,9.84634408334704,FALSE,18.06,"httk_measured",0,1,1,"default_1uM",NA,NA,NA,NA,NA
"N-dodecanoyl-n-methylglycine","97-78-9","DTXSID7042011",3.792,271.4," ","4.12",42.07,NA,0.003219,NA,271.4,3.792,0.003219,NA,42.07,42.7651641630235,FALSE,42.07,"httk_measured",0,1,1,"default_1uM",NA,NA,NA,NA,NA
"C.i.disperse yellow 42","5124-25-4","DTXSID8052148",4.599,369.4," ","7.92,13.7",109.1,NA,0,NA,369.4,4.599,0,NA,109.1,33.8310675269631,FALSE,109.1,"httk_measured",0,1,1,"default_1uM",NA,NA,NA,NA,NA
"4-n-nonylphenol","104-40-5","DTXSID5033836",5.757,220.4," ","10.3",62.6,NA,0.0209,NA,220.4,5.757,0.0209,NA,62.6,34.7427167151385,FALSE,62.6,"httk_measured",0,1,1,"default_1uM",NA,NA,NA,NA,NA
