"CAS","Compound","DTXSID","Clint_native","Clint_rf","Clint_used","Clint_source","AC50_5pct_uM","AC50_med_uM","AC50_source","n_tc_assays","AED_median","AED_5pct","AED_95pct","AED_mean","Exposure_median_mg_kg_day","Exposure_l95_mg_kg_day","Exposure_u95_mg_kg_day","Exposure_source","Exposure_pathway","BER","BER_low","BER_high","concern"
"6923-22-4","Monocrotophos","DTXSID9034816",0,2.3383509756649,2.3383509756649,"RF_imputed_chem.physical_and_invitro.data",0.000434763309648529,31.7570000382596,"example.toxcast",10,0.0007376,0.000216415,0.0026622,0.00101222167,NA,NA,NA,NA,NA,NA,NA,NA,"no_exposure_data"
"2610-11-9","C.i. direct red 81 disodium salt","DTXSID5041726",1.492,4.83022041615045,1.492,"httk_measured",1,1,"default_1uM",0,0.0008666,0.000293295,0.0031889,0.00119209996,NA,NA,NA,NA,NA,NA,NA,NA,"no_exposure_data"
"70-30-4","Hexachlorophene","DTXSID6020690",0,0.619294228547985,0.619294228547985,"RF_imputed_chem.physical_and_invitro.data",1,1,"default_1uM",0,0.0005772,0.000168,0.0035922,0.00108556424,NA,NA,NA,NA,NA,NA,NA,NA,"no_exposure_data"
"1702-17-6","Clopyralid","DTXSID9029221",0,1.9936353692659,1.9936353692659,"RF_imputed_chem.physical_and_invitro.data",0.000851138038202377,3.51560440528298,"example.toxcast",21,0.00090635,0.00025774,0.00369075,0.00128450028,NA,NA,NA,NA,NA,NA,NA,NA,"no_exposure_data"
"3913-02-8","2-butyloctan-1-ol","DTXSID0044818",0.658,2.9363202092526,0.658,"httk_measured",1,1,"default_1uM",0,0.00771,0.00191875,0.028402,0.0104094644,NA,NA,NA,NA,NA,NA,NA,NA,"no_exposure_data"
"88-18-6","2-tert-butylphenol","DTXSID2026525",59.7,55.5014433758815,59.7,"httk_measured",1,1,"default_1uM",0,0.00757,0.0015098,0.0315265,0.0110702774,NA,NA,NA,NA,NA,NA,NA,NA,"no_exposure_data"
"106-25-2","(2z)-3,7-dimethylocta-2,6-dien-1-ol","DTXSID3026728",1.57,9.8017345575696,1.57,"httk_measured",1,1,"default_1uM",0,0.0083505,0.00091465,0.0377,0.0129638094,NA,NA,NA,NA,NA,NA,NA,NA,"no_exposure_data"
"67614-33-9","Fenvalerate","DTXSID3020621",0.766,11.4557864284548,0.766,"httk_measured",1,1,"default_1uM",0,0.009311,0.0018988,0.04079,0.0134559265,NA,NA,NA,NA,NA,NA,NA,NA,"no_exposure_data"
"10081-67-1","4-(2-phenylpropan-2-yl)-n-[4-(2-phenylpropan-2-yl)phenyl]aniline","DTXSID0027721",0,1.43878890736062,1.43878890736062,"RF_imputed_chem.physical_and_invitro.data",1,1,"default_1uM",0,0.014255,0.00322595,0.0524225,0.0193994893,NA,NA,NA,NA,NA,NA,NA,NA,"no_exposure_data"
"5809-23-4","2-[4-(diethylamino)-2-hydroxybenzoyl]benzoic acid","DTXSID4027604",2,8.31384450111218,2,"httk_measured",1,1,"default_1uM",0,0.017315,0.00337175,0.07029,0.0243424434,NA,NA,NA,NA,NA,NA,NA,NA,"no_exposure_data"
"1154-59-2","3,5-dichlorosalicyl-3,4-dichloroanullide","DTXSID4040767",0,20.0076887289035,20.0076887289035,"RF_imputed_chem.physical_and_invitro.data",1,1,"default_1uM",0,0.01006,0.00153345,0.0812435,0.020757059,NA,NA,NA,NA,NA,NA,NA,NA,"no_exposure_data"
"124-07-2","Octanoic acid","DTXSID3021645",5.626,14.1869633280341,5.626,"httk_measured",1,1,"default_1uM",0,0.01771,0.00166265,0.100955,0.0309672081,NA,NA,NA,NA,NA,NA,NA,NA,"no_exposure_data"
"96-76-4","2,4-di-tert-butylphenol","DTXSID2026602",2.52,3.87960269158428,2.52,"httk_measured",1,1,"default_1uM",0,0.02261,0.003112,0.1027,0.032837212,NA,NA,NA,NA,NA,NA,NA,NA,"no_exposure_data"
"69327-76-0","Buprofezin","DTXSID8034401",18.47,19.9785298408045,18.47,"httk_measured",1,1,"default_1uM",0,0.020605,0.0030052,0.11625,0.0349087422,NA,NA,NA,NA,NA,NA,NA,NA,"no_exposure_data"
"88-24-4","2,2'-methylenebis(ethyl-6-tert-butylphenol)","DTXSID7038864",0,2.65062545354072,2.65062545354072,"RF_imputed_chem.physical_and_invitro.data",1,1,"default_1uM",0,0.029015,0.005746,0.11752,0.0420273368,NA,NA,NA,NA,NA,NA,NA,NA,"no_exposure_data"
"501027-49-2","Pd-0333941","DTXSID2047307",3.4,8.70858262759634,3.4,"httk_measured",1,1,"default_1uM",0,0.024355,0.0043129,0.120715,0.0394030457,NA,NA,NA,NA,NA,NA,NA,NA,"no_exposure_data"
"117-81-7","Diethylhexyl phthalate (dehp)","DTXSID5020607",0,2.60467275737994,2.60467275737994,"RF_imputed_chem.physical_and_invitro.data",1,1,"default_1uM",0,0.032715,0.0051691,0.126595,0.0449221677,NA,NA,NA,NA,NA,NA,NA,NA,"no_exposure_data"
"2390-60-5","Basic blue 7","DTXSID5038888",3.21,5.13742095757414,3.21,"httk_measured",1,1,"default_1uM",0,0.012285,0.00181495,0.12846,0.034258696,NA,NA,NA,NA,NA,NA,NA,NA,"no_exposure_data"
"3236-71-3","4,4'-(9h-fluorene-9,9-diyl)diphenol","DTXSID5037731",22.4,24.7928537838257,22.4,"httk_measured",1,1,"default_1uM",0,0.011425,0.00184455,0.12971,0.031836391,NA,NA,NA,NA,NA,NA,NA,NA,"no_exposure_data"
"83055-99-6","Bensulfuron-methyl","DTXSID7024164",1.65,3.32517736198028,1.65,"httk_measured",1,1,"default_1uM",0,0.033805,0.00956855,0.131005,0.046019681,NA,NA,NA,NA,NA,NA,NA,NA,"no_exposure_data"
"117-84-0","Di-n-octyl phthalate","DTXSID1021956",0,2.78576245162314,2.78576245162314,"RF_imputed_chem.physical_and_invitro.data",1,1,"default_1uM",0,0.033665,0.0059686,0.13443,0.0483211419,NA,NA,NA,NA,NA,NA,NA,NA,"no_exposure_data"
"57-97-6","""7,12-dimethylbenz(a)anthracene""","DTXSID1020510",3.226,18.0301887969975,3.226,"httk_measured",1.44612754690257,21.8776162394955,"example.toxcast",479,0.03391,0.0059094,0.13734,0.0486288887,NA,NA,NA,NA,NA,NA,NA,NA,"no_exposure_data"
"52479-85-3","Exifone","DTXSID9044950",28.1,40.9912646931854,28.1,"httk_measured",1,1,"default_1uM",0,0.0078645,0.00107385,0.14095,0.0319246517,NA,NA,NA,NA,NA,NA,NA,NA,"no_exposure_data"
"2921-88-2","Chlorpyrifos","DTXSID4020458",2.6,10.5176037956703,2.6,"httk_measured",1,1,"default_1uM",0,0.032075,0.0047252,0.152025,0.0469353162,NA,NA,NA,NA,NA,NA,NA,NA,"no_exposure_data"
"205-99-2","Benzo[b]fluoranthene","DTXSID0023907",5.564,10.1247371114591,5.564,"httk_measured",1,1,"default_1uM",0,0.03937,0.00768185,0.16068,0.0579586865,NA,NA,NA,NA,NA,NA,NA,NA,"no_exposure_data"
"103-24-2","Azelaic acid di(2-ethylhexyl) ester","DTXSID3026697",3.152,2.82711408174441,3.152,"httk_measured",1,1,"default_1uM",0,0.03973,0.00670025,0.161115,0.0567076767,NA,NA,NA,NA,NA,NA,NA,NA,"no_exposure_data"
"92-04-6","2-chloro-4-phenylphenol","DTXSID0022353",0,45.8780518331106,45.8780518331106,"RF_imputed_chem.physical_and_invitro.data",1,1,"default_1uM",0,0.01891,0.00256285,0.16569,0.0458870763,NA,NA,NA,NA,NA,NA,NA,NA,"no_exposure_data"
"22204-53-1","Naproxen","DTXSID4040686",26.48,40.411506589731,26.48,"httk_measured",1,1,"default_1uM",0,0.02941,0.00333025,0.17491,0.0545386735,NA,NA,NA,NA,NA,NA,NA,NA,"no_exposure_data"
"834-12-8","Ametryn","DTXSID1023869",14.7,27.6385480929504,14.7,"httk_measured",1,1,"default_1uM",0,0.039465,0.00551615,0.178035,0.058474395,NA,NA,NA,NA,NA,NA,NA,NA,"no_exposure_data"
"145701-21-9","Diclosulam","DTXSID4034528",3.442,5.92281412542396,3.442,"httk_measured",1,1,"default_1uM",0,0.036165,0.00493775,0.19973,0.0603258297,NA,NA,NA,NA,NA,NA,NA,NA,"no_exposure_data"
"87820-88-0","Tralkoxydim","DTXSID1034973",0,3.27730237886901,3.27730237886901,"RF_imputed_chem.physical_and_invitro.data",1,1,"default_1uM",0,0.05085,0.010688,0.20223,0.07178475,NA,NA,NA,NA,NA,NA,NA,NA,"no_exposure_data"
"88-85-7","Dinoseb","DTXSID3020207",0,82.8817462705947,82.8817462705947,"RF_imputed_chem.physical_and_invitro.data",1,1,"default_1uM",0,0.033235,0.0038957,0.213765,0.0626228983,NA,NA,NA,NA,NA,NA,NA,NA,"no_exposure_data"
"101-61-1","""4,4'-methylenebis(n,n-dimethylaniline)""","DTXSID5020869",18.85,30.2108870979985,18.85,"httk_measured",1,1,"default_1uM",0,0.034475,0.00358785,0.21499,0.063128309,NA,NA,NA,NA,NA,NA,NA,NA,"no_exposure_data"
"33820-53-0","Isopropalin","DTXSID8024157",12.5,27.2443186784517,12.5,"httk_measured",1,1,"default_1uM",0,0.013615,0.00201415,0.2191,0.0478934134,NA,NA,NA,NA,NA,NA,NA,NA,"no_exposure_data"
"50892-23-4","Pirinixic acid","DTXSID4020290",7.51,9.02857188988186,7.51,"httk_measured",1,1,"default_1uM",0,0.03863,0.0052703,0.23125,0.0658907854,NA,NA,NA,NA,NA,NA,NA,NA,"no_exposure_data"
"95737-68-1","Pyriproxyfen","DTXSID1032640",16.86,27.9927272709102,16.86,"httk_measured",1,1,"default_1uM",0,0.0398,0.0048753,0.2381,0.0704864783,NA,NA,NA,NA,NA,NA,NA,NA,"no_exposure_data"
"563-12-2","Ethion","DTXSID2024086",10.41,15.1974359691305,10.41,"httk_measured",1,1,"default_1uM",0,0.0306,0.00384265,0.23858,0.0638672794,NA,NA,NA,NA,NA,NA,NA,NA,"no_exposure_data"
"584-79-2","D-cis,trans-allethrin","DTXSID8035180",0,3.78236513913867,3.78236513913867,"RF_imputed_chem.physical_and_invitro.data",1,1,"default_1uM",0,0.06321,0.0119105,0.24713,0.090665984,NA,NA,NA,NA,NA,NA,NA,NA,"no_exposure_data"
"54965-24-1","Tamoxifen citrate","DTXSID8021301",0,12.6352274410106,12.6352274410106,"RF_imputed_chem.physical_and_invitro.data",1,1,"default_1uM",0,0.047495,0.0065628,0.248365,0.0793691223,NA,NA,NA,NA,NA,NA,NA,NA,"no_exposure_data"
"129-00-0","Pyrene","DTXSID3024289",6.18,11.3332589643072,6.18,"httk_measured",1,1,"default_1uM",0,0.055605,0.00878625,0.25304,0.080696161,NA,NA,NA,NA,NA,NA,NA,NA,"no_exposure_data"
"64-77-7","Tolbutamide","DTXSID8021359",1.324,3.42989739878115,1.324,"httk_measured",1,1,"default_1uM",0,0.04994,0.0084694,0.25961,0.079445932,NA,NA,NA,NA,NA,NA,NA,NA,"no_exposure_data"
"40487-42-1","Pendimethalin","DTXSID7024245",7.214,21.1112874905801,7.214,"httk_measured",1,1,"default_1uM",0,0.060185,0.010746,0.265745,0.089229795,NA,NA,NA,NA,NA,NA,NA,NA,"no_exposure_data"
"97322-87-7","Troglitazone","DTXSID8023719",21.85,18.0977270855,21.85,"httk_measured",1,1,"default_1uM",0,0.048255,0.0060058,0.271895,0.0832482341,NA,NA,NA,NA,NA,NA,NA,NA,"no_exposure_data"
"206-44-0","Fluoranthene","DTXSID3024104",8.064,10.9826786249478,8.064,"httk_measured",1,1,"default_1uM",0,0.058025,0.010826,0.27262,0.088126066,NA,NA,NA,NA,NA,NA,NA,NA,"no_exposure_data"
"199119-58-9","Trifloxysulfuron-sodium","DTXSID8040222",0,9.11747149037713,9.11747149037713,"RF_imputed_chem.physical_and_invitro.data",1,1,"default_1uM",0,0.04762,0.00693735,0.27694,0.083596236,NA,NA,NA,NA,NA,NA,NA,NA,"no_exposure_data"
"118134-30-8","Spiroxamine","DTXSID1034212",3.353,8.98884325010836,3.353,"httk_measured",1,1,"default_1uM",0,0.053155,0.00596345,0.30303,0.0964659254,NA,NA,NA,NA,NA,NA,NA,NA,"no_exposure_data"
"208465-21-8","Mesosulfuron-methyl","DTXSID6034712",5.452,8.25686119556941,5.452,"httk_measured",1,1,"default_1uM",0,0.0556,0.00571585,0.31112,0.0947427739,NA,NA,NA,NA,NA,NA,NA,NA,"no_exposure_data"
"36734-19-7","Iprodione","DTXSID3024154",11.7,24.0477315781724,11.7,"httk_measured",1,1,"default_1uM",0,0.058825,0.00645055,0.31995,0.101447085,NA,NA,NA,NA,NA,NA,NA,NA,"no_exposure_data"
"97-56-3","2-amino-5-azotoluene","DTXSID1020069",6.89,19.3139699361006,6.89,"httk_measured",1,1,"default_1uM",0,0.06317,0.007922,0.32226,0.1000940008,NA,NA,NA,NA,NA,NA,NA,NA,"no_exposure_data"
"99-66-1","Valproic acid","DTXSID6023733",0.4366,2.45814196580452,0.4366,"httk_measured",1,1,"default_1uM",0,0.1059,0.036208,0.322395,0.13581838,NA,NA,NA,NA,NA,NA,NA,NA,"no_exposure_data"
"120-36-5","Dichlorprop","DTXSID0020440",0,6.20938265901504,6.20938265901504,"RF_imputed_chem.physical_and_invitro.data",1,1,"default_1uM",0,0.050365,0.0056991,0.32491,0.0921497811,NA,NA,NA,NA,NA,NA,NA,NA,"no_exposure_data"
"81-90-3","Phenolphthalin","DTXSID5022439",1.85,2.86746225425199,1.85,"httk_measured",1,1,"default_1uM",0,0.068355,0.0149465,0.32987,0.10755892,NA,NA,NA,NA,NA,NA,NA,NA,"no_exposure_data"
"29094-61-9","Glipizide","DTXSID0040676",1.597,3.77362068693091,1.597,"httk_measured",1,1,"default_1uM",0,0.076045,0.0109705,0.341565,0.11695396,NA,NA,NA,NA,NA,NA,NA,NA,"no_exposure_data"
"116-06-3","Aldicarb","DTXSID0039223",0,1.7042979761079,1.7042979761079,"RF_imputed_chem.physical_and_invitro.data",0.0839766700006578,6.20869034230064,"example.toxcast",37,0.076305,0.016095,0.34458,0.116832381,NA,NA,NA,NA,NA,NA,NA,NA,"no_exposure_data"
"15687-27-1","Ibuprofen","DTXSID5020732",10.12,14.2450698157585,10.12,"httk_measured",1,1,"default_1uM",0,0.051495,0.0053892,0.349455,0.0950335035,NA,NA,NA,NA,NA,NA,NA,NA,"no_exposure_data"
"101-20-2","Triclocarban","DTXSID4026214",9.45,19.0042938018239,9.45,"httk_measured",1,1,"default_1uM",0,0.083055,0.0109695,0.359265,0.1210119221,NA,NA,NA,NA,NA,NA,NA,NA,"no_exposure_data"
"144550-36-7","Iodosulfuron-methyl-sodium","DTXSID2034673",5.691,9.87152570633874,5.691,"httk_measured",1,1,"default_1uM",0,0.06605,0.008951,0.361285,0.1101710491,NA,NA,NA,NA,NA,NA,NA,NA,"no_exposure_data"
"29091-21-2","Prodiamine","DTXSID1034210",7.216,40.3908600779951,7.216,"httk_measured",1,1,"default_1uM",0,0.07737,0.0079158,0.362895,0.1171786824,NA,NA,NA,NA,NA,NA,NA,NA,"no_exposure_data"
"122-14-5","Fenitrothion","DTXSID4032613",10.02,37.3256264619065,10.02,"httk_measured",1,1,"default_1uM",0,0.06745,0.00698705,0.371545,0.1180135614,NA,NA,NA,NA,NA,NA,NA,NA,"no_exposure_data"
"13680-35-8","4,4'-methylenebis(2,6-diethylaniline)","DTXSID4048191",8.2,12.8310005799687,8.2,"httk_measured",1,1,"default_1uM",0,0.093505,0.013491,0.37523,0.128557262,NA,NA,NA,NA,NA,NA,NA,NA,"no_exposure_data"
"15299-99-7","Napropamide","DTXSID5024211",15.15,34.4685046008421,15.15,"httk_measured",1,1,"default_1uM",0,0.06466,0.0064934,0.38393,0.1184072626,NA,NA,NA,NA,NA,NA,NA,NA,"no_exposure_data"
"50-29-3","""p,p'-ddt""","DTXSID4020375",12.5,6.92236858916689,12.5,"httk_measured",1,1,"default_1uM",0,0.1147,0.0221155,0.384155,0.151092715,NA,NA,NA,NA,NA,NA,NA,NA,"no_exposure_data"
"83657-24-3","Diniconazole","DTXSID2040363",0,7.8708143871224,7.8708143871224,"RF_imputed_chem.physical_and_invitro.data",1,1,"default_1uM",0,0.1035,0.014959,0.38912,0.142749395,NA,NA,NA,NA,NA,NA,NA,NA,"no_exposure_data"
"19774-82-4","Amiodarone hydrochloride","DTXSID7037185",4.537,8.44999990930858,4.537,"httk_measured",1,1,"default_1uM",0,0.078465,0.00655275,0.39035,0.1247532489,NA,NA,NA,NA,NA,NA,NA,NA,"no_exposure_data"
"35554-44-0","Imazalil","DTXSID8024151",0,4.5559887212547,4.5559887212547,"RF_imputed_chem.physical_and_invitro.data",1,1,"default_1uM",0,0.09021,0.0147485,0.399,0.1338923576,NA,NA,NA,NA,NA,NA,NA,NA,"no_exposure_data"
"288104-79-0","Surinabant","DTXSID2047357",0,12.4395700562388,12.4395700562388,"RF_imputed_chem.physical_and_invitro.data",1,1,"default_1uM",0,0.07348,0.0112225,0.41189,0.12437638,NA,NA,NA,NA,NA,NA,NA,NA,"no_exposure_data"
"13674-87-8","""tris(1,3-dichloro-2-propyl) phosphate (tdcpp)""","DTXSID9026261",5.092,8.11922184042217,5.092,"httk_measured",1,1,"default_1uM",0,0.079875,0.0123645,0.41917,0.129144311,NA,NA,NA,NA,NA,NA,NA,NA,"no_exposure_data"
"66230-04-4","Esfenvalerate","DTXSID4032667",0,10.8152821494586,10.8152821494586,"RF_imputed_chem.physical_and_invitro.data",1,1,"default_1uM",0,0.1137,0.019607,0.4263,0.155762894,NA,NA,NA,NA,NA,NA,NA,NA,"no_exposure_data"
"121552-61-2","Cyprodinil","DTXSID1032359",37.77,35.9374655124626,37.77,"httk_measured",1,1,"default_1uM",0,0.083505,0.0096348,0.428695,0.1344074124,NA,NA,NA,NA,NA,NA,NA,NA,"no_exposure_data"
"60168-88-9","Fenarimol","DTXSID2032390",3.788,9.12919593104727,3.788,"httk_measured",1,1,"default_1uM",0,0.1102,0.020889,0.432395,0.1582240494,NA,NA,NA,NA,NA,NA,NA,NA,"no_exposure_data"
"18979-55-0","4-(hexyloxy)phenol","DTXSID4048195",83.6,66.9713977226358,83.6,"httk_measured",1,1,"default_1uM",0,0.046285,0.00394105,0.43405,0.1106218354,NA,NA,NA,NA,NA,NA,NA,NA,"no_exposure_data"
"534-52-1","""2-methyl-4,6-dinitrophenol""","DTXSID1022053",0,41.7689785245842,41.7689785245842,"RF_imputed_chem.physical_and_invitro.data",1,1,"default_1uM",0,0.07619,0.00711095,0.436965,0.1254807072,NA,NA,NA,NA,NA,NA,NA,NA,"no_exposure_data"
"120068-37-3","Fipronil","DTXSID4034609",0,3.62087088451451,3.62087088451451,"RF_imputed_chem.physical_and_invitro.data",1,1,"default_1uM",0,0.10875,0.0226295,0.44661,0.155956911,NA,NA,NA,NA,NA,NA,NA,NA,"no_exposure_data"
"99-30-9","Dichloran","DTXSID2020426",0,15.6302784020607,15.6302784020607,"RF_imputed_chem.physical_and_invitro.data",1,1,"default_1uM",0,0.07215,0.00721385,0.44957,0.132548077,NA,NA,NA,NA,NA,NA,NA,NA,"no_exposure_data"
"3691-35-8","Chlorophacinone","DTXSID2032348",0,37.9917637310234,37.9917637310234,"RF_imputed_chem.physical_and_invitro.data",1,1,"default_1uM",0,0.01731,0.0026708,0.4503,0.0916825938,NA,NA,NA,NA,NA,NA,NA,NA,"no_exposure_data"
"97780-06-8","Ethametsulfuron methyl","DTXSID9034573",0,2.85283625819446,2.85283625819446,"RF_imputed_chem.physical_and_invitro.data",1,1,"default_1uM",0,0.08258,0.010676,0.450925,0.1400012541,NA,NA,NA,NA,NA,NA,NA,NA,"no_exposure_data"
"1806-26-4","4-octylphenol","DTXSID9022312",15.65,23.1673421724286,15.65,"httk_measured",1,1,"default_1uM",0,0.1024,0.017316,0.45119,0.148436948,NA,NA,NA,NA,NA,NA,NA,NA,"no_exposure_data"
"789-02-6","""o,p'-ddt""","DTXSID6022345",15.3,3.35595713297815,15.3,"httk_measured",1,1,"default_1uM",0,0.1259,0.020339,0.45619,0.169544118,NA,NA,NA,NA,NA,NA,NA,NA,"no_exposure_data"
"56-95-1","Chlorhexidine diacetate","DTXSID7032345",0,10.0215912857642,10.0215912857642,"RF_imputed_chem.physical_and_invitro.data",1,1,"default_1uM",0,0.07809,0.010387,0.45755,0.134345689,NA,NA,NA,NA,NA,NA,NA,NA,"no_exposure_data"
"2104-64-5","O-ethyl o-(p-nitrophenyl) phenylphosphonothioate","DTXSID7022174",8.16,14.5854631943209,8.16,"httk_measured",1,1,"default_1uM",0,0.097185,0.01503,0.468025,0.1553133764,NA,NA,NA,NA,NA,NA,NA,NA,"no_exposure_data"
"4065-45-6","Sulisobenzone","DTXSID2042436",1.05,2.2055689681788,1.05,"httk_measured",1,1,"default_1uM",0,0.095645,0.0181145,0.47046,0.158942891,NA,NA,NA,NA,NA,NA,NA,NA,"no_exposure_data"
"81-81-2","Warfarin","DTXSID5023742",0,5.80458208034504,5.80458208034504,"RF_imputed_chem.physical_and_invitro.data",1,1,"default_1uM",0,0.09145,0.0134195,0.47275,0.144608426,NA,NA,NA,NA,NA,NA,NA,NA,"no_exposure_data"
"67-63-0","Isopropanol","DTXSID7020762",0.2182,1.08630965951874,0.2182,"httk_measured",1,1,"default_1uM",0,0.17075,0.035366,0.48204,0.2027040377,NA,NA,NA,NA,NA,NA,NA,NA,"no_exposure_data"
"80-46-6","4-(2-methylbutan-2-yl)phenol","DTXSID8021771",20.96,45.1651282471185,20.96,"httk_measured",1,1,"default_1uM",0,0.08251,0.00652345,0.48527,0.1490038092,NA,NA,NA,NA,NA,NA,NA,NA,"no_exposure_data"
"80-05-7","Bisphenol-a","DTXSID7020182",19.9,25.5582466087208,19.9,"httk_measured",0.146589977600508,21.8776162394955,"example.toxcast",814,0.10685,0.0143165,0.49865,0.164066444,NA,NA,NA,NA,NA,NA,NA,NA,"no_exposure_data"
"169590-42-5","Celecoxib","DTXSID0022777",25.7,22.3041038308986,25.7,"httk_measured",1,1,"default_1uM",0,0.096245,0.010278,0.511225,0.157250436,NA,NA,NA,NA,NA,NA,NA,NA,"no_exposure_data"
"50-65-7","Niclosamide","DTXSID7040362",12,45.7403643595975,12,"httk_measured",1,1,"default_1uM",0,0.081965,0.00865915,0.512675,0.152622702,NA,NA,NA,NA,NA,NA,NA,NA,"no_exposure_data"
"79-74-3","2,5-bis(2-methylbutan-2-yl)benzene-1,4-diol","DTXSID5044992",11.4,14.4288881017196,11.4,"httk_measured",1,1,"default_1uM",0,0.13185,0.018658,0.513615,0.187400709,NA,NA,NA,NA,NA,NA,NA,NA,"no_exposure_data"
"7173-51-5","Didecyl dimethyl ammonium chloride","DTXSID9032537",0,11.3386142649224,11.3386142649224,"RF_imputed_chem.physical_and_invitro.data",1,1,"default_1uM",0,0.08961,0.0098791,0.517184999999999,0.1557690745,NA,NA,NA,NA,NA,NA,NA,NA,"no_exposure_data"
"13301-61-6","C.i. disperse orange 37","DTXSID9044538",0,21.581245455267,21.581245455267,"RF_imputed_chem.physical_and_invitro.data",1,1,"default_1uM",0,0.085945,0.0097223,0.51798,0.152136739,NA,NA,NA,NA,NA,NA,NA,NA,"no_exposure_data"
"94125-34-5","Prosulfuron","DTXSID9034868",10.37,6.83804851186775,10.37,"httk_measured",1,1,"default_1uM",0,0.08299,0.00876835,0.536215,0.149608936,NA,NA,NA,NA,NA,NA,NA,NA,"no_exposure_data"
"42874-03-3","Oxyfluorfen","DTXSID7024241",0,5.94022633664219,5.94022633664219,"RF_imputed_chem.physical_and_invitro.data",1,1,"default_1uM",0,0.1219,0.0196225,0.550865,0.176132261,NA,NA,NA,NA,NA,NA,NA,NA,"no_exposure_data"
"100784-20-1","Halosulfuron-methyl","DTXSID9034650",0,5.95390343617492,5.95390343617492,"RF_imputed_chem.physical_and_invitro.data",1,1,"default_1uM",0,0.09911,0.0114145,0.551045,0.174240153,NA,NA,NA,NA,NA,NA,NA,NA,"no_exposure_data"
"115-32-2","Dicofol","DTXSID4020450",27.8,20.9279227106238,27.8,"httk_measured",1,1,"default_1uM",0,0.060495,0.0073658,0.5561,0.1469420937,NA,NA,NA,NA,NA,NA,NA,NA,"no_exposure_data"
"604-75-1","Oxazepam","DTXSID1021087",3.271,5.02429773379062,3.271,"httk_measured",1,1,"default_1uM",0,0.1043,0.0149485,0.55716,0.17177922,NA,NA,NA,NA,NA,NA,NA,NA,"no_exposure_data"
"57-41-0","Phenytoin","DTXSID8020541",0.8178,2.62617390078039,0.8178,"httk_measured",1,1,"default_1uM",0,0.14025,0.038821,0.559075,0.198518296,NA,NA,NA,NA,NA,NA,NA,NA,"no_exposure_data"
"128-39-2","""2,6-di-tert-butylphenol""","DTXSID6027052",0,14.5915907804131,14.5915907804131,"RF_imputed_chem.physical_and_invitro.data",1,1,"default_1uM",0,0.13315,0.0190205,0.565199999999999,0.194372045,NA,NA,NA,NA,NA,NA,NA,NA,"no_exposure_data"
"79622-59-6","Fluazinam","DTXSID7032551",24.76,25.1681446938638,24.76,"httk_measured",0.41862821387355,3.99944749761097,"example.toxcast",526,0.1025,0.0108285,0.56845,0.1698234059,NA,NA,NA,NA,NA,NA,NA,NA,"no_exposure_data"
"56-55-3","Benz[a]anthracene","DTXSID5023902",18.27,14.3197361343667,18.27,"httk_measured",1,1,"default_1uM",0,0.13265,0.0264535,0.57924,0.192288557,NA,NA,NA,NA,NA,NA,NA,NA,"no_exposure_data"
"50-55-5","Reserpine","DTXSID7021237",0,9.58746650365809,9.58746650365809,"RF_imputed_chem.physical_and_invitro.data",1,1,"default_1uM",0,0.098575,0.0120285,0.580389999999999,0.174196221,NA,NA,NA,NA,NA,NA,NA,NA,"no_exposure_data"
"3118-97-6","C.i. solvent orange 7","DTXSID5040706",0,38.5492064356777,38.5492064356777,"RF_imputed_chem.physical_and_invitro.data",1,1,"default_1uM",0,0.03741,0.0055696,0.59247,0.140814389,NA,NA,NA,NA,NA,NA,NA,NA,"no_exposure_data"
"91-53-2","Ethoxyquin","DTXSID9020582",15.16,21.3862632048629,15.16,"httk_measured",1,1,"default_1uM",0,0.1025,0.0109765,0.60082,0.1732607276,NA,NA,NA,NA,NA,NA,NA,NA,"no_exposure_data"
"2634-33-5","""1,2-benzisothiazolin-3-one""","DTXSID5032523",34.74,31.7337014314972,34.74,"httk_measured",1,1,"default_1uM",0,0.090055,0.010386,0.601455,0.1694432458,NA,NA,NA,NA,NA,NA,NA,NA,"no_exposure_data"
"6846-50-0","2,2,4-trimethyl-1,3-pentanediol diisobutyrate","DTXSID1027635",9.95,22.9723519897095,9.95,"httk_measured",1,1,"default_1uM",0,0.11265,0.0122425,0.60291,0.185396869,NA,NA,NA,NA,NA,NA,NA,NA,"no_exposure_data"
"103-23-1","Di(2-ethylhexyl)adipate","DTXSID0020606",13.56,10.6922416684617,13.56,"httk_measured",1,1,"default_1uM",0,0.15415,0.030954,0.612835,0.218438073,NA,NA,NA,NA,NA,NA,NA,NA,"no_exposure_data"
"104-66-5","1,2-diphenoxyethane","DTXSID5026706",18.51,27.6664008388112,18.51,"httk_measured",1,1,"default_1uM",0,0.1211,0.0101085,0.616085,0.1964611423,NA,NA,NA,NA,NA,NA,NA,NA,"no_exposure_data"
"60-57-1","Dieldrin","DTXSID9020453",0,10.5279401791419,10.5279401791419,"RF_imputed_chem.physical_and_invitro.data",1,1,"default_1uM",0,0.1426,0.020318,0.61795,0.208211111,NA,NA,NA,NA,NA,NA,NA,NA,"no_exposure_data"
"872-50-4","N-methyl-2-pyrrolidone","DTXSID6020856",0.04123,0.263148775263421,0.04123,"httk_measured",1,1,"default_1uM",0,0.24985,0.0918255,0.626815,0.28712554,NA,NA,NA,NA,NA,NA,NA,NA,"no_exposure_data"
"2943-75-1","Triethoxyoctylsilane","DTXSID2029246",11.06,16.5063879052457,11.06,"httk_measured",1,1,"default_1uM",0,0.16205,0.0260405,0.6311,0.230531357,NA,NA,NA,NA,NA,NA,NA,NA,"no_exposure_data"
"149979-41-9","Tepraloxydim","DTXSID7034252",3.349,4.52551831950374,3.349,"httk_measured",1,1,"default_1uM",0,0.1767,0.0415605,0.64161,0.240148397,NA,NA,NA,NA,NA,NA,NA,NA,"no_exposure_data"
"82657-04-3","Bifenthrin","DTXSID9020160",0,13.7688826111083,13.7688826111083,"RF_imputed_chem.physical_and_invitro.data",1,1,"default_1uM",0,0.1667,0.0245955,0.645365,0.234668944,NA,NA,NA,NA,NA,NA,NA,NA,"no_exposure_data"
"139340-56-0","Darbufelone mesylate","DTXSID0047246",0,7.23213429825424,7.23213429825424,"RF_imputed_chem.physical_and_invitro.data",1,1,"default_1uM",0,0.1369,0.018458,0.65154,0.210201252,NA,NA,NA,NA,NA,NA,NA,NA,"no_exposure_data"
"51-48-9","Levothyroxine","DTXSID8023214",0,14.7783089355972,14.7783089355972,"RF_imputed_chem.physical_and_invitro.data",1,1,"default_1uM",0,0.045395,0.0071772,0.65283,0.1497867565,NA,NA,NA,NA,NA,NA,NA,NA,"no_exposure_data"
"119-47-1","2,2'-methylenebis(4-methyl-6-tert-butylphenol)","DTXSID4020870",22.4,35.9949401834665,22.4,"httk_measured",1,1,"default_1uM",0,0.1688,0.025473,0.659054999999999,0.230728421,NA,NA,NA,NA,NA,NA,NA,NA,"no_exposure_data"
"24169-02-6","Econazole nitrate","DTXSID6025226",6.02,5.83920611329851,6.02,"httk_measured",1,1,"default_1uM",0,0.10855,0.014842,0.659735,0.201844044,NA,NA,NA,NA,NA,NA,NA,NA,"no_exposure_data"
"101-86-0","2-benzylideneoctanal","DTXSID4026684",14.36,16.459377617358,14.36,"httk_measured",1,1,"default_1uM",0,0.14015,0.0176835,0.667685,0.215826828,NA,NA,NA,NA,NA,NA,NA,NA,"no_exposure_data"
"107534-96-3","Tebuconazole","DTXSID9032113",5.278,8.1878377912874,5.278,"httk_measured",1,1,"default_1uM",0,0.16275,0.028779,0.671665,0.225384154,NA,NA,NA,NA,NA,NA,NA,NA,"no_exposure_data"
"85509-19-9","Flusilazole","DTXSID3024235",6.959,9.26302078923637,6.959,"httk_measured",1,1,"default_1uM",0,0.1368,0.0197075,0.681385,0.210315757,NA,NA,NA,NA,NA,NA,NA,NA,"no_exposure_data"
"53-86-1","Indomethacin","DTXSID9020740",9.35,20.1296101139708,9.35,"httk_measured",1,1,"default_1uM",0,0.1403,0.0212095,0.694645,0.223469346,NA,NA,NA,NA,NA,NA,NA,NA,"no_exposure_data"
"97886-45-8","Dithiopyr","DTXSID9032379",13.25,23.528290412761,13.25,"httk_measured",1,1,"default_1uM",0,0.15925,0.0238555,0.695444999999999,0.238225064,NA,NA,NA,NA,NA,NA,NA,NA,"no_exposure_data"
"1134-23-2","Cycloate","DTXSID6032356",34.48,30.9384735141415,34.48,"httk_measured",1,1,"default_1uM",0,0.1352,0.016554,0.700495,0.220567338,NA,NA,NA,NA,NA,NA,NA,NA,"no_exposure_data"
"484-17-3","9-phenanthrol","DTXSID9047592",20.98,29.0812020485612,20.98,"httk_measured",1,1,"default_1uM",0,0.1229,0.0137145,0.711554999999999,0.2099768042,NA,NA,NA,NA,NA,NA,NA,NA,"no_exposure_data"
"59-40-5","Sulfaquinoxaline","DTXSID8042424",0,25.1935935828396,25.1935935828396,"RF_imputed_chem.physical_and_invitro.data",1,1,"default_1uM",0,0.15305,0.022801,0.715055,0.239040939,NA,NA,NA,NA,NA,NA,NA,NA,"no_exposure_data"
"60-09-3","4-aminoazobenzene","DTXSID6024460",15.7,26.9190742737132,15.7,"httk_measured",1,1,"default_1uM",0,0.14265,0.015594,0.722164999999999,0.2321015797,NA,NA,NA,NA,NA,NA,NA,NA,"no_exposure_data"
"28434-00-6","s-bioallethrin","DTXSID2039336",45.9,38.6915919989639,45.9,"httk_measured",1,1,"default_1uM",0,0.06671,0.00954975,0.747834999999999,0.181623082,NA,NA,NA,NA,NA,NA,NA,NA,"no_exposure_data"
"119168-77-3","Tebufenpyrad","DTXSID0034223",15.94,41.4950924932675,15.94,"httk_measured",1,1,"default_1uM",0,0.16815,0.018418,0.749449999999999,0.250126804,NA,NA,NA,NA,NA,NA,NA,NA,"no_exposure_data"
"129-73-7","Leucomalachite green","DTXSID7031531",0,35.5632226846615,35.5632226846615,"RF_imputed_chem.physical_and_invitro.data",1,1,"default_1uM",0,0.1461,0.0238435,0.752734999999999,0.237869666,NA,NA,NA,NA,NA,NA,NA,NA,"no_exposure_data"
"72-43-5","Methoxychlor","DTXSID9020827",12.5,17.0651959782206,12.5,"httk_measured",1,1,"default_1uM",0,0.1786,0.026491,0.757655,0.251396081,NA,NA,NA,NA,NA,NA,NA,NA,"no_exposure_data"
"115-86-6","Triphenyl phosphate","DTXSID1021952",26.44,42.4386589296292,26.44,"httk_measured",1,1,"default_1uM",0,0.15205,0.0200415,0.757655,0.246023083,NA,NA,NA,NA,NA,NA,NA,NA,"no_exposure_data"
"62924-70-3","Flumetralin","DTXSID7032553",0,15.8479170244981,15.8479170244981,"RF_imputed_chem.physical_and_invitro.data",1,1,"default_1uM",0,0.18885,0.0298435,0.757715,0.272004626,NA,NA,NA,NA,NA,NA,NA,NA,"no_exposure_data"
"3147-75-9","Octrizole","DTXSID9027522",5.87,13.9551199704558,5.87,"httk_measured",1,1,"default_1uM",0,0.16215,0.027814,0.76144,0.242761627,NA,NA,NA,NA,NA,NA,NA,NA,"no_exposure_data"
"509-34-2","C.i. solvent red 49","DTXSID3041744",13.9,12.082264707679,13.9,"httk_measured",1,1,"default_1uM",0,0.1791,0.037054,0.776029999999999,0.260967503,NA,NA,NA,NA,NA,NA,NA,NA,"no_exposure_data"
"569-57-3","Chlorotrianisene","DTXSID1021299",0,17.143744248205,17.143744248205,"RF_imputed_chem.physical_and_invitro.data",1,1,"default_1uM",0,0.2013,0.0286465,0.78493,0.275123189,NA,NA,NA,NA,NA,NA,NA,NA,"no_exposure_data"
"95-95-4","""2,4,5-trichlorophenol""","DTXSID4024359",26.24,27.9351526179568,26.24,"httk_measured",1,1,"default_1uM",0,0.1282,0.0143765,0.787555,0.231618188,NA,NA,NA,NA,NA,NA,NA,NA,"no_exposure_data"
"94361-06-5","Cyproconazole","DTXSID0032601",1.538,4.8116448096897,1.538,"httk_measured",1,1,"default_1uM",0,0.19645,0.041683,0.79183,0.277896862,NA,NA,NA,NA,NA,NA,NA,NA,"no_exposure_data"
"72-20-8","Endrin","DTXSID6020561",0,14.2036730928969,14.2036730928969,"RF_imputed_chem.physical_and_invitro.data",1,1,"default_1uM",0,0.17355,0.029369,0.792465,0.264175199,NA,NA,NA,NA,NA,NA,NA,NA,"no_exposure_data"
"1610-18-0","Prometon","DTXSID6022341",8.17,10.8836543273119,8.17,"httk_measured",1,1,"default_1uM",0,0.19535,0.0295835,0.80156,0.279684383,NA,NA,NA,NA,NA,NA,NA,NA,"no_exposure_data"
"92-84-2","Phenothiazine","DTXSID5021126",0,31.3384736572848,31.3384736572848,"RF_imputed_chem.physical_and_invitro.data",1,1,"default_1uM",0,0.1812,0.0282105,0.8071,0.26779394,NA,NA,NA,NA,NA,NA,NA,NA,"no_exposure_data"
"39515-41-8","Fenpropathrin","DTXSID0024002",19.7,21.5447059803881,19.7,"httk_measured",1,1,"default_1uM",0,0.2099,0.0341105,0.8226,0.296196876,NA,NA,NA,NA,NA,NA,NA,NA,"no_exposure_data"
"15307-79-6","Diclofenac sodium","DTXSID3037208",38.84,23.394163078017,38.84,"httk_measured",1,1,"default_1uM",0,0.1496,0.015884,0.825165,0.252576777,NA,NA,NA,NA,NA,NA,NA,NA,"no_exposure_data"
"56-38-2","Parathion","DTXSID7021100",6.65,9.56524107638718,6.65,"httk_measured",1,1,"default_1uM",0,0.209,0.0331455,0.834564999999999,0.285097239,NA,NA,NA,NA,NA,NA,NA,NA,"no_exposure_data"
"97-23-4","Dichlorophen","DTXSID6021824",13.2,19.0765530556817,13.2,"httk_measured",1,1,"default_1uM",0,0.1318,0.0147005,0.85041,0.250853725,NA,NA,NA,NA,NA,NA,NA,NA,"no_exposure_data"
"149-57-5","2-ethylhexanoic acid","DTXSID9025293",1.715,6.10890726937609,1.715,"httk_measured",1,1,"default_1uM",0,0.2168,0.0530205,0.850595,0.296418095,NA,NA,NA,NA,NA,NA,NA,NA,"no_exposure_data"
"72490-01-8","Fenoxycarb","DTXSID7032393",23.1,20.9942805600285,23.1,"httk_measured",1,1,"default_1uM",0,0.1663,0.023529,0.858349999999999,0.263737058,NA,NA,NA,NA,NA,NA,NA,NA,"no_exposure_data"
"90-43-7","2-phenylphenol","DTXSID2021151",0,6.96296622268458,6.96296622268458,"RF_imputed_chem.physical_and_invitro.data",1,1,"default_1uM",0,0.1785,0.023049,0.871909999999999,0.2809,NA,NA,NA,NA,NA,NA,NA,NA,"no_exposure_data"
"124495-18-7","Quinoxyfen","DTXSID2034881",0,18.7674782913659,18.7674782913659,"RF_imputed_chem.physical_and_invitro.data",1,1,"default_1uM",0,0.19495,0.0268295,0.875775,0.293231479,NA,NA,NA,NA,NA,NA,NA,NA,"no_exposure_data"
"1166-52-5","Lauryl gallate","DTXSID0048189",0,46.3165636557084,46.3165636557084,"RF_imputed_chem.physical_and_invitro.data",1,1,"default_1uM",0,0.05855,0.008803,0.88862,0.202008214,NA,NA,NA,NA,NA,NA,NA,NA,"no_exposure_data"
"460081-99-6","Pharmagsid_48510","DTXSID9048510",7.69,11.2495649180562,7.69,"httk_measured",1,1,"default_1uM",0,0.1935,0.0313865,0.90914,0.298061031,NA,NA,NA,NA,NA,NA,NA,NA,"no_exposure_data"
"7287-19-6","Prometryn","DTXSID4024272",35.78,70.777050375191,35.78,"httk_measured",1,1,"default_1uM",0,0.1566,0.014104,0.912104999999999,0.2622511565,NA,NA,NA,NA,NA,NA,NA,NA,"no_exposure_data"
"13080-86-9","4,4'-(isopropylidenebis(4,1-phenyleneoxy))dianiline","DTXSID5051650",0,25.3245038375858,25.3245038375858,"RF_imputed_chem.physical_and_invitro.data",1,1,"default_1uM",0,0.24145,0.0423445,0.917239999999999,0.331329271,NA,NA,NA,NA,NA,NA,NA,NA,"no_exposure_data"
"111406-87-2","Zileuton","DTXSID9023752",2.298,3.95991670836157,2.298,"httk_measured",1,1,"default_1uM",0,0.2109,0.0419305,0.92187,0.30418534,NA,NA,NA,NA,NA,NA,NA,NA,"no_exposure_data"
"31218-83-4","Propetamphos","DTXSID7032470",16.24,20.3529676251159,16.24,"httk_measured",1,1,"default_1uM",0,0.21005,0.0250335,0.950289999999999,0.32487506,NA,NA,NA,NA,NA,NA,NA,NA,"no_exposure_data"
"97-78-9","N-dodecanoyl-n-methylglycine","DTXSID7042011",42.07,42.7651641630235,42.07,"httk_measured",1,1,"default_1uM",0,0.16815,0.0188105,0.96116,0.298686391,NA,NA,NA,NA,NA,NA,NA,NA,"no_exposure_data"
"77501-63-4","Lactofen","DTXSID7024160",0,14.7967293723979,14.7967293723979,"RF_imputed_chem.physical_and_invitro.data",1,1,"default_1uM",0,0.21445,0.021214,0.963635,0.3099890237,NA,NA,NA,NA,NA,NA,NA,NA,"no_exposure_data"
"51707-55-2","Thidiazuron","DTXSID0032651",0,10.1691069084358,10.1691069084358,"RF_imputed_chem.physical_and_invitro.data",1,1,"default_1uM",0,0.16925,0.018933,0.966435,0.2938371856,NA,NA,NA,NA,NA,NA,NA,NA,"no_exposure_data"
"111812-58-9","Fenpyroximate (z,e)","DTXSID2032550",16.8,15.4707931088546,16.8,"httk_measured",1,1,"default_1uM",0,0.2435,0.043632,0.96819,0.33557886,NA,NA,NA,NA,NA,NA,NA,NA,"no_exposure_data"
"3445-11-2","1-(2-hydroxyethyl)pyrrolidin-2-one","DTXSID7044922",0.1559,0.58784401946196,0.1559,"httk_measured",1,1,"default_1uM",0,0.39455,0.1447,0.9795,0.458812164,NA,NA,NA,NA,NA,NA,NA,NA,"no_exposure_data"
"140-66-9","""4-(1,1,3,3-tetramethylbutyl)phenol""","DTXSID9022360",26.98,17.7256006737228,26.98,"httk_measured",1,1,"default_1uM",0,0.24835,0.039534,0.984384999999999,0.349952744,NA,NA,NA,NA,NA,NA,NA,NA,"no_exposure_data"
"153233-91-1","Etoxazole","DTXSID8034586",18.48,40.3608887676735,18.48,"httk_measured",1,1,"default_1uM",0,0.1773,0.0177425,0.98759,0.30444386,NA,NA,NA,NA,NA,NA,NA,NA,"no_exposure_data"
"32809-16-8","Procymidone","DTXSID9033923",5.32,10.0252255003593,5.32,"httk_measured",1,1,"default_1uM",0,0.2314,0.038594,0.9973,0.33484195,NA,NA,NA,NA,NA,NA,NA,NA,"no_exposure_data"
"112529-15-4","Pioglitazone hydrochloride","DTXSID3044203",8.92,8.20536675371845,8.92,"httk_measured",1,1,"default_1uM",0,0.1894,0.031574,1.0072,0.308385168,NA,NA,NA,NA,NA,NA,NA,NA,"no_exposure_data"
"19044-88-3","Oryzalin","DTXSID8024238",20.2,30.7036113837668,20.2,"httk_measured",1,1,"default_1uM",0,0.188,0.018513,1.0222,0.316497531,NA,NA,NA,NA,NA,NA,NA,NA,"no_exposure_data"
"1024-57-3","""heptachlor epoxide, isomer b""","DTXSID1024126",0,17.901050702272,17.901050702272,"RF_imputed_chem.physical_and_invitro.data",1,1,"default_1uM",0,0.2439,0.044443,1.037,0.346731623,NA,NA,NA,NA,NA,NA,NA,NA,"no_exposure_data"
"66332-96-5","Flutolanil","DTXSID8024109",14.17,15.5253371089142,14.17,"httk_measured",1,1,"default_1uM",0,0.22355,0.0284565,1.0406,0.342921339,NA,NA,NA,NA,NA,NA,NA,NA,"no_exposure_data"
"131341-86-1","Fludioxonil","DTXSID2032398",37.05,37.7120613035294,37.05,"httk_measured",1,1,"default_1uM",0,0.21965,0.030007,1.04505,0.346676213,NA,NA,NA,NA,NA,NA,NA,NA,"no_exposure_data"
"186392-65-4","Ingliforib","DTXSID4047252",2.09,3.05957013262514,2.09,"httk_measured",1,1,"default_1uM",0,0.20495,0.0349255,1.0514,0.3294578031,NA,NA,NA,NA,NA,NA,NA,NA,"no_exposure_data"
"96182-53-5","Tebupirimfos","DTXSID1032482",22.64,48.3952454796363,22.64,"httk_measured",1,1,"default_1uM",0,0.1885,0.022067,1.0558,0.321754323,NA,NA,NA,NA,NA,NA,NA,NA,"no_exposure_data"
"156052-68-5","Zoxamide","DTXSID9032581",0,11.1476931872362,11.1476931872362,"RF_imputed_chem.physical_and_invitro.data",1,1,"default_1uM",0,0.196,0.018936,1.05615,0.3180871345,NA,NA,NA,NA,NA,NA,NA,NA,"no_exposure_data"
"23950-58-5","Propyzamide","DTXSID2020420",5.4,10.1253385568504,5.4,"httk_measured",1,1,"default_1uM",0,0.25575,0.046988,1.0564,0.369636945,NA,NA,NA,NA,NA,NA,NA,NA,"no_exposure_data"
"143-74-8","Phenol red","DTXSID8022408",1.1,3.41701998764463,1.1,"httk_measured",1,1,"default_1uM",0,0.24755,0.064634,1.06215,0.35138729,NA,NA,NA,NA,NA,NA,NA,NA,"no_exposure_data"
"72-33-3","Mestranol","DTXSID0020814",10.2,14.5490444327547,10.2,"httk_measured",1,1,"default_1uM",0,0.27935,0.047958,1.06475,0.378169654,NA,NA,NA,NA,NA,NA,NA,NA,"no_exposure_data"
"103-90-2","Acetaminophen","DTXSID2020006",0.3598,2.66652044041852,0.3598,"httk_measured",1,1,"default_1uM",0,0.39785,0.159205,1.07115,0.470755,NA,NA,NA,NA,NA,NA,NA,NA,"no_exposure_data"
"68359-37-5","Cyfluthrin","DTXSID5035957",23.8,16.7928307380888,23.8,"httk_measured",1,1,"default_1uM",0,0.2346,0.0326765,1.07945,0.360792779,NA,NA,NA,NA,NA,NA,NA,NA,"no_exposure_data"
"55335-06-3","Triclopyr","DTXSID0032497",0,8.13542526487386,8.13542526487386,"RF_imputed_chem.physical_and_invitro.data",1,1,"default_1uM",0,0.17645,0.017787,1.09455,0.312882013,NA,NA,NA,NA,NA,NA,NA,NA,"no_exposure_data"
"15086-94-9","2',4',5',7'-tetrabromofluorescein","DTXSID3044590",0,12.4340089267776,12.4340089267776,"RF_imputed_chem.physical_and_invitro.data",1,1,"default_1uM",0,0.19935,0.0275455,1.1001,0.345075479,NA,NA,NA,NA,NA,NA,NA,NA,"no_exposure_data"
"67747-09-5","Prochloraz","DTXSID4024270",16.4,16.2400602032954,16.4,"httk_measured",1,1,"default_1uM",0,0.29075,0.0392335,1.1061,0.39697577,NA,NA,NA,NA,NA,NA,NA,NA,"no_exposure_data"
"427-51-0","Cyproterone acetate","DTXSID5020366",4.46,8.05800704321862,4.46,"httk_measured",1,1,"default_1uM",0,0.2694,0.048587,1.1071,0.38426873,NA,NA,NA,NA,NA,NA,NA,NA,"no_exposure_data"
"72-54-8","""p,p'-ddd""","DTXSID4020373",0,28.1470467659886,28.1470467659886,"RF_imputed_chem.physical_and_invitro.data",1,1,"default_1uM",0,0.275,0.0412415,1.11785,0.394029606,NA,NA,NA,NA,NA,NA,NA,NA,"no_exposure_data"
"101-05-3","Anilazine","DTXSID9020089",22.5,50.8401299616582,22.5,"httk_measured",1.09564196580531,35.4813389233575,"example.toxcast",53,0.18145,0.024547,1.11845,0.323095542,NA,NA,NA,NA,NA,NA,NA,NA,"no_exposure_data"
"122-39-4","Diphenylamine","DTXSID4021975",64.57,57.7833959451659,64.57,"httk_measured",1,1,"default_1uM",0,0.21015,0.027165,1.11935,0.342730483,NA,NA,NA,NA,NA,NA,NA,NA,"no_exposure_data"
"69377-81-7","Fluroxypyr","DTXSID2034627",1.791,3.4916396230873,1.791,"httk_measured",1,1,"default_1uM",0,0.21575,0.0439015,1.1201,0.341599834,NA,NA,NA,NA,NA,NA,NA,NA,"no_exposure_data"
"59865-13-3","Cyclosporin a","DTXSID0020365",8.591,10.1685564769983,8.591,"httk_measured",1,1,"default_1uM",0,0.2061,0.018485,1.144,0.3432502442,NA,NA,NA,NA,NA,NA,NA,NA,"no_exposure_data"
"5915-41-3","Terbuthylazine","DTXSID4027608",4.1,8.76344449601851,4.1,"httk_measured",1,1,"default_1uM",0,0.2386,0.0416215,1.166,0.368722067,NA,NA,NA,NA,NA,NA,NA,NA,"no_exposure_data"
"5598-13-0","Chlorpyrifos-methyl","DTXSID6032352",24.1,33.0557776754538,24.1,"httk_measured",1,1,"default_1uM",0,0.23265,0.0258165,1.17025,0.38026219,NA,NA,NA,NA,NA,NA,NA,NA,"no_exposure_data"
"548-62-9","Hexamethyl-p-rosaniline chloride","DTXSID5020653",8.322,7.60335012137672,8.322,"httk_measured",1,1,"default_1uM",0,0.17645,0.0215455,1.17485,0.3333484655,NA,NA,NA,NA,NA,NA,NA,NA,"no_exposure_data"
"134308-13-7","Tolcapone","DTXSID3023685",22,18.0234827193508,22,"httk_measured",1,1,"default_1uM",0,0.2905,0.0429945,1.18065,0.417632406,NA,NA,NA,NA,NA,NA,NA,NA,"no_exposure_data"
"2687-96-9","1-dodecyl-2-pyrrolidinone","DTXSID4042206",19.1,25.8069103938793,19.1,"httk_measured",1,1,"default_1uM",0,0.2536,0.0338965,1.1864,0.392694385,NA,NA,NA,NA,NA,NA,NA,NA,"no_exposure_data"
"79-95-8","2,2',6,6'-tetrachlorobisphenol a","DTXSID3021770",18.7,4.92774905168765,18.7,"httk_measured",1.02696470419096,22.3872113856834,"example.toxcast",357,0.29585,0.0418625,1.18755,0.411312022,NA,NA,NA,NA,NA,NA,NA,NA,"no_exposure_data"
"84-16-2","Meso-hexestrol","DTXSID2022381",0,18.993605984767,18.993605984767,"RF_imputed_chem.physical_and_invitro.data",1,1,"default_1uM",0,0.28975,0.0374385,1.1939,0.418917435,NA,NA,NA,NA,NA,NA,NA,NA,"no_exposure_data"
"74051-80-2","Sethoxydim","DTXSID9024304",11.87,13.0574634288848,11.87,"httk_measured",1,1,"default_1uM",0,0.2884,0.050706,1.19935,0.409077571,NA,NA,NA,NA,NA,NA,NA,NA,"no_exposure_data"
"87818-31-3","Cinmethylin","DTXSID3034456",28.17,24.7962822730903,28.17,"httk_measured",1,1,"default_1uM",0,0.26095,0.0305625,1.21225,0.395587934,NA,NA,NA,NA,NA,NA,NA,NA,"no_exposure_data"
"71751-41-2","Abamectin","DTXSID8023892",5.24,10.8140846056267,5.24,"httk_measured",1,1,"default_1uM",0,0.29205,0.043918,1.21525,0.41533643,NA,NA,NA,NA,NA,NA,NA,NA,"no_exposure_data"
"58-14-0","Pyrimethamine","DTXSID9021217",2.768,4.45680861829975,2.768,"httk_measured",1,1,"default_1uM",0,0.268,0.0464505,1.22115,0.416898432,NA,NA,NA,NA,NA,NA,NA,NA,"no_exposure_data"
"3739-38-6","3-phenoxybenzoic acid","DTXSID1038321",0,38.17181008602,38.17181008602,"RF_imputed_chem.physical_and_invitro.data",1,1,"default_1uM",0,0.2473,0.0284805,1.22505,0.397452977,NA,NA,NA,NA,NA,NA,NA,NA,"no_exposure_data"
"72178-02-0","Fomesafen","DTXSID7024112",0,5.16658227461069,5.16658227461069,"RF_imputed_chem.physical_and_invitro.data",1,1,"default_1uM",0,0.2504,0.0352495,1.22615,0.411574035,NA,NA,NA,NA,NA,NA,NA,NA,"no_exposure_data"
"79538-32-2","Tefluthrin","DTXSID5032577",24.81,5.89954373866688,24.81,"httk_measured",1,1,"default_1uM",0,0.20205,0.021849,1.2264,0.373336289,NA,NA,NA,NA,NA,NA,NA,NA,"no_exposure_data"
"5902-51-2","Terbacil","DTXSID8024317",2.272,4.5257178669822,2.272,"httk_measured",1,1,"default_1uM",0,0.2587,0.044278,1.23905,0.404617473,NA,NA,NA,NA,NA,NA,NA,NA,"no_exposure_data"
"474-86-2","Equilin","DTXSID7047433",9.74,14.7634320541409,9.74,"httk_measured",1,1,"default_1uM",0,0.2944,0.0234845,1.24425,0.425555971,NA,NA,NA,NA,NA,NA,NA,NA,"no_exposure_data"
"33629-47-9","Butralin","DTXSID3032337",31.35,23.6049499338254,31.35,"httk_measured",1,1,"default_1uM",0,0.28955,0.036376,1.2464,0.441383174,NA,NA,NA,NA,NA,NA,NA,NA,"no_exposure_data"
"80-09-1","4,4'-sulfonyldiphenol","DTXSID3022409",0,5.2434167615729,5.2434167615729,"RF_imputed_chem.physical_and_invitro.data",1,1,"default_1uM",0,0.26085,0.04756,1.25495,0.410398826,NA,NA,NA,NA,NA,NA,NA,NA,"no_exposure_data"
"2409-55-4","2-tert-butyl-4-methylphenol","DTXSID2020212",20.9,27.008376356595,20.9,"httk_measured",1,1,"default_1uM",0,0.28045,0.041341,1.2634,0.415044163,NA,NA,NA,NA,NA,NA,NA,NA,"no_exposure_data"
"88-06-2","""2,4,6-trichlorophenol""","DTXSID5021386",18.76,21.1841253467711,18.76,"httk_measured",1,1,"default_1uM",0,0.21575,0.019877,1.26445,0.378881481,NA,NA,NA,NA,NA,NA,NA,NA,"no_exposure_data"
"58-08-2","Caffeine","DTXSID0020232",0.2855,1.04226684979699,0.2855,"httk_measured",1,1,"default_1uM",0,0.4538,0.16946,1.2686,0.533915763,NA,NA,NA,NA,NA,NA,NA,NA,"no_exposure_data"
"3380-34-5","Triclosan","DTXSID5032498",27.8,21.258095502865,27.8,"httk_measured",1,1,"default_1uM",0,0.3063,0.0402975,1.26905,0.435538835,NA,NA,NA,NA,NA,NA,NA,NA,"no_exposure_data"
"599-79-1","Sulfasalazine","DTXSID0021256",5.16,6.81159953834255,5.16,"httk_measured",1,1,"default_1uM",0,0.2163,0.0314135,1.273,0.372887808,NA,NA,NA,NA,NA,NA,NA,NA,"no_exposure_data"
"842-07-9","C.i. solvent yellow 14","DTXSID4021135",0,40.5887691262043,40.5887691262043,"RF_imputed_chem.physical_and_invitro.data",1,1,"default_1uM",0,0.22425,0.0266645,1.2772,0.379971955,NA,NA,NA,NA,NA,NA,NA,NA,"no_exposure_data"
"175013-18-0","Pyraclostrobin","DTXSID7032638",53.93,31.3520585148104,53.93,"httk_measured",1,1,"default_1uM",0,0.21705,0.0227255,1.28115,0.367791092,NA,NA,NA,NA,NA,NA,NA,NA,"no_exposure_data"
"131-57-7","2-hydroxy-4-methoxybenzophenone","DTXSID3022405",15.7,19.0093703117822,15.7,"httk_measured",1,1,"default_1uM",0,0.2773,0.039426,1.28415,0.438374332,NA,NA,NA,NA,NA,NA,NA,NA,"no_exposure_data"
"10453-86-8","Resmethrin","DTXSID7022253",0,32.1479044433913,32.1479044433913,"RF_imputed_chem.physical_and_invitro.data",1,1,"default_1uM",0,0.3174,0.0533645,1.28865,0.466291827,NA,NA,NA,NA,NA,NA,NA,NA,"no_exposure_data"
"25057-89-0","Bentazone","DTXSID0023901",0,11.9302550800389,11.9302550800389,"RF_imputed_chem.physical_and_invitro.data",1,1,"default_1uM",0,0.23405,0.023299,1.29035,0.4018075141,NA,NA,NA,NA,NA,NA,NA,NA,"no_exposure_data"
"86-30-6","N-nitrosodiphenylamine","DTXSID6021030",8.288,16.1851947528704,8.288,"httk_measured",1,1,"default_1uM",0,0.2643,0.0340795,1.2982,0.408114222,NA,NA,NA,NA,NA,NA,NA,NA,"no_exposure_data"
"55283-68-6","Ethalfluralin","DTXSID8032386",0,26.1285588348751,26.1285588348751,"RF_imputed_chem.physical_and_invitro.data",1,1,"default_1uM",0,0.2767,0.0402545,1.3181,0.432582295,NA,NA,NA,NA,NA,NA,NA,NA,"no_exposure_data"
"121-00-6","2-tert-butyl-4-methoxy-phenol","DTXSID7040788",7.06,10.6762932366291,7.06,"httk_measured",1,1,"default_1uM",0,0.2841,0.0459215,1.3281,0.435521988,NA,NA,NA,NA,NA,NA,NA,NA,"no_exposure_data"
"1987-50-4","4-heptylphenol","DTXSID2037714",42.5,40.3267395538486,42.5,"httk_measured",1,1,"default_1uM",0,0.2827,0.0383535,1.34425,0.438344906,NA,NA,NA,NA,NA,NA,NA,NA,"no_exposure_data"
"60-80-0","Antipyrine","DTXSID6021117",0.5062,1.5096643825992,0.5062,"httk_measured",1,1,"default_1uM",0,0.48975,0.097909,1.34435,0.567361435,NA,NA,NA,NA,NA,NA,NA,NA,"no_exposure_data"
"4394-85-8","4-morpholinecarboxaldehyde","DTXSID7044427",0.4016,0.8889047632391,0.4016,"httk_measured",1,1,"default_1uM",0,0.47345,0.163145,1.35615,0.577961522,NA,NA,NA,NA,NA,NA,NA,NA,"no_exposure_data"
"94-75-7","2,4-d","DTXSID0020442",0,10.0756373266771,10.0756373266771,"RF_imputed_chem.physical_and_invitro.data",1,1,"default_1uM",0,0.2134,0.0247895,1.3605,0.395838778,NA,NA,NA,NA,NA,NA,NA,NA,"no_exposure_data"
"2312-35-8","Propargite","DTXSID4024276",24,21.5613775702284,24,"httk_measured",1,1,"default_1uM",0,0.3242,0.0476235,1.3704,0.470192523,NA,NA,NA,NA,NA,NA,NA,NA,"no_exposure_data"
"97-54-1","Isoeugenol","DTXSID7022413",71.78,38.5866408643211,71.78,"httk_measured",1,1,"default_1uM",0,0.25865,0.0233675,1.3739,0.437364245,NA,NA,NA,NA,NA,NA,NA,NA,"no_exposure_data"
"94-28-0","Tri(ethylene glycol) bis(2-ethylhexanoate)","DTXSID3026564",22.62,23.3964088855169,22.62,"httk_measured",1,1,"default_1uM",0,0.23755,0.023944,1.37515,0.423229361,NA,NA,NA,NA,NA,NA,NA,NA,"no_exposure_data"
"74115-24-5","Clofentezine","DTXSID9023881",0,33.3254041771957,33.3254041771957,"RF_imputed_chem.physical_and_invitro.data",1,1,"default_1uM",0,0.2229,0.0211385,1.40275,0.397728243,NA,NA,NA,NA,NA,NA,NA,NA,"no_exposure_data"
"69-09-0","Chlorpromazine hydrochloride","DTXSID7024827",0,9.24843369345279,9.24843369345279,"RF_imputed_chem.physical_and_invitro.data",1,1,"default_1uM",0,0.30145,0.0413825,1.43,0.45477103,NA,NA,NA,NA,NA,NA,NA,NA,"no_exposure_data"
"108612-45-9","Mizolastine","DTXSID5046801",6,10.2835120401604,6,"httk_measured",1,1,"default_1uM",0,0.24325,0.0363735,1.43355,0.424735829,NA,NA,NA,NA,NA,NA,NA,NA,"no_exposure_data"
"81777-89-1","Clomazone","DTXSID1032355",3.038,4.71944244679354,3.038,"httk_measured",1,1,"default_1uM",0,0.3709,0.0772535,1.43925,0.507325081,NA,NA,NA,NA,NA,NA,NA,NA,"no_exposure_data"
"79983-71-4","Hexaconazole","DTXSID4034653",16.22,19.1708021546582,16.22,"httk_measured",1,1,"default_1uM",0,0.32255,0.046059,1.44285,0.466184039,NA,NA,NA,NA,NA,NA,NA,NA,"no_exposure_data"
"139-40-2","Propazine","DTXSID3021196",14.6,14.6165753707594,14.6,"httk_measured",1,1,"default_1uM",0,0.2982,0.0410515,1.4493,0.474361556,NA,NA,NA,NA,NA,NA,NA,NA,"no_exposure_data"
"253450-09-8","Besonprodil","DTXSID2047270",5.31,11.6666519712877,5.31,"httk_measured",1,1,"default_1uM",0,0.3251,0.057325,1.4583,0.47455776,NA,NA,NA,NA,NA,NA,NA,NA,"no_exposure_data"
"79902-63-9","Simvastatin","DTXSID0023581",24.3,19.6191289706114,24.3,"httk_measured",1,1,"default_1uM",0,0.2985,0.04731,1.47895,0.451657402,NA,NA,NA,NA,NA,NA,NA,NA,"no_exposure_data"
"131983-72-7","Triticonazole","DTXSID0032655",6.118,9.0877712670386,6.118,"httk_measured",1,1,"default_1uM",0,0.3656,0.0698205,1.48875,0.51245232,NA,NA,NA,NA,NA,NA,NA,NA,"no_exposure_data"
"181274-15-7","Propoxycarbazone-sodium","DTXSID9034864",0,3.05104155475067,3.05104155475067,"RF_imputed_chem.physical_and_invitro.data",1,1,"default_1uM",0,0.26645,0.048503,1.4937,0.464741234,NA,NA,NA,NA,NA,NA,NA,NA,"no_exposure_data"
"131807-57-3","Famoxadone","DTXSID8034588",16.4,20.5785358068617,16.4,"httk_measured",1.29625565584147,19.2765265886065,"example.toxcast",296,0.38735,0.053634,1.50425,0.525558941,NA,NA,NA,NA,NA,NA,NA,NA,"no_exposure_data"
"59227-89-3","Laurocapram","DTXSID0042086",9.8,15.4610835112324,9.8,"httk_measured",1,1,"default_1uM",0,0.32235,0.048576,1.50505,0.49648758,NA,NA,NA,NA,NA,NA,NA,NA,"no_exposure_data"
"219714-96-2","Penoxsulam","DTXSID0034803",0,8.40789806317104,8.40789806317104,"RF_imputed_chem.physical_and_invitro.data",1,1,"default_1uM",0,0.25525,0.0305075,1.50785,0.49197701,NA,NA,NA,NA,NA,NA,NA,NA,"no_exposure_data"
"125401-92-5","Bispyribac-sodium","DTXSID7034383",0,6.40209962440338,6.40209962440338,"RF_imputed_chem.physical_and_invitro.data",1,1,"default_1uM",0,0.26115,0.0464655,1.5382,0.458018634,NA,NA,NA,NA,NA,NA,NA,NA,"no_exposure_data"
"55285-14-8","Carbosulfan","DTXSID5023950",26.74,14.9484633029307,26.74,"httk_measured",1,1,"default_1uM",0,0.31545,0.042087,1.5451,0.48381433,NA,NA,NA,NA,NA,NA,NA,NA,"no_exposure_data"
"58-55-9","Theophylline","DTXSID5021336",0.7788,1.75814177385069,0.7788,"httk_measured",1,1,"default_1uM",0,0.4457,0.087798,1.55505,0.591010861,NA,NA,NA,NA,NA,NA,NA,NA,"no_exposure_data"
"797-63-7","Levonorgestrel","DTXSID3036496",9.89,10.9380448138268,9.89,"httk_measured",1,1,"default_1uM",0,0.37505,0.061652,1.5766,0.541867151,NA,NA,NA,NA,NA,NA,NA,NA,"no_exposure_data"
"83-79-4","Rotenone","DTXSID6021248",28.31,30.8730529291203,28.31,"httk_measured",1,1,"default_1uM",0,0.2874,0.033942,1.58185,0.475913199,NA,NA,NA,NA,NA,NA,NA,NA,"no_exposure_data"
"33228-44-3","4-pentylaniline","DTXSID0040707",18.2,26.6625905721032,18.2,"httk_measured",1,1,"default_1uM",0,0.36225,0.0542395,1.58325,0.554661885,NA,NA,NA,NA,NA,NA,NA,NA,"no_exposure_data"
"10238-21-8","Glyburide","DTXSID0037237",6.62,7.51714753518413,6.62,"httk_measured",1,1,"default_1uM",0,0.25655,0.0325815,1.59075,0.482383055,NA,NA,NA,NA,NA,NA,NA,NA,"no_exposure_data"
"33171-05-0","Bisdemethoxycurcumin","DTXSID00872663",112,82.9880349467688,112,"httk_measured",1,1,"default_1uM",0,0.048735,0.00676575,1.61125,0.3261689612,NA,NA,NA,NA,NA,NA,NA,NA,"no_exposure_data"
"15307-86-5","Diclofenac","DTXSID6022923",65.42,36.9986237206722,65.42,"httk_measured",1,1,"default_1uM",0,0.234,0.0214345,1.61145,0.426155344,NA,NA,NA,NA,NA,NA,NA,NA,"no_exposure_data"
"56-75-7","Chloramphenicol","DTXSID7020265",0.723,1.78301965669563,0.723,"httk_measured",1,1,"default_1uM",0,0.4675,0.127695,1.6173,0.60805254,NA,NA,NA,NA,NA,NA,NA,NA,"no_exposure_data"
"104-40-5","4-n-nonylphenol","DTXSID5033836",62.6,34.7427167151385,62.6,"httk_measured",1,1,"default_1uM",0,0.43085,0.06974,1.62465,0.581686439,NA,NA,NA,NA,NA,NA,NA,NA,"no_exposure_data"
"58-18-4","17-methyltestosterone","DTXSID1033664",12.7,17.5385311024447,12.7,"httk_measured",1,1,"default_1uM",0,0.39185,0.0631325,1.6281,0.54638918,NA,NA,NA,NA,NA,NA,NA,NA,"no_exposure_data"
"104-67-6","5-heptyldihydro-2(3h)-furanone","DTXSID4034287",9.47,13.2804550432643,9.47,"httk_measured",1,1,"default_1uM",0,0.3642,0.0645305,1.63255,0.53435708,NA,NA,NA,NA,NA,NA,NA,NA,"no_exposure_data"
"6533-00-2","Dl-norgestrel","DTXSID3047477",11,11.0544617499802,11,"httk_measured",1,1,"default_1uM",0,0.42595,0.0760975,1.6352,0.5945946,NA,NA,NA,NA,NA,NA,NA,NA,"no_exposure_data"
"26259-45-0","Secbumeton","DTXSID8037594",6.53,11.3127211760854,6.53,"httk_measured",1,1,"default_1uM",0,0.30445,0.0491815,1.6454,0.49979486,NA,NA,NA,NA,NA,NA,NA,NA,"no_exposure_data"
"119-61-9","Benzophenone","DTXSID0021961",9.134,10.3904512357263,9.134,"httk_measured",1,1,"default_1uM",0,0.3705,0.058728,1.6664,0.547376026,NA,NA,NA,NA,NA,NA,NA,NA,"no_exposure_data"
"21087-64-9","Metribuzin","DTXSID6024204",1.067,2.14914782658998,1.067,"httk_measured",1,1,"default_1uM",0,0.471,0.092646,1.68285,0.61153133,NA,NA,NA,NA,NA,NA,NA,NA,"no_exposure_data"
"67485-29-4","Hydramethylnon","DTXSID6023868",4.38,6.13394635002363,4.38,"httk_measured",1,1,"default_1uM",0,0.11495,0.0152575,1.69975,0.498226293,NA,NA,NA,NA,NA,NA,NA,NA,"no_exposure_data"
"79794-75-5","Loratadine","DTXSID2023224",33.9,21.0277240682976,33.9,"httk_measured",1,1,"default_1uM",0,0.4845,0.0762025,1.7087,0.648622507,NA,NA,NA,NA,NA,NA,NA,NA,"no_exposure_data"
"51338-27-3","Diclofop-methyl","DTXSID0032605",0,32.3620275983472,32.3620275983472,"RF_imputed_chem.physical_and_invitro.data",1,1,"default_1uM",0,0.3696,0.0530005,1.7122,0.549244888,NA,NA,NA,NA,NA,NA,NA,NA,"no_exposure_data"
"1929-77-7","Vernolate","DTXSID7024376",25.1,26.7121362526071,25.1,"httk_measured",1,1,"default_1uM",0,0.3867,0.0455925,1.7168,0.569893528,NA,NA,NA,NA,NA,NA,NA,NA,"no_exposure_data"
"361377-29-9","Fluoxastrobin","DTXSID2034625",16.35,11.8318321052085,16.35,"httk_measured",1,1,"default_1uM",0,0.4346,0.0571635,1.7367,0.60950361,NA,NA,NA,NA,NA,NA,NA,NA,"no_exposure_data"
"93-76-5","2,4,5-trichlorophenoxyacetic acid","DTXSID5021388",0,27.2113778469534,27.2113778469534,"RF_imputed_chem.physical_and_invitro.data",1,1,"default_1uM",0,0.40325,0.0595795,1.7513,0.610167522,NA,NA,NA,NA,NA,NA,NA,NA,"no_exposure_data"
"56-53-1","Diethylstilbestrol (des)","DTXSID3020465",39.5,23.1738534888861,39.5,"httk_measured",1,1,"default_1uM",0,0.4298,0.071327,1.7568,0.615888575,NA,NA,NA,NA,NA,NA,NA,NA,"no_exposure_data"
"98967-40-9","Flumetsulam","DTXSID4032615",7.521,9.1558688667887,7.521,"httk_measured",1,1,"default_1uM",0,0.28355,0.0317945,1.7597,0.520791553,NA,NA,NA,NA,NA,NA,NA,NA,"no_exposure_data"
"144651-06-9","Oxasulfuron","DTXSID4034364",3.107,3.79831233802408,3.107,"httk_measured",1,1,"default_1uM",0,0.36055,0.0533275,1.775,0.56684823,NA,NA,NA,NA,NA,NA,NA,NA,"no_exposure_data"
"84371-65-3","Mifepristone","DTXSID5023322",33.2,30.5954165295812,33.2,"httk_measured",1,1,"default_1uM",0,0.4408,0.073108,1.77605,0.617268839,NA,NA,NA,NA,NA,NA,NA,NA,"no_exposure_data"
"51-28-5","""2,4-dinitrophenol""","DTXSID0020523",0,27.8933578396519,27.8933578396519,"RF_imputed_chem.physical_and_invitro.data",1,1,"default_1uM",0,0.336,0.03346,1.77785,0.5410445161,NA,NA,NA,NA,NA,NA,NA,NA,"no_exposure_data"
"19666-30-9","Oxadiazon","DTXSID3024239",0,33.9249914810756,33.9249914810756,"RF_imputed_chem.physical_and_invitro.data",1,1,"default_1uM",0,0.3686,0.051902,1.7937,0.566048447,NA,NA,NA,NA,NA,NA,NA,NA,"no_exposure_data"
"95266-40-3","Trinexapac-ethyl","DTXSID9032535",3.82,4.31341389346064,3.82,"httk_measured",1,1,"default_1uM",0,0.4483,0.0939105,1.8,0.655521663,NA,NA,NA,NA,NA,NA,NA,NA,"no_exposure_data"
"1912-24-9","Atrazine","DTXSID9020112",0,6.40439613244945,6.40439613244945,"RF_imputed_chem.physical_and_invitro.data",1,1,"default_1uM",0,0.42185,0.076601,1.806,0.614991356,NA,NA,NA,NA,NA,NA,NA,NA,"no_exposure_data"
"7696-12-0","Tetramethrin","DTXSID6032649",37.6,38.1244830357141,37.6,"httk_measured",1,1,"default_1uM",0,0.3784,0.0491895,1.8086,0.582395596,NA,NA,NA,NA,NA,NA,NA,NA,"no_exposure_data"
"2310-17-0","Phosalone","DTXSID1024259",25.1,40.1983806481772,25.1,"httk_measured",1,1,"default_1uM",0,0.44405,0.0619085,1.8207,0.614908812,NA,NA,NA,NA,NA,NA,NA,NA,"no_exposure_data"
"28249-77-6","Thiobencarb","DTXSID6024337",233,139.745363690305,233,"httk_measured",1,1,"default_1uM",0,0.087565,0.0105525,1.82575,0.3839485505,NA,NA,NA,NA,NA,NA,NA,NA,"no_exposure_data"
"2212-67-1","Molinate","DTXSID6024206",0,13.6894241350062,13.6894241350062,"RF_imputed_chem.physical_and_invitro.data",1,1,"default_1uM",0,0.46915,0.0725255,1.84225,0.6572049,NA,NA,NA,NA,NA,NA,NA,NA,"no_exposure_data"
"76738-62-0","Paclobutrazol","DTXSID2024242",7.14,12.1385501529713,7.14,"httk_measured",1,1,"default_1uM",0,0.46885,0.0808305,1.85,0.663395284,NA,NA,NA,NA,NA,NA,NA,NA,"no_exposure_data"
"59756-60-4","Fluridone ","DTXSID8024107",5.594,8.12906987762621,5.594,"httk_measured",1,1,"default_1uM",0,0.4635,0.083654,1.8771,0.656764892,NA,NA,NA,NA,NA,NA,NA,NA,"no_exposure_data"
"110235-47-7","Mepanipyrim","DTXSID4042121",0,23.2195707004756,23.2195707004756,"RF_imputed_chem.physical_and_invitro.data",1,1,"default_1uM",0,0.4225,0.056557,1.88155,0.603574844,NA,NA,NA,NA,NA,NA,NA,NA,"no_exposure_data"
"68694-11-1","Triflumizole","DTXSID2032500",19.6,13.3632988815788,19.6,"httk_measured",1,1,"default_1uM",0,0.35435,0.0473635,1.8862,0.579301138,NA,NA,NA,NA,NA,NA,NA,NA,"no_exposure_data"
"91-76-9","6-phenyl-1,3,5-triazine-2,4-diamine","DTXSID1020142",1.18,2.45169117076629,1.18,"httk_measured",1,1,"default_1uM",0,0.5528,0.16208,1.89115,0.72777657,NA,NA,NA,NA,NA,NA,NA,NA,"no_exposure_data"
"2528-16-7","Benzyl hydrogen phthalate","DTXSID9043938",0,15.4805894835817,15.4805894835817,"RF_imputed_chem.physical_and_invitro.data",1,1,"default_1uM",0,0.40305,0.061724,1.9057,0.636602295,NA,NA,NA,NA,NA,NA,NA,NA,"no_exposure_data"
"60207-90-1","Propiconazole","DTXSID8024280",17,15.7272275509,17,"httk_measured",1,1,"default_1uM",0,0.52965,0.078367,1.9121,0.702267631,NA,NA,NA,NA,NA,NA,NA,NA,"no_exposure_data"
"709-98-8","Propanil","DTXSID8022111",11.3,12.8188641848839,11.3,"httk_measured",1,1,"default_1uM",0,0.4497,0.0399435,1.9251,0.64503183,NA,NA,NA,NA,NA,NA,NA,NA,"no_exposure_data"
"3855-32-1","2,6,10-trimethyl-2,6,10-triazaundecane","DTXSID1044564",0,13.9338483377088,13.9338483377088,"RF_imputed_chem.physical_and_invitro.data",1,1,"default_1uM",0,0.427,0.0587065,1.93625,0.6400292512,NA,NA,NA,NA,NA,NA,NA,NA,"no_exposure_data"
"74223-64-6","Metsulfuron-methyl","DTXSID6023864",2.319,4.09880563762428,2.319,"httk_measured",1,1,"default_1uM",0,0.3889,0.071425,1.9388,0.61269259,NA,NA,NA,NA,NA,NA,NA,NA,"no_exposure_data"
"101-10-0","Cloprop","DTXSID9034232",0,20.6418431828917,20.6418431828917,"RF_imputed_chem.physical_and_invitro.data",1,1,"default_1uM",0,0.3351,0.0314805,1.9559,0.594417799,NA,NA,NA,NA,NA,NA,NA,NA,"no_exposure_data"
"25956-17-6","Allura red c.i.16035","DTXSID4024436",0,9.58581415113365,9.58581415113365,"RF_imputed_chem.physical_and_invitro.data",1,1,"default_1uM",0,0.35045,0.060004,1.95715,0.584710517,NA,NA,NA,NA,NA,NA,NA,NA,"no_exposure_data"
"759-94-4","Eptc","DTXSID1024091",80.36,35.6603715529329,80.36,"httk_measured",1,1,"default_1uM",0,0.3532,0.0330255,1.9656,0.631906611,NA,NA,NA,NA,NA,NA,NA,NA,"no_exposure_data"
"53112-28-0","Pyrimethanil","DTXSID8034877",43.89,43.4871772216741,43.89,"httk_measured",1,1,"default_1uM",0,0.4106,0.044922,1.96705,0.644730927,NA,NA,NA,NA,NA,NA,NA,NA,"no_exposure_data"
"161326-34-7","Fenamidone","DTXSID2034590",17.74,16.7500993515434,17.74,"httk_measured",1,1,"default_1uM",0,0.3344,0.0336085,1.97765,0.594514892,NA,NA,NA,NA,NA,NA,NA,NA,"no_exposure_data"
"42509-80-8","Isazofos","DTXSID7034676",19.53,15.3395951593843,19.53,"httk_measured",1,1,"default_1uM",0,0.49925,0.0729715,1.97815,0.701939859,NA,NA,NA,NA,NA,NA,NA,NA,"no_exposure_data"
"6344-67-8","3-hydroxyfluorene","DTXSID9047540",20.56,26.122162787342,20.56,"httk_measured",1,1,"default_1uM",0,0.3603,0.043164,1.97835,0.593714343,NA,NA,NA,NA,NA,NA,NA,NA,"no_exposure_data"
"2008-41-5","Butylate","DTXSID7023936",52.51,31.8272777240499,52.51,"httk_measured",1,1,"default_1uM",0,0.3448,0.038046,1.9954,0.594759717,NA,NA,NA,NA,NA,NA,NA,NA,"no_exposure_data"
"62625-32-5","Bromocresol green sodium salt","DTXSID3044704",0,24.2114660573905,24.2114660573905,"RF_imputed_chem.physical_and_invitro.data",1,1,"default_1uM",0,0.309,0.0377495,2.00675,0.602860471,NA,NA,NA,NA,NA,NA,NA,NA,"no_exposure_data"
"59-50-7","4-chloro-3-methylphenol","DTXSID4021717",0,12.4652415094714,12.4652415094714,"RF_imputed_chem.physical_and_invitro.data",1,1,"default_1uM",0,0.4666,0.078709,2.007,0.70477099,NA,NA,NA,NA,NA,NA,NA,NA,"no_exposure_data"
"50-35-1","Thalidomide","DTXSID9022524",4,6.53288404880906,4,"httk_measured",0.2730024177255,1.06563988945297,"example.toxcast",6,0.42105,0.0813445,2.0103,0.640382738,NA,NA,NA,NA,NA,NA,NA,NA,"no_exposure_data"
"111-76-2","2-butoxyethanol","DTXSID1024097",0.8515,1.22939411058177,0.8515,"httk_measured",1,1,"default_1uM",0,0.5734,0.084002,2.0175,0.73898934,NA,NA,NA,NA,NA,NA,NA,NA,"no_exposure_data"
"24602-86-6","Tridemorph","DTXSID3041376",12.91,17.2787524616396,12.91,"httk_measured",1,1,"default_1uM",0,0.4528,0.059897,2.03865,0.680827466,NA,NA,NA,NA,NA,NA,NA,NA,"no_exposure_data"
"110-25-8","Oleyl sarcosine","DTXSID5042243",41.7,35.4916027462797,41.7,"httk_measured",1,1,"default_1uM",0,0.06852,0.00855535,2.0416,0.419649516,NA,NA,NA,NA,NA,NA,NA,NA,"no_exposure_data"
"1470-79-7","2,4,4'-trihydroxybenzophenone","DTXSID8044836",21.1,24.3830944858608,21.1,"httk_measured",1,1,"default_1uM",0,0.3532,0.0394865,2.04855,0.618026267,NA,NA,NA,NA,NA,NA,NA,NA,"no_exposure_data"
"84-69-5","Diisobutyl phthalate","DTXSID9022522",345,130.998777573121,345,"httk_measured",1,1,"default_1uM",0,0.36105,0.053379,2.051,0.639501955,NA,NA,NA,NA,NA,NA,NA,NA,"no_exposure_data"
"84087-01-4","Quinclorac","DTXSID6032641",0,15.799055772529,15.799055772529,"RF_imputed_chem.physical_and_invitro.data",1,1,"default_1uM",0,0.3454,0.029577,2.05425,0.626103955,NA,NA,NA,NA,NA,NA,NA,NA,"no_exposure_data"
"103361-09-7","Flumioxazin","DTXSID7032555",8.336,10.7728783728978,8.336,"httk_measured",1,1,"default_1uM",0,0.3419,0.0398885,2.06545,0.616376477,NA,NA,NA,NA,NA,NA,NA,NA,"no_exposure_data"
"480-40-0","Chrysin","DTXSID1022396",204,107.23476697545,204,"httk_measured",1,1,"default_1uM",0,0.387,0.0354695,2.0861,0.664951529,NA,NA,NA,NA,NA,NA,NA,NA,"no_exposure_data"
"1176-74-5","Tetrabromophenolphthalein ethyl ester","DTXSID5044520",0,15.5464013201523,15.5464013201523,"RF_imputed_chem.physical_and_invitro.data",1,1,"default_1uM",0,0.52715,0.0859435,2.10105,0.71135057,NA,NA,NA,NA,NA,NA,NA,NA,"no_exposure_data"
"NOCAS_48505","Pharmagsid_48505","DTXSID0048505",0,15.0714276026496,15.0714276026496,"RF_imputed_chem.physical_and_invitro.data",1,1,"default_1uM",0,0.43565,0.0629895,2.10115,0.700607543,NA,NA,NA,NA,NA,NA,NA,NA,"no_exposure_data"
"81-07-2","Saccharin","DTXSID5021251",1.917,3.85207946299497,1.917,"httk_measured",1,1,"default_1uM",0,0.50505,0.129335,2.10465,0.72257282,NA,NA,NA,NA,NA,NA,NA,NA,"no_exposure_data"
"129299-90-7","Fabesetron hydrochloride","DTXSID7048168",7.56,8.21546857961976,7.56,"httk_measured",1,1,"default_1uM",0,0.4072,0.0588405,2.11085,0.647730047,NA,NA,NA,NA,NA,NA,NA,NA,"no_exposure_data"
"94-74-6","Mcpa","DTXSID4024195",0,38.189823060168,38.189823060168,"RF_imputed_chem.physical_and_invitro.data",1,1,"default_1uM",0,0.32325,0.037961,2.11855,0.593727588,NA,NA,NA,NA,NA,NA,NA,NA,"no_exposure_data"
"131-70-4","Monobutyl phthalate","DTXSID4040002",0,3.09895611492875,3.09895611492875,"RF_imputed_chem.physical_and_invitro.data",1,1,"default_1uM",0,0.56165,0.11455,2.12305,0.80574406,NA,NA,NA,NA,NA,NA,NA,NA,"no_exposure_data"
"75330-75-5","Lovastatin","DTXSID5020784",21.9,27.6868903970728,21.9,"httk_measured",1,1,"default_1uM",0,0.5052,0.0700785,2.1354,0.726233223,NA,NA,NA,NA,NA,NA,NA,NA,"no_exposure_data"
"579-66-8","""2,6-diethylaniline""","DTXSID6027218",16.13,23.7913800381134,16.13,"httk_measured",1,1,"default_1uM",0,0.4744,0.0735275,2.146,0.723382231,NA,NA,NA,NA,NA,NA,NA,NA,"no_exposure_data"
"115-29-7","Endosulfan","DTXSID1020560",0,8.65780110969508,8.65780110969508,"RF_imputed_chem.physical_and_invitro.data",1,1,"default_1uM",0,0.5423,0.09699,2.1574,0.765975048,NA,NA,NA,NA,NA,NA,NA,NA,"no_exposure_data"
"105-60-2","Caprolactam","DTXSID4020240",0,1.74341091273436,1.74341091273436,"RF_imputed_chem.physical_and_invitro.data",1,1,"default_1uM",0,0.5772,0.15997,2.1663,0.79663724,NA,NA,NA,NA,NA,NA,NA,NA,"no_exposure_data"
"81406-37-3","Fluroxypyr-meptyl","DTXSID5034303",0,42.1080254949515,42.1080254949515,"RF_imputed_chem.physical_and_invitro.data",1,1,"default_1uM",0,0.5044,0.056169,2.1725,0.739615999,NA,NA,NA,NA,NA,NA,NA,NA,"no_exposure_data"
"98319-26-7","Finasteride","DTXSID3020625",4.5,6.54443227923783,4.5,"httk_measured",1,1,"default_1uM",0,0.52175,0.086604,2.189,0.7467063,NA,NA,NA,NA,NA,NA,NA,NA,"no_exposure_data"
"54-31-9","Furosemide","DTXSID6020648",0,10.5872714263081,10.5872714263081,"RF_imputed_chem.physical_and_invitro.data",1,1,"default_1uM",0,0.3258,0.0348235,2.19465,0.636460443,NA,NA,NA,NA,NA,NA,NA,NA,"no_exposure_data"
"105-99-7","Dibutyl hexanedioate","DTXSID2021866",14.03,14.839540684155,14.03,"httk_measured",1,1,"default_1uM",0,0.5543,0.0943725,2.1975,0.758928989,NA,NA,NA,NA,NA,NA,NA,NA,"no_exposure_data"
"125116-23-6","Metconazole","DTXSID4034497",16.7,18.8376005420183,16.7,"httk_measured",1,1,"default_1uM",0,0.4423,0.0614965,2.2036,0.693685414,NA,NA,NA,NA,NA,NA,NA,NA,"no_exposure_data"
"36505-84-7","Buspirone","DTXSID2022707",7.66,8.75459386959542,7.66,"httk_measured",1,1,"default_1uM",0,0.4265,0.0570145,2.204,0.714372196,NA,NA,NA,NA,NA,NA,NA,NA,"no_exposure_data"
"493-52-7","Methyl red","DTXSID1042154",11.1,17.9489881961269,11.1,"httk_measured",1,1,"default_1uM",0,0.4652,0.06306,2.2041,0.74134805,NA,NA,NA,NA,NA,NA,NA,NA,"no_exposure_data"
"769-92-6","4-tert-butylaniline","DTXSID0048181",10.7,13.4268201309241,10.7,"httk_measured",1,1,"default_1uM",0,0.6135,0.110495,2.23215,0.83867335,NA,NA,NA,NA,NA,NA,NA,NA,"no_exposure_data"
"173159-57-4","Foramsulfuron","DTXSID7034753",0,3.43130454814746,3.43130454814746,"RF_imputed_chem.physical_and_invitro.data",1,1,"default_1uM",0,0.48405,0.083342,2.24345,0.749139126,NA,NA,NA,NA,NA,NA,NA,NA,"no_exposure_data"
"113-48-4","Mgk","DTXSID6032562",0,55.4648208127226,55.4648208127226,"RF_imputed_chem.physical_and_invitro.data",1,1,"default_1uM",0,0.38815,0.0381865,2.2486,0.664980489,NA,NA,NA,NA,NA,NA,NA,NA,"no_exposure_data"
"161050-58-4","Methoxyfenozide","DTXSID3032628",16.2,16.4189481267692,16.2,"httk_measured",1,1,"default_1uM",0,0.5407,0.0835345,2.251,0.783438268,NA,NA,NA,NA,NA,NA,NA,NA,"no_exposure_data"
"1194-65-6","Dichlobenil","DTXSID5032365",0,11.9535314127054,11.9535314127054,"RF_imputed_chem.physical_and_invitro.data",1,1,"default_1uM",0,0.481,0.0723445,2.2553,0.743442367,NA,NA,NA,NA,NA,NA,NA,NA,"no_exposure_data"
"298-46-4","Carbamazepine","DTXSID4022731",2.375,3.86665867924118,2.375,"httk_measured",1,1,"default_1uM",0,0.57755,0.132265,2.2985,0.82485425,NA,NA,NA,NA,NA,NA,NA,NA,"no_exposure_data"
"87-86-5","Pentachlorophenol","DTXSID7021106",8.764,14.8269609074508,8.764,"httk_measured",1,1,"default_1uM",0,0.4707,0.068932,2.3031,0.74081515,NA,NA,NA,NA,NA,NA,NA,NA,"no_exposure_data"
"57-83-0","Progesterone","DTXSID3022370",33.7,28.8914743813393,33.7,"httk_measured",1,1,"default_1uM",0,0.55385,0.074625,2.3297,0.810213217,NA,NA,NA,NA,NA,NA,NA,NA,"no_exposure_data"
"101-77-9","4,4'-methylenedianiline","DTXSID6022422",3.37,5.43632120628207,3.37,"httk_measured",1,1,"default_1uM",0,0.6013,0.13788,2.33525,0.84318239,NA,NA,NA,NA,NA,NA,NA,NA,"no_exposure_data"
"68157-60-8","Forchlorfenuron","DTXSID1034634",26.87,25.5580286923807,26.87,"httk_measured",1,1,"default_1uM",0,0.46115,0.0486935,2.35669999999999,0.709300167,NA,NA,NA,NA,NA,NA,NA,NA,"no_exposure_data"
"53-16-7","Estrone","DTXSID4022367",0,16.8109949831719,16.8109949831719,"RF_imputed_chem.physical_and_invitro.data",1,1,"default_1uM",0,0.4786,0.075612,2.37645,0.77388488,NA,NA,NA,NA,NA,NA,NA,NA,"no_exposure_data"
"13071-79-9","Terbufos","DTXSID2022254",32.5,25.2143306970267,32.5,"httk_measured",1,1,"default_1uM",0,0.56165,0.0842925,2.3993,0.82410166,NA,NA,NA,NA,NA,NA,NA,NA,"no_exposure_data"
"68-22-4","Norethindrone","DTXSID9023380",0,11.9015950402145,11.9015950402145,"RF_imputed_chem.physical_and_invitro.data",1,1,"default_1uM",0,0.51815,0.085565,2.4017,0.79149877,NA,NA,NA,NA,NA,NA,NA,NA,"no_exposure_data"
"599-64-4","4-cumylphenol","DTXSID3022536",27.2,34.839918124475,27.2,"httk_measured",1,1,"default_1uM",0,0.5961,0.0979505,2.40185,0.857890486,NA,NA,NA,NA,NA,NA,NA,NA,"no_exposure_data"
"57-63-6","Ethinylestradiol","DTXSID5020576",0,25.0184534170506,25.0184534170506,"RF_imputed_chem.physical_and_invitro.data",1,1,"default_1uM",0,0.4332,0.055677,2.408,0.69692933,NA,NA,NA,NA,NA,NA,NA,NA,"no_exposure_data"
"52-86-8","Haloperidol","DTXSID4034150",5.062,6.85632920011364,5.062,"httk_measured",1,1,"default_1uM",0,0.58685,0.108495,2.4235,0.84460496,NA,NA,NA,NA,NA,NA,NA,NA,"no_exposure_data"
"298-02-2","Phorate","DTXSID4032459",0,33.3108662715102,33.3108662715102,"RF_imputed_chem.physical_and_invitro.data",1,1,"default_1uM",0,0.48485,0.056381,2.4304,0.7769179255,NA,NA,NA,NA,NA,NA,NA,NA,"no_exposure_data"
"13194-48-4","Ethoprop","DTXSID4032611",20.95,22.252615393375,20.95,"httk_measured",1,1,"default_1uM",0,0.61215,0.0866995,2.4702,0.86995421,NA,NA,NA,NA,NA,NA,NA,NA,"no_exposure_data"
"81335-37-7","Imazaquin","DTXSID3024152",2.457,4.35099341191283,2.457,"httk_measured",1,1,"default_1uM",0,0.5305,0.10125,2.4724,0.7950908,NA,NA,NA,NA,NA,NA,NA,NA,"no_exposure_data"
"298-00-0","Methyl parathion","DTXSID1020855",14.19,16.3148202418169,14.19,"httk_measured",1,1,"default_1uM",0,0.39315,0.0484395,2.4803,0.7275213707,NA,NA,NA,NA,NA,NA,NA,NA,"no_exposure_data"
"50594-66-6","Acifluorfen","DTXSID0020022",0,25.21761411447,25.21761411447,"RF_imputed_chem.physical_and_invitro.data",1,1,"default_1uM",0,0.5824,0.094592,2.4988,0.86574417,NA,NA,NA,NA,NA,NA,NA,NA,"no_exposure_data"
"838-88-0","""4,4'-methylene bis(2-methylaniline)""","DTXSID5020867",3.984,5.45812433420194,3.984,"httk_measured",1,1,"default_1uM",0,0.60555,0.130845,2.50315,0.88030421,NA,NA,NA,NA,NA,NA,NA,NA,"no_exposure_data"
"35367-38-5","Diflubenzuron","DTXSID1024049",0,17.5458229376581,17.5458229376581,"RF_imputed_chem.physical_and_invitro.data",1,1,"default_1uM",0,0.5961,0.0849565,2.50485,0.859415337,NA,NA,NA,NA,NA,NA,NA,NA,"no_exposure_data"
"90-15-3","1-naphthol","DTXSID6021793",0,21.6757658137038,21.6757658137038,"RF_imputed_chem.physical_and_invitro.data",1,1,"default_1uM",0,0.5607,0.074102,2.5091,0.844262879,NA,NA,NA,NA,NA,NA,NA,NA,"no_exposure_data"
"123343-16-8","Pyrithiobac-sodium","DTXSID8032673",0,8.17425596122344,8.17425596122344,"RF_imputed_chem.physical_and_invitro.data",1,1,"default_1uM",0,0.5127,0.076706,2.5125,0.8328914,NA,NA,NA,NA,NA,NA,NA,NA,"no_exposure_data"
"188425-85-6","Boscalid","DTXSID6034392",17.28,13.3630883962638,17.28,"httk_measured",1,1,"default_1uM",0,0.51095,0.0553695,2.52355,0.838531615,NA,NA,NA,NA,NA,NA,NA,NA,"no_exposure_data"
"1918-00-9","Dicamba","DTXSID4024018",0,2.54833965336111,2.54833965336111,"RF_imputed_chem.physical_and_invitro.data",1,1,"default_1uM",0,0.6213,0.12998,2.5397,0.89917777,NA,NA,NA,NA,NA,NA,NA,NA,"no_exposure_data"
"1007-28-9","6-desisopropylatrazine","DTXSID0037495",0,2.12389723011348,2.12389723011348,"RF_imputed_chem.physical_and_invitro.data",1,1,"default_1uM",0,0.65425,0.122635,2.54725,0.90898282,NA,NA,NA,NA,NA,NA,NA,NA,"no_exposure_data"
"79-94-7","3,3',5,5'-tetrabromobisphenol a","DTXSID1026081",50.5,16.7905364017723,50.5,"httk_measured",1,1,"default_1uM",0,0.40745,0.041929,2.56565,0.724903425,NA,NA,NA,NA,NA,NA,NA,NA,"no_exposure_data"
"90-30-2","N-phenyl-1-naphthylamine","DTXSID2025892",57.9,40.5851830664439,57.9,"httk_measured",1,1,"default_1uM",0,0.5629,0.0850385,2.5726,0.829817492,NA,NA,NA,NA,NA,NA,NA,NA,"no_exposure_data"
"290352-28-2","Cp-634384","DTXSID7047306",0,20.3499904829294,20.3499904829294,"RF_imputed_chem.physical_and_invitro.data",1,1,"default_1uM",0,0.52055,0.0621345,2.5757,0.824514347,NA,NA,NA,NA,NA,NA,NA,NA,"no_exposure_data"
"314-40-9","Bromacil","DTXSID4022020",0,9.54369915499517,9.54369915499517,"RF_imputed_chem.physical_and_invitro.data",1,1,"default_1uM",0,0.54185,0.095956,2.5987,0.850898461,NA,NA,NA,NA,NA,NA,NA,NA,"no_exposure_data"
"249296-43-3","Cj-013610","DTXSID2047272",0,3.09696629040557,3.09696629040557,"RF_imputed_chem.physical_and_invitro.data",1,1,"default_1uM",0,0.57225,0.1248,2.60315,0.88326245,NA,NA,NA,NA,NA,NA,NA,NA,"no_exposure_data"
"84-74-2","Dibutylphthalate","DTXSID2021781",42.5,25.3544396064155,42.5,"httk_measured",1,1,"default_1uM",0,0.57145,0.0876325,2.63225,0.869207861,NA,NA,NA,NA,NA,NA,NA,NA,"no_exposure_data"
"90357-06-5","Bicalutamide","DTXSID2022678",0,9.56890423103417,9.56890423103417,"RF_imputed_chem.physical_and_invitro.data",1,1,"default_1uM",0,0.58565,0.098881,2.6334,0.90235833,NA,NA,NA,NA,NA,NA,NA,NA,"no_exposure_data"
"117-79-3","2-aminoanthraquinone","DTXSID6020068",30.8,27.5216731332701,30.8,"httk_measured",1,1,"default_1uM",0,0.6156,0.0922395,2.6545,0.914340778,NA,NA,NA,NA,NA,NA,NA,NA,"no_exposure_data"
"173584-44-6","Indoxacarb","DTXSID1032690",31.36,21.3372617847857,31.36,"httk_measured",1,1,"default_1uM",0,0.5577,0.066861,2.67309999999999,0.867817764,NA,NA,NA,NA,NA,NA,NA,NA,"no_exposure_data"
"112410-23-8","Tebufenozide","DTXSID4034948",22.4,19.3301832399069,22.4,"httk_measured",1,1,"default_1uM",0,0.5504,0.0994365,2.67845,0.86383784,NA,NA,NA,NA,NA,NA,NA,NA,"no_exposure_data"
"96489-71-3","Pyridaben","DTXSID5032573",63.93,24.3074385821132,63.93,"httk_measured",1,1,"default_1uM",0,0.6502,0.11414,2.72515,0.92860545,NA,NA,NA,NA,NA,NA,NA,NA,"no_exposure_data"
"1071-93-8","Hexanedihydrazide","DTXSID0044361",0.6018,1.33066543848586,0.6018,"httk_measured",1,1,"default_1uM",0,0.85255,0.28271,2.7267,1.09369356,NA,NA,NA,NA,NA,NA,NA,NA,"no_exposure_data"
"134-62-3","Diethyltoluamide","DTXSID2021995",3.797,5.78928419213982,3.797,"httk_measured",1,1,"default_1uM",0,0.70995,0.138295,2.7302,1.00796022,NA,NA,NA,NA,NA,NA,NA,NA,"no_exposure_data"
"131-56-6","2,4-dihydroxybenzophenone","DTXSID8022406",39.3,23.6874425848444,39.3,"httk_measured",1,1,"default_1uM",0,0.56465,0.0803545,2.7504,0.882576387,NA,NA,NA,NA,NA,NA,NA,NA,"no_exposure_data"
"104-13-2","4-butylaniline","DTXSID8021856",26.4,23.9648310046765,26.4,"httk_measured",1,1,"default_1uM",0,0.63695,0.10749,2.7533,0.91621527,NA,NA,NA,NA,NA,NA,NA,NA,"no_exposure_data"
"58-89-9","Lindane","DTXSID2020686",0,24.9273644956325,24.9273644956325,"RF_imputed_chem.physical_and_invitro.data",1,1,"default_1uM",0,0.59755,0.095672,2.76144999999999,0.942534397,NA,NA,NA,NA,NA,NA,NA,NA,"no_exposure_data"
"99-71-8","4-(butan-2-yl)phenol","DTXSID7022332",19.03,19.1073653223906,19.03,"httk_measured",1,1,"default_1uM",0,0.58325,0.0926585,2.7887,0.920854385,NA,NA,NA,NA,NA,NA,NA,NA,"no_exposure_data"
"77-40-7","Bisphenol b","DTXSID4022442",35.66,29.1966024188922,35.66,"httk_measured",1,1,"default_1uM",0,0.627,0.0826335,2.7903,0.921951641,NA,NA,NA,NA,NA,NA,NA,NA,"no_exposure_data"
"125-84-8","Aminoglutethimide","DTXSID8022589",0.723,2.45827475594113,0.723,"httk_measured",1,1,"default_1uM",0,0.78645,0.135535,2.82375,1.078018347,NA,NA,NA,NA,NA,NA,NA,NA,"no_exposure_data"
"111988-49-9","Thiacloprid","DTXSID7034961",2.574,3.23026311645931,2.574,"httk_measured",1,1,"default_1uM",0,0.7037,0.13976,2.86715,1.00490629,NA,NA,NA,NA,NA,NA,NA,NA,"no_exposure_data"
"82558-50-7","Isoxaben","DTXSID8024159",17.7,16.0531176885272,17.7,"httk_measured",1,1,"default_1uM",0,0.74015,0.12388,2.9092,1.04525934,NA,NA,NA,NA,NA,NA,NA,NA,"no_exposure_data"
"125-13-3","Oxyphenisatin","DTXSID5044528",0,18.0983565610184,18.0983565610184,"RF_imputed_chem.physical_and_invitro.data",1,1,"default_1uM",0,0.61845,0.0763955,2.92205,0.9284558,NA,NA,NA,NA,NA,NA,NA,NA,"no_exposure_data"
"131-55-5","2,2',4,4'-tetrahydroxybenzophenone","DTXSID5041306",19.2,15.2378575227417,19.2,"httk_measured",1,1,"default_1uM",0,0.5814,0.085607,2.98365,0.933869901,NA,NA,NA,NA,NA,NA,NA,NA,"no_exposure_data"
"90-94-8","Michler's ketone","DTXSID2020894",39.2,34.1010558294197,39.2,"httk_measured",1,1,"default_1uM",0,0.73045,0.11605,2.9863,1.018233622,NA,NA,NA,NA,NA,NA,NA,NA,"no_exposure_data"
"82097-50-5","Triasulfuron","DTXSID0024345",14.58,8.84658347074502,14.58,"httk_measured",1,1,"default_1uM",0,0.51035,0.061026,2.99765,0.90155686,NA,NA,NA,NA,NA,NA,NA,NA,"no_exposure_data"
"13311-84-7","Flutamide","DTXSID7032004",30.38,23.8360977357872,30.38,"httk_measured",1,1,"default_1uM",0,0.69225,0.086989,3.00625,1.021572225,NA,NA,NA,NA,NA,NA,NA,NA,"no_exposure_data"
"85532-75-8","Pk 11195","DTXSID7041097",42.12,29.2940826790926,42.12,"httk_measured",1,1,"default_1uM",0,0.62385,0.109995,3.0133,0.9662691,NA,NA,NA,NA,NA,NA,NA,NA,"no_exposure_data"
"446-72-0","Genistein","DTXSID5022308",18.69,15.7381972638866,18.69,"httk_measured",1,1,"default_1uM",0,0.44,0.048754,3.0247,0.840708746,NA,NA,NA,NA,NA,NA,NA,NA,"no_exposure_data"
"35256-85-0","Butam","DTXSID5041691",9.846,11.2087895555412,9.846,"httk_measured",1,1,"default_1uM",0,0.79525,0.163705,3.04355,1.09080405,NA,NA,NA,NA,NA,NA,NA,NA,"no_exposure_data"
"120-80-9","Catechol","DTXSID3020257",42.3,24.981474251577,42.3,"httk_measured",1,1,"default_1uM",0,0.4948,0.0488345,3.0662,0.938133412,NA,NA,NA,NA,NA,NA,NA,NA,"no_exposure_data"
"230954-09-3","Cp-544439","DTXSID8047266",2.27,4.61826303883754,2.27,"httk_measured",1,1,"default_1uM",0,0.753,0.19222,3.07775,1.1065566,NA,NA,NA,NA,NA,NA,NA,NA,"no_exposure_data"
"54-85-3","Isoniazide","DTXSID8020755",1.11,1.3743551718127,1.11,"httk_measured",1,1,"default_1uM",0,0.91825,0.185565,3.08155,1.22751182688,NA,NA,NA,NA,NA,NA,NA,NA,"no_exposure_data"
"51-52-5","6-propyl-2-thiouracil","DTXSID5021209",1.323,1.80207793681139,1.323,"httk_measured",1,1,"default_1uM",0,0.73395,0.13575,3.08295,1.03686468,NA,NA,NA,NA,NA,NA,NA,NA,"no_exposure_data"
"88-27-7","2,6-di-tert-butyl-4-[(dimethylamino)methyl]phenol","DTXSID0044997",1.55,3.5083927131297,1.55,"httk_measured",1,1,"default_1uM",0,0.75215,0.18558,3.0922,1.05823994,NA,NA,NA,NA,NA,NA,NA,NA,"no_exposure_data"
"305-03-3","Chlorambucil","DTXSID7020263",44,24.5877270372963,44,"httk_measured",1,1,"default_1uM",0,0.5071,0.050577,3.09565,0.914653269,NA,NA,NA,NA,NA,NA,NA,NA,"no_exposure_data"
"150-68-5","Monuron","DTXSID0020311",3.086,3.8991132730085,3.086,"httk_measured",1,1,"default_1uM",0,0.84175,0.18276,3.1117,1.1615068,NA,NA,NA,NA,NA,NA,NA,NA,"no_exposure_data"
"105624-86-0","5hpp-33","DTXSID1046970",47,27.1000737404003,47,"httk_measured",1,1,"default_1uM",0,0.8989,0.141555,3.1505,1.16074192,NA,NA,NA,NA,NA,NA,NA,NA,"no_exposure_data"
"21725-46-2","Cyanazine","DTXSID1023990",0,4.04410530230076,4.04410530230076,"RF_imputed_chem.physical_and_invitro.data",1,1,"default_1uM",0,0.8482,0.187795,3.16705,1.19001572,NA,NA,NA,NA,NA,NA,NA,NA,"no_exposure_data"
"50-02-2","Dexamethasone","DTXSID3020384",1.791,2.39004835867567,1.791,"httk_measured",1,1,"default_1uM",0,0.8965,0.18562,3.1714,1.1622688,NA,NA,NA,NA,NA,NA,NA,NA,"no_exposure_data"
"34487-61-1","Phenol red sodium salt","DTXSID2044420",0,3.62371448974773,3.62371448974773,"RF_imputed_chem.physical_and_invitro.data",1,1,"default_1uM",0,0.6649,0.137045,3.2075,1.03000143,NA,NA,NA,NA,NA,NA,NA,NA,"no_exposure_data"
"94-26-8","Butylparaben","DTXSID3020209",39.3,43.1761743764169,39.3,"httk_measured",1,1,"default_1uM",0,0.7202,0.093438,3.2145,1.094616907,NA,NA,NA,NA,NA,NA,NA,NA,"no_exposure_data"
"119446-68-3","Difenoconazole","DTXSID4032372",30.6,30.1439998677063,30.6,"httk_measured",1,1,"default_1uM",0,0.75215,0.132695,3.2175,1.096176503,NA,NA,NA,NA,NA,NA,NA,NA,"no_exposure_data"
"16752-77-5","Methomyl","DTXSID1022267",2.05,5.63010139140624,2.05,"httk_measured",1,1,"default_1uM",0,0.92295,0.268565,3.24225,1.24296919,NA,NA,NA,NA,NA,NA,NA,NA,"no_exposure_data"
"608-73-1","1,2,3,4,5,6-hexachlorocyclohexane","DTXSID7020687",0,26.034989696839,26.034989696839,"RF_imputed_chem.physical_and_invitro.data",1,1,"default_1uM",0,0.70795,0.11853,3.25615,1.05468911,NA,NA,NA,NA,NA,NA,NA,NA,"no_exposure_data"
"618-45-1","3-isopropylphenol","DTXSID0044571",19.9,17.2369432440064,19.9,"httk_measured",1,1,"default_1uM",0,0.7228,0.109495,3.27075,1.12751077,NA,NA,NA,NA,NA,NA,NA,NA,"no_exposure_data"
"1861-32-1","Chlorthal-dimethyl","DTXSID0024000",38.62,32.6527122368161,38.62,"httk_measured",1,1,"default_1uM",0,0.6736,0.0873285,3.28805,1.081650176,NA,NA,NA,NA,NA,NA,NA,NA,"no_exposure_data"
"63612-50-0","Nilutamide","DTXSID3034165",0,10.633927183459,10.633927183459,"RF_imputed_chem.physical_and_invitro.data",1,1,"default_1uM",0,0.9066,0.164795,3.29089999999999,1.26358057,NA,NA,NA,NA,NA,NA,NA,NA,"no_exposure_data"
"91-59-8","2-naphthylamine","DTXSID2020921",18.5,29.885983027852,18.5,"httk_measured",1,1,"default_1uM",0,0.7547,0.111495,3.3112,1.10526856,NA,NA,NA,NA,NA,NA,NA,NA,"no_exposure_data"
"119-93-7","O-tolidine","DTXSID5024059",0,9.32155788235292,9.32155788235292,"RF_imputed_chem.physical_and_invitro.data",1,1,"default_1uM",0,0.7533,0.113995,3.3172,1.12454609,NA,NA,NA,NA,NA,NA,NA,NA,"no_exposure_data"
"155569-91-8","Emamectin benzoate","DTXSID0034566",0,17.1216032427634,17.1216032427634,"RF_imputed_chem.physical_and_invitro.data",1,1,"default_1uM",0,0.55235,0.05364,3.3433,1.013748269,NA,NA,NA,NA,NA,NA,NA,NA,"no_exposure_data"
"14233-37-5","1,4-bis(n-isopropylamino)anthraquinone","DTXSID2041250",0,45.3729549887361,45.3729549887361,"RF_imputed_chem.physical_and_invitro.data",1,1,"default_1uM",0,0.7082,0.082333,3.34649999999999,1.068664513,NA,NA,NA,NA,NA,NA,NA,NA,"no_exposure_data"
"125-31-5","P-xylenol blue","DTXSID8026303",0,22.5836838554312,22.5836838554312,"RF_imputed_chem.physical_and_invitro.data",1,1,"default_1uM",0,0.7849,0.13094,3.35599999999999,1.16429304,NA,NA,NA,NA,NA,NA,NA,NA,"no_exposure_data"
"88-60-8","2-tert-butyl-5-methylphenol","DTXSID2026529",36,31.1874445204923,36,"httk_measured",1,1,"default_1uM",0,0.7249,0.10549,3.3767,1.09802639,NA,NA,NA,NA,NA,NA,NA,NA,"no_exposure_data"
"99-08-1","3-nitrotoluene","DTXSID5021831",16.82,22.8261304827459,16.82,"httk_measured",1,1,"default_1uM",0,0.71145,0.101655,3.43535,1.12137339,NA,NA,NA,NA,NA,NA,NA,NA,"no_exposure_data"
"100-02-7","4-nitrophenol","DTXSID0021834",14,20.2877788824586,14,"httk_measured",1,1,"default_1uM",0,0.8997,0.100295,3.4719,1.31055435,NA,NA,NA,NA,NA,NA,NA,NA,"no_exposure_data"
"112-50-5","2-[2-(2-ethoxyethoxy)ethoxy]ethanol","DTXSID3024368",0,1.8366069621821,1.8366069621821,"RF_imputed_chem.physical_and_invitro.data",1,1,"default_1uM",0,0.98135,0.14951,3.47705,1.32931532767,NA,NA,NA,NA,NA,NA,NA,NA,"no_exposure_data"
"1156-19-0","Tolazamide","DTXSID3021358",0,9.45450210367379,9.45450210367379,"RF_imputed_chem.physical_and_invitro.data",1,1,"default_1uM",0,0.8026,0.10548,3.4822,1.180183654,NA,NA,NA,NA,NA,NA,NA,NA,"no_exposure_data"
"27955-94-8","4,4',4''-ethane-1,1,1-triyltriphenol","DTXSID2037712",30.8,23.9621138013146,30.8,"httk_measured",1,1,"default_1uM",0,0.7522,0.12019,3.53975,1.152446638,NA,NA,NA,NA,NA,NA,NA,NA,"no_exposure_data"
"141112-29-0","Isoxaflutole","DTXSID5034723",20.42,13.0565639063343,20.42,"httk_measured",1,1,"default_1uM",0,0.5248,0.0527995,3.5692,1.00249229,NA,NA,NA,NA,NA,NA,NA,NA,"no_exposure_data"
"114369-43-6","Fenbuconazole","DTXSID8032548",21.7,13.0109148865955,21.7,"httk_measured",1,1,"default_1uM",0,0.78835,0.10434,3.5711,1.180005217,NA,NA,NA,NA,NA,NA,NA,NA,"no_exposure_data"
"80-08-0","Dapsone","DTXSID4020371",0,3.3565323568227,3.3565323568227,"RF_imputed_chem.physical_and_invitro.data",1,1,"default_1uM",0,0.9804,0.181285,3.5712,1.3557338,NA,NA,NA,NA,NA,NA,NA,NA,"no_exposure_data"
"486-66-8","Daidzein","DTXSID9022310",15.4,26.4105701081616,15.4,"httk_measured",1,1,"default_1uM",0,0.817,0.111795,3.5794,1.2079919,NA,NA,NA,NA,NA,NA,NA,NA,"no_exposure_data"
"106-47-8","4-chloroanulline","DTXSID9020295",0,8.67685577403313,8.67685577403313,"RF_imputed_chem.physical_and_invitro.data",1,1,"default_1uM",0,0.9141,0.197365,3.6596,1.30666901,NA,NA,NA,NA,NA,NA,NA,NA,"no_exposure_data"
"56-72-4","Coumaphos","DTXSID2020347",31.7,37.0322161780879,31.7,"httk_measured",1,1,"default_1uM",0,0.6311,0.052908,3.6717,1.075462761,NA,NA,NA,NA,NA,NA,NA,NA,"no_exposure_data"
"51-03-6","Piperonyl butoxide","DTXSID1021166",76.01,39.7713803804808,76.01,"httk_measured",1,1,"default_1uM",0,0.7921,0.11002,3.6803,1.210658465,NA,NA,NA,NA,NA,NA,NA,NA,"no_exposure_data"
"73590-58-6","Omeprazole","DTXSID6021080",3.271,3.95469648692817,3.271,"httk_measured",1,1,"default_1uM",0,0.8969,0.158795,3.69015,1.34047667,NA,NA,NA,NA,NA,NA,NA,NA,"no_exposure_data"
"64-17-5","Ethanol","DTXSID9020584",3.958,1.42733449837581,3.958,"httk_measured",1,1,"default_1uM",0,0.7192,0.11449,3.6971,1.166555714,NA,NA,NA,NA,NA,NA,NA,NA,"no_exposure_data"
"101-42-8","Fenuron","DTXSID7037551",2.89,4.82232513811735,2.89,"httk_measured",1,1,"default_1uM",0,1.022,0.268845,3.7202,1.37323636,NA,NA,NA,NA,NA,NA,NA,NA,"no_exposure_data"
"126-73-8","Tributyl phosphate","DTXSID3021986",0,23.0315099960718,23.0315099960718,"RF_imputed_chem.physical_and_invitro.data",1.5337528626604,31.6311600090494,"example.toxcast",96,0.8235,0.14047,3.731,1.215579831,NA,NA,NA,NA,NA,NA,NA,NA,"no_exposure_data"
"88671-89-0","Myclobutanil","DTXSID8024315",16.4,14.3126220830022,16.4,"httk_measured",1,1,"default_1uM",0,0.8881,0.11146,3.812,1.29611798,NA,NA,NA,NA,NA,NA,NA,NA,"no_exposure_data"
"149-30-4","2-mercaptobenzothiazole","DTXSID1020807",37.3,31.9176286649657,37.3,"httk_measured",1,1,"default_1uM",0,0.71605,0.0841375,3.87245,1.228036705,NA,NA,NA,NA,NA,NA,NA,NA,"no_exposure_data"
"20325-40-0","3,3'-dimethoxybenzidine dihydrochloride","DTXSID1020485",0,4.48717349677394,4.48717349677394,"RF_imputed_chem.physical_and_invitro.data",1,1,"default_1uM",0,0.9891,0.24376,3.87345,1.40217105,NA,NA,NA,NA,NA,NA,NA,NA,"no_exposure_data"
"117428-22-5","Picoxystrobin","DTXSID9047542",57.1,61.7029221762809,57.1,"httk_measured",1,1,"default_1uM",0,0.70055,0.0803135,3.9066,1.164997833,NA,NA,NA,NA,NA,NA,NA,NA,"no_exposure_data"
"83-41-0","1,2-dimethyl-3-nitrobenzene","DTXSID7025132",523,180.389493867256,523,"httk_measured",1,1,"default_1uM",0,0.10285,0.010835,3.92399999999999,0.7722844971,NA,NA,NA,NA,NA,NA,NA,NA,"no_exposure_data"
"84852-15-3","4-nonylphenol, branched","DTXSID5029055",104,67.5235190528375,104,"httk_measured",1,1,"default_1uM",0,0.818,0.126255,3.92765,1.250015022,NA,NA,NA,NA,NA,NA,NA,NA,"no_exposure_data"
"180084-01-9","Sb236057a","DTXSID5047320",4.65,9.41466852013309,4.65,"httk_measured",1,1,"default_1uM",0,0.71145,0.11986,3.99805,1.16296829,NA,NA,NA,NA,NA,NA,NA,NA,"no_exposure_data"
"2696-84-6","4-propylanilline","DTXSID5048180",17.3,15.4726964850929,17.3,"httk_measured",1,1,"default_1uM",0,0.90785,0.133445,4.051,1.352352153,NA,NA,NA,NA,NA,NA,NA,NA,"no_exposure_data"
"10540-29-1","Tamoxifen","DTXSID1034187",0,13.0345039798693,13.0345039798693,"RF_imputed_chem.physical_and_invitro.data",1,1,"default_1uM",0,0.9363,0.12114,4.0551,1.463447444,NA,NA,NA,NA,NA,NA,NA,NA,"no_exposure_data"
"117718-60-2","Thiazopyr","DTXSID1032488",41.5,34.9934343240095,41.5,"httk_measured",1,1,"default_1uM",0,0.8,0.086196,4.07275,1.276948698,NA,NA,NA,NA,NA,NA,NA,NA,"no_exposure_data"
"361343-19-3","Elzasonan","DTXSID7047277",21.1,14.5570919818865,21.1,"httk_measured",1,1,"default_1uM",0,1.1815,0.18072,4.1131,1.529260734,NA,NA,NA,NA,NA,NA,NA,NA,"no_exposure_data"
"501-36-0","Resveratrol","DTXSID4031980",62.9,131.836906554307,62.9,"httk_measured",1,1,"default_1uM",0,0.6847,0.0424865,4.12405,1.146047648,NA,NA,NA,NA,NA,NA,NA,NA,"no_exposure_data"
"92-87-5","Benzidine","DTXSID2020137",6.91,9.89150916445211,6.91,"httk_measured",1,1,"default_1uM",0,0.8591,0.1419,4.15054999999999,1.329603397,NA,NA,NA,NA,NA,NA,NA,NA,"no_exposure_data"
"330-54-1","Diuron","DTXSID0020446",12.15,8.7460945259988,12.15,"httk_measured",1,1,"default_1uM",0,1.0515,0.18469,4.17105,1.46718341,NA,NA,NA,NA,NA,NA,NA,NA,"no_exposure_data"
"445295-04-5","Cp-671305","DTXSID6047282",0,8.29031830129732,8.29031830129732,"RF_imputed_chem.physical_and_invitro.data",1,1,"default_1uM",0,0.878,0.1363,4.22135,1.40145702,NA,NA,NA,NA,NA,NA,NA,NA,"no_exposure_data"
"2465-27-2","Auramine hydrochloride","DTXSID9020114",8.66,8.95279196545324,8.66,"httk_measured",1,1,"default_1uM",0,0.93195,0.16309,4.22365,1.389103121,NA,NA,NA,NA,NA,NA,NA,NA,"no_exposure_data"
"122-34-9","Simazine","DTXSID4021268",6.326,7.61263865713194,6.326,"httk_measured",1,1,"default_1uM",0,1.004,0.178665,4.2548,1.482855419,NA,NA,NA,NA,NA,NA,NA,NA,"no_exposure_data"
"127308-82-1","Zamifenacin","DTXSID9047257",17.11,15.2621130131295,17.11,"httk_measured",1,1,"default_1uM",0,0.95015,0.12565,4.28154999999999,1.463701042,NA,NA,NA,NA,NA,NA,NA,NA,"no_exposure_data"
"111-40-0","Diethylenetriamine","DTXSID2025050",2.003,0.898844244527471,2.003,"httk_measured",1,1,"default_1uM",0,1.096,0.281795,4.2941,1.55945632,NA,NA,NA,NA,NA,NA,NA,NA,"no_exposure_data"
"2593-15-9","Etridiazole","DTXSID3032547",127,39.9028678694209,127,"httk_measured",1,1,"default_1uM",0,0.7553,0.080263,4.3143,1.409867711,NA,NA,NA,NA,NA,NA,NA,NA,"no_exposure_data"
"29232-93-7","Pirimiphos-methyl","DTXSID0024266",49.7,39.2217282483812,49.7,"httk_measured",1,1,"default_1uM",0,1.048,0.169085,4.346,1.48813058,NA,NA,NA,NA,NA,NA,NA,NA,"no_exposure_data"
"99-99-0","4-nitrotoluene","DTXSID5023792",19.32,21.1318644225114,19.32,"httk_measured",1,1,"default_1uM",0,0.818,0.159665,4.35405,1.374524408,NA,NA,NA,NA,NA,NA,NA,NA,"no_exposure_data"
"333-41-5","Diazinon","DTXSID9020407",30.5,17.5206250743993,30.5,"httk_measured",1,1,"default_1uM",0,1.122,0.145245,4.3705,1.53350418,NA,NA,NA,NA,NA,NA,NA,NA,"no_exposure_data"
"585-34-2","3-tert-butylphenol","DTXSID9044825",40.2,22.0777746694302,40.2,"httk_measured",1,1,"default_1uM",0,1.143,0.18978,4.4013,1.55870136,NA,NA,NA,NA,NA,NA,NA,NA,"no_exposure_data"
"102-27-2","N-ethyl-3-methylaniline","DTXSID4021848",13.12,14.9087683007526,13.12,"httk_measured",1,1,"default_1uM",0,0.905,0.151405,4.44805,1.48193378,NA,NA,NA,NA,NA,NA,NA,NA,"no_exposure_data"
"189003-92-7","Trelanserin","DTXSID2047355",7.06,8.73876003699127,7.06,"httk_measured",1,1,"default_1uM",0,0.873,0.16398,4.4783,1.389420691,NA,NA,NA,NA,NA,NA,NA,NA,"no_exposure_data"
"50-28-2","Estradiol","DTXSID0020573",56.9,62.916934339213,56.9,"httk_measured",1,1,"default_1uM",0,0.8261,0.0543135,4.4821,1.341105594,NA,NA,NA,NA,NA,NA,NA,NA,"no_exposure_data"
"389-08-2","Nalidixic_acid","DTXSID3020912",1.1,1.94871315367956,1.1,"httk_measured",1,1,"default_1uM",0,1.2085,0.228225,4.5099,1.619095057,NA,NA,NA,NA,NA,NA,NA,NA,"no_exposure_data"
"148-79-8","Thiabendazole","DTXSID0021337",0,15.0146156741695,15.0146156741695,"RF_imputed_chem.physical_and_invitro.data",1,1,"default_1uM",0,1.07,0.14587,4.513,1.508109432,NA,NA,NA,NA,NA,NA,NA,NA,"no_exposure_data"
"66-81-9","Cycloheximide","DTXSID6024882",1.74,3.97813948569267,1.74,"httk_measured",1,1,"default_1uM",0,1.1515,0.17087,4.52235,1.623001954,NA,NA,NA,NA,NA,NA,NA,NA,"no_exposure_data"
"133855-98-8","Epoxiconazole","DTXSID1040372",0,12.9193299219656,12.9193299219656,"RF_imputed_chem.physical_and_invitro.data",1,1,"default_1uM",0,1.0285,0.180745,4.5254,1.50623424,NA,NA,NA,NA,NA,NA,NA,NA,"no_exposure_data"
"57-68-1","Sulfamethazine","DTXSID6021290",0,6.81769369002948,6.81769369002948,"RF_imputed_chem.physical_and_invitro.data",1,1,"default_1uM",0,1.134,0.223785,4.6155,1.6282377,NA,NA,NA,NA,NA,NA,NA,NA,"no_exposure_data"
"114-26-1","Propoxur","DTXSID7021948",6.899,7.55018742511221,6.899,"httk_measured",1,1,"default_1uM",0,1.0365,0.18359,4.6672,1.57435981,NA,NA,NA,NA,NA,NA,NA,NA,"no_exposure_data"
"1746-81-2","Monolinuron","DTXSID0037576",0,5.12743504112285,5.12743504112285,"RF_imputed_chem.physical_and_invitro.data",1,1,"default_1uM",0,1.0305,0.222065,4.6863,1.5344445,NA,NA,NA,NA,NA,NA,NA,NA,"no_exposure_data"
"64-86-8","Colchicine","DTXSID5024845",0.698,1.61668082535412,0.698,"httk_measured",1,1,"default_1uM",0,1.3055,0.23449,4.7511,1.738752562,NA,NA,NA,NA,NA,NA,NA,NA,"no_exposure_data"
"89-25-8","Edaravone","DTXSID9021130",2,3.28487971747745,2,"httk_measured",1,1,"default_1uM",0,1.2965,0.274365,4.7558,1.870905026,NA,NA,NA,NA,NA,NA,NA,NA,"no_exposure_data"
"120116-88-3","Cyazofamid","DTXSID9034492",10,9.76357848101833,10,"httk_measured",1,1,"default_1uM",0,0.95555,0.1596,4.7715,1.5618788,NA,NA,NA,NA,NA,NA,NA,NA,"no_exposure_data"
"98-54-4","4-tert-butylphenol","DTXSID1020221",26.8,26.8188218233618,26.8,"httk_measured",1,1,"default_1uM",0,0.91955,0.149545,4.82435,1.59366732,NA,NA,NA,NA,NA,NA,NA,NA,"no_exposure_data"
"55-38-9","Fenthion","DTXSID8020620",87.2,49.030753768382,87.2,"httk_measured",1,1,"default_1uM",0,1.069,0.149455,4.83645,1.564525454,NA,NA,NA,NA,NA,NA,NA,NA,"no_exposure_data"
"109-43-3","Dibutyl decanedioate","DTXSID1041847",134,92.3540135513694,134,"httk_measured",1,1,"default_1uM",0,1.265,0.22888,4.85435,1.72230536,NA,NA,NA,NA,NA,NA,NA,NA,"no_exposure_data"
"23184-66-9","Butachlor","DTXSID3034402",100.8,35.5485345799007,100.8,"httk_measured",1,1,"default_1uM",0,1.0555,0.1448,4.88585,1.547151963,NA,NA,NA,NA,NA,NA,NA,NA,"no_exposure_data"
"33089-61-1","Amitraz","DTXSID5023871",33.3,27.8057569037972,33.3,"httk_measured",1,1,"default_1uM",0,0.18225,0.02637,4.8951,0.985911288,NA,NA,NA,NA,NA,NA,NA,NA,"no_exposure_data"
"791-28-6","Triphenylphosphine oxide","DTXSID2022121",0,16.4626487899935,16.4626487899935,"RF_imputed_chem.physical_and_invitro.data",1,1,"default_1uM",0,1.2125,0.15833,4.91005,1.68682494,NA,NA,NA,NA,NA,NA,NA,NA,"no_exposure_data"
"184653-84-7","Carabersat","DTXSID6047319",0,12.8483590267056,12.8483590267056,"RF_imputed_chem.physical_and_invitro.data",1,1,"default_1uM",0,1.184,0.220615,4.9545,1.72338637,NA,NA,NA,NA,NA,NA,NA,NA,"no_exposure_data"
"989-38-8","Rhodamine 6g","DTXSID1021243",0,15.2044192872849,15.2044192872849,"RF_imputed_chem.physical_and_invitro.data",1,1,"default_1uM",0,0.39975,0.024114,4.9955,1.250991361,NA,NA,NA,NA,NA,NA,NA,NA,"no_exposure_data"
"23593-75-1","Clotrimazole","DTXSID7029871",77.1,48.7962841429098,77.1,"httk_measured",1,1,"default_1uM",0,1.143,0.2164,5.0244,1.69343923,NA,NA,NA,NA,NA,NA,NA,NA,"no_exposure_data"
"625114-41-2","Piragliatin","DTXSID3048520",6.26,4.79466267732662,6.26,"httk_measured",0.216404430228433,1.20020755989304,"example.toxcast",78,1.1745,0.23723,5.03865,1.77015333,NA,NA,NA,NA,NA,NA,NA,NA,"no_exposure_data"
"2492-26-4","Sodium 2-mercaptobenzothiolate","DTXSID1026035",41.7,35.8234287842931,41.7,"httk_measured",1,1,"default_1uM",0,0.92465,0.134405,5.0459,1.48498945,NA,NA,NA,NA,NA,NA,NA,NA,"no_exposure_data"
"2353-45-9","Fd&c green no. 3","DTXSID3020673",0,14.8030700825251,14.8030700825251,"RF_imputed_chem.physical_and_invitro.data",1,1,"default_1uM",0,1.033,0.127225,5.04825,1.63829195,NA,NA,NA,NA,NA,NA,NA,NA,"no_exposure_data"
"97-77-8","Disulfiram","DTXSID1021322",28.46,18.7429718406711,28.46,"httk_measured",1,1,"default_1uM",0,1.121,0.18897,5.0499,1.61451755,NA,NA,NA,NA,NA,NA,NA,NA,"no_exposure_data"
"115-96-8","Tris(2-chloroethyl) phosphate","DTXSID5021411",0,3.0286729458682,3.0286729458682,"RF_imputed_chem.physical_and_invitro.data",1,1,"default_1uM",0,1.3605,0.320175,5.08125,1.84220672,NA,NA,NA,NA,NA,NA,NA,NA,"no_exposure_data"
"520-36-5","Apigenin","DTXSID6022391",138,87.056142400556,138,"httk_measured",1,1,"default_1uM",0,1.083,0.099076,5.1273,1.629125824,NA,NA,NA,NA,NA,NA,NA,NA,"no_exposure_data"
"1214-39-7","N-benzyladenine","DTXSID7032630",0,6.5600743648849,6.5600743648849,"RF_imputed_chem.physical_and_invitro.data",1,1,"default_1uM",0,1.028,0.190095,5.20795,1.59070655,NA,NA,NA,NA,NA,NA,NA,NA,"no_exposure_data"
"153719-23-4","Thiamethoxam","DTXSID2034962",0,1.45048197699563,1.45048197699563,"RF_imputed_chem.physical_and_invitro.data",1,1,"default_1uM",0,1.323,0.252705,5.2322,1.820249703,NA,NA,NA,NA,NA,NA,NA,NA,"no_exposure_data"
"95-14-7","1,2,3-benzotriazole","DTXSID6020147",0,10.2689190413459,10.2689190413459,"RF_imputed_chem.physical_and_invitro.data",1,1,"default_1uM",0,1.2175,0.19136,5.2369,1.79712441,NA,NA,NA,NA,NA,NA,NA,NA,"no_exposure_data"
"732-11-6","Phosmet","DTXSID5024261",23.82,22.7084707757408,23.82,"httk_measured",1,1,"default_1uM",0,0.8913,0.093788,5.25865,1.460624926,NA,NA,NA,NA,NA,NA,NA,NA,"no_exposure_data"
"528-29-0","""1,2-dinitrobenzene""","DTXSID4024066",24.2,19.7314274257342,24.2,"httk_measured",1,1,"default_1uM",0,1.062,0.13846,5.3366,1.80999967,NA,NA,NA,NA,NA,NA,NA,NA,"no_exposure_data"
"145742-28-5","""(2s,3s)-n-[2-methoxy-5-(trifluoromethoxy)benzyl]-2-phenylpiperidin-3-amine""","DTXSID9047251",0,7.97177982555375,7.97177982555375,"RF_imputed_chem.physical_and_invitro.data",1,1,"default_1uM",0,1.096,0.144885,5.35945,1.7176347,NA,NA,NA,NA,NA,NA,NA,NA,"no_exposure_data"
"121-79-9","Propyl gallate","DTXSID5021201",49.7,32.1204931583548,49.7,"httk_measured",1,1,"default_1uM",0,1.144,0.16758,5.36345,1.766149735,NA,NA,NA,NA,NA,NA,NA,NA,"no_exposure_data"
"78-48-8","Tribufos","DTXSID1024174",125.1,64.005803765648,125.1,"httk_measured",1,1,"default_1uM",0,1.2885,0.218825,5.38015,1.86545847,NA,NA,NA,NA,NA,NA,NA,NA,"no_exposure_data"
"135410-20-7","Acetamiprid","DTXSID0034300",0,3.18400610153572,3.18400610153572,"RF_imputed_chem.physical_and_invitro.data",1,1,"default_1uM",0,1.1095,0.19113,5.39525,1.66915053,NA,NA,NA,NA,NA,NA,NA,NA,"no_exposure_data"
"99-07-0","3-dimethylaminophenol","DTXSID0025101",0,12.413928905785,12.413928905785,"RF_imputed_chem.physical_and_invitro.data",1,1,"default_1uM",0,1.23,0.21388,5.45129999999999,1.8044632,NA,NA,NA,NA,NA,NA,NA,NA,"no_exposure_data"
"1698-60-8","Chloridazon","DTXSID3034872",0,2.25546347114893,2.25546347114893,"RF_imputed_chem.physical_and_invitro.data",1,1,"default_1uM",0,1.226,0.296405,5.49135,1.90987506,NA,NA,NA,NA,NA,NA,NA,NA,"no_exposure_data"
"94-82-6","2,4-db","DTXSID7024035",0,146.079365432633,146.079365432633,"RF_imputed_chem.physical_and_invitro.data",1,1,"default_1uM",0,0.82575,0.076484,5.5504,1.608467435,NA,NA,NA,NA,NA,NA,NA,NA,"no_exposure_data"
"4418-26-2","Sodium dehydroacetate","DTXSID7026029",0,7.17150643208136,7.17150643208136,"RF_imputed_chem.physical_and_invitro.data",1,1,"default_1uM",0,1.1145,0.1566,5.57445,1.67916142,NA,NA,NA,NA,NA,NA,NA,NA,"no_exposure_data"
"25812-30-0","Gemfibrozil","DTXSID0020652",52.18,32.3530794935596,52.18,"httk_measured",1,1,"default_1uM",0,0.9033,0.0771365,5.5938,1.570319911,NA,NA,NA,NA,NA,NA,NA,NA,"no_exposure_data"
"23564-05-8","Thiophanate-methyl","DTXSID1024338",2.469,2.95771068367309,2.469,"httk_measured",1,1,"default_1uM",0,1.374,0.273245,5.6109,1.96355354,NA,NA,NA,NA,NA,NA,NA,NA,"no_exposure_data"
"654055-01-3","Morin hydrate","DTXSID3040776",0,47.4356813151347,47.4356813151347,"RF_imputed_chem.physical_and_invitro.data",1,1,"default_1uM",0,1.066,0.073749,5.61845,1.73259256,NA,NA,NA,NA,NA,NA,NA,NA,"no_exposure_data"
"78587-05-0","Hexythiazox","DTXSID7024299",110.4,14.7116790911689,110.4,"httk_measured",1,1,"default_1uM",0,0.88105,0.0803355,5.6245,1.575965221,NA,NA,NA,NA,NA,NA,NA,NA,"no_exposure_data"
"15310-01-7","Benodanil","DTXSID7041623",21.4,19.4716621743486,21.4,"httk_measured",1,1,"default_1uM",0,1.158,0.17222,5.65395,1.798935,NA,NA,NA,NA,NA,NA,NA,NA,"no_exposure_data"
"957-51-7","Diphenamid","DTXSID8024072",0,7.86433514861544,7.86433514861544,"RF_imputed_chem.physical_and_invitro.data",1,1,"default_1uM",0,1.5075,0.30566,5.6565,2.06973402,NA,NA,NA,NA,NA,NA,NA,NA,"no_exposure_data"
"1563-66-2","Carbofuran","DTXSID9020249",0,3.11873693334661,3.11873693334661,"RF_imputed_chem.physical_and_invitro.data",1,1,"default_1uM",0,1.333,0.26877,5.6617,2.08385328,NA,NA,NA,NA,NA,NA,NA,NA,"no_exposure_data"
"6259-76-3","Hexyl salicylate","DTXSID4038924",191.4,60.5141337362557,191.4,"httk_measured",1,1,"default_1uM",0,1.1425,0.0799935,5.6823,1.744731785,NA,NA,NA,NA,NA,NA,NA,NA,"no_exposure_data"
"86386-73-4","Fluconazole ","DTXSID3020627",1.832,3.81173898719023,1.832,"httk_measured",1,1,"default_1uM",0,1.435,0.230885,5.7433,2.049454507,NA,NA,NA,NA,NA,NA,NA,NA,"no_exposure_data"
"458-37-7","Curcumin","DTXSID8031077",297,77.0167751526268,297,"httk_measured",1,1,"default_1uM",0,0.1475,0.015356,5.74465,1.2930478578,NA,NA,NA,NA,NA,NA,NA,NA,"no_exposure_data"
"131-17-9","Diallyl phthalate","DTXSID7020392",0,11.2991282481198,11.2991282481198,"RF_imputed_chem.physical_and_invitro.data",1,1,"default_1uM",0,1.404,0.220105,5.7697,2.0212786,NA,NA,NA,NA,NA,NA,NA,NA,"no_exposure_data"
"2164-17-2","Fluometuron","DTXSID8020628",10.06,7.84753765188392,10.06,"httk_measured",1,1,"default_1uM",0,1.434,0.237775,5.8239,2.03799507,NA,NA,NA,NA,NA,NA,NA,NA,"no_exposure_data"
"2919-66-6","Melengestrol acetate","DTXSID5048184",41.4,23.7792244734663,41.4,"httk_measured",1,1,"default_1uM",0,1.2435,0.187115,5.85155,1.905998171,NA,NA,NA,NA,NA,NA,NA,NA,"no_exposure_data"
"55219-65-3","Triadimenol","DTXSID0032493",0,10.5324855923336,10.5324855923336,"RF_imputed_chem.physical_and_invitro.data",1,1,"default_1uM",0,1.199,0.175535,5.91625,1.87228285,NA,NA,NA,NA,NA,NA,NA,NA,"no_exposure_data"
"87-62-7","""2,6-dimethylaniline""","DTXSID8026307",8.96,8.81804240965874,8.96,"httk_measured",1,1,"default_1uM",0,1.311,0.203875,5.92115,1.97134732,NA,NA,NA,NA,NA,NA,NA,NA,"no_exposure_data"
"17321-77-6","Clomipramine hydrochloride","DTXSID3042633",0,14.6077587054976,14.6077587054976,"RF_imputed_chem.physical_and_invitro.data",1,1,"default_1uM",0,1.1095,0.16424,5.9405,1.78595666,NA,NA,NA,NA,NA,NA,NA,NA,"no_exposure_data"
"113136-77-9","Cyclanilide","DTXSID5032600",0,2.0562999408498,2.0562999408498,"RF_imputed_chem.physical_and_invitro.data",1,1,"default_1uM",0,1.586,0.29238,5.95795,2.139474463,NA,NA,NA,NA,NA,NA,NA,NA,"no_exposure_data"
"950-37-8","Methidathion","DTXSID5020819",3.924,3.79972617546291,3.924,"httk_measured",1,1,"default_1uM",0,1.3375,0.2771,5.999,2.08453104,NA,NA,NA,NA,NA,NA,NA,NA,"no_exposure_data"
"569-61-9","C.i. basic red 9 monohydrochloride","DTXSID1021247",3.23,4.79502325564229,3.23,"httk_measured",1,1,"default_1uM",0,1.207,0.214595,6.02769999999999,1.96909319,NA,NA,NA,NA,NA,NA,NA,NA,"no_exposure_data"
"141-66-2","Dicrotophos","DTXSID9023914",0,2.42583160852783,2.42583160852783,"RF_imputed_chem.physical_and_invitro.data",1,1,"default_1uM",0,1.6515,0.28637,6.0482,2.23145659,NA,NA,NA,NA,NA,NA,NA,NA,"no_exposure_data"
"57-24-9","Strychnine","DTXSID6023600",2,3.18290201192278,2,"httk_measured",1,1,"default_1uM",0,1.401,0.277985,6.06225,2.087115623,NA,NA,NA,NA,NA,NA,NA,NA,"no_exposure_data"
"57-91-0","17alpha-estradiol","DTXSID8022377",55.6,63.2698385554076,55.6,"httk_measured",1,1,"default_1uM",0,0.95105,0.0660615,6.0693,1.788427791,NA,NA,NA,NA,NA,NA,NA,NA,"no_exposure_data"
"330-55-2","Linuron","DTXSID2024163",33.05,20.0838001871501,33.05,"httk_measured",1,1,"default_1uM",0,1.417,0.212285,6.08375,2.0838395,NA,NA,NA,NA,NA,NA,NA,NA,"no_exposure_data"
"2078-54-8","Propofol","DTXSID6023523",107,45.5218467281517,107,"httk_measured",1,1,"default_1uM",0,1.2525,0.152595,6.12965,1.952117051,NA,NA,NA,NA,NA,NA,NA,NA,"no_exposure_data"
"34014-18-1","Tebuthiuron","DTXSID3024316",5.282,4.39934111016515,5.282,"httk_measured",1,1,"default_1uM",0,1.4615,0.292255,6.14054999999999,2.186544658,NA,NA,NA,NA,NA,NA,NA,NA,"no_exposure_data"
"65277-42-1","Ketoconazole","DTXSID7029879",55,22.4924742221653,55,"httk_measured",1,1,"default_1uM",0,1.578,0.23503,6.17859999999999,2.21079411,NA,NA,NA,NA,NA,NA,NA,NA,"no_exposure_data"
"2467-03-0","2-(4-hydroxybenzyl)phenol","DTXSID2044890",56.8,32.2364175766778,56.8,"httk_measured",1,1,"default_1uM",0,1.41,0.25055,6.2386,2.10149674,NA,NA,NA,NA,NA,NA,NA,NA,"no_exposure_data"
"101-54-2","""n-phenyl-1,4-benzenediamine""","DTXSID7025895",15.59,14.2814034519361,15.59,"httk_measured",1,1,"default_1uM",0,1.374,0.19115,6.27535,2.052626728,NA,NA,NA,NA,NA,NA,NA,NA,"no_exposure_data"
"6893-02-3","3,5,3'-triiodothyronine","DTXSID8023216",0,12.6831361751202,12.6831361751202,"RF_imputed_chem.physical_and_invitro.data",1,1,"default_1uM",0,1.163,0.11449,6.33345,2.149138277,NA,NA,NA,NA,NA,NA,NA,NA,"no_exposure_data"
"63449-41-2","C8-18-alkydimethylbenzyl ammonium chlorides","DTXSID1048122",63.1,32.3457534525862,63.1,"httk_measured",1,1,"default_1uM",0,1.2855,0.157535,6.35684999999999,2.09338521,NA,NA,NA,NA,NA,NA,NA,NA,"no_exposure_data"
"77-09-8","Phenolphthalein","DTXSID0021125",47.4,25.4372260852042,47.4,"httk_measured",1,1,"default_1uM",0,1.253,0.146355,6.44005,1.990057721,NA,NA,NA,NA,NA,NA,NA,NA,"no_exposure_data"
"21564-17-0","2-(thiocyanomethylthio)benzothiazole","DTXSID6032647",0,16.8590678644619,16.8590678644619,"RF_imputed_chem.physical_and_invitro.data",1,1,"default_1uM",0,1.577,0.31307,6.4504,2.23578534,NA,NA,NA,NA,NA,NA,NA,NA,"no_exposure_data"
"103-69-5","N-ethylaniline","DTXSID1025271",21.8,15.2766087080044,21.8,"httk_measured",1,1,"default_1uM",0,1.7065,0.318375,6.55745,2.2923151,NA,NA,NA,NA,NA,NA,NA,NA,"no_exposure_data"
"27314-13-2","Norflurazon","DTXSID8024234",11.09,8.29148216397664,11.09,"httk_measured",1,1,"default_1uM",0,1.506,0.23142,6.70925,2.26189374,NA,NA,NA,NA,NA,NA,NA,NA,"no_exposure_data"
"1638-22-8","4-butylphenol","DTXSID3047425",127,72.1909697782565,127,"httk_measured",1,1,"default_1uM",0,1.6235,0.228,6.7937,2.34823277,NA,NA,NA,NA,NA,NA,NA,NA,"no_exposure_data"
"34123-59-6","Isoproturon","DTXSID1042077",0,9.42265284015457,9.42265284015457,"RF_imputed_chem.physical_and_invitro.data",1,1,"default_1uM",0,1.587,0.26807,6.807,2.3331326,NA,NA,NA,NA,NA,NA,NA,NA,"no_exposure_data"
"59-87-0","Nitrofurazone","DTXSID5020944",0,3.12755224013666,3.12755224013666,"RF_imputed_chem.physical_and_invitro.data",1,1,"default_1uM",0,1.84,0.44733,6.82785,2.47492669,NA,NA,NA,NA,NA,NA,NA,NA,"no_exposure_data"
"1143-72-2","2,3,4-trihydroxbenzophenone","DTXSID6037728",94.1,36.2784183286214,94.1,"httk_measured",1,1,"default_1uM",0,1.465,0.212395,6.83595,2.234868664,NA,NA,NA,NA,NA,NA,NA,NA,"no_exposure_data"
"2971-36-0","2,2-bis(4-hydroxyphenyl)-1,1,1-trichloroethane (hpte)","DTXSID8022325",136.5,29.0821933164787,136.5,"httk_measured",1,1,"default_1uM",0,1.4655,0.161985,6.8395,2.19248744,NA,NA,NA,NA,NA,NA,NA,NA,"no_exposure_data"
"5153-25-3","2-ethylhexylparaben","DTXSID4022525",128,53.2104419159955,128,"httk_measured",1,1,"default_1uM",0,1.6025,0.1952,6.89535,2.44597511,NA,NA,NA,NA,NA,NA,NA,NA,"no_exposure_data"
"5124-25-4","C.i.disperse yellow 42","DTXSID8052148",109.1,33.8310675269631,109.1,"httk_measured",1,1,"default_1uM",0,1.3295,0.15019,6.90695,2.082830406,NA,NA,NA,NA,NA,NA,NA,NA,"no_exposure_data"
"117-39-5","Quercetin","DTXSID4021218",75.2,27.7943192498508,75.2,"httk_measured",1,1,"default_1uM",0,1.114,0.11323,6.93634999999999,2.010800885,NA,NA,NA,NA,NA,NA,NA,NA,"no_exposure_data"
"138261-41-3","Imidacloprid","DTXSID5032442",2.807,4.83390309824914,2.807,"httk_measured",1,1,"default_1uM",0,1.476,0.24996,7.025,2.243187128,NA,NA,NA,NA,NA,NA,NA,NA,"no_exposure_data"
"150-13-0","4-aminobenzoic acid","DTXSID6024466",0,4.10041972198765,4.10041972198765,"RF_imputed_chem.physical_and_invitro.data",1,1,"default_1uM",0,1.6135,0.361055,7.0535,2.39499993,NA,NA,NA,NA,NA,NA,NA,NA,"no_exposure_data"
"3337-71-1","Asulam","DTXSID8023890",0,2.46641354857736,2.46641354857736,"RF_imputed_chem.physical_and_invitro.data",1,1,"default_1uM",0,1.7225,0.45303,7.0695,2.5293708,NA,NA,NA,NA,NA,NA,NA,NA,"no_exposure_data"
"119515-38-7","Icaridin","DTXSID0034227",12.56,8.675906131133,12.56,"httk_measured",1,1,"default_1uM",0,1.6345,0.28441,7.08364999999999,2.43976899,NA,NA,NA,NA,NA,NA,NA,NA,"no_exposure_data"
"57-47-6","Physostigmine","DTXSID3023471",1.64,2.86291736351514,1.64,"httk_measured",1,1,"default_1uM",0,1.484,0.215465,7.09135,2.322661421,NA,NA,NA,NA,NA,NA,NA,NA,"no_exposure_data"
"124378-77-4","Enadoline","DTXSID4047258",3.36,4.51451673429277,3.36,"httk_measured",1,1,"default_1uM",0,1.5725,0.323875,7.1295,2.30834172,NA,NA,NA,NA,NA,NA,NA,NA,"no_exposure_data"
"335104-84-2","Tembotrione","DTXSID5047037",0,7.21521875720579,7.21521875720579,"RF_imputed_chem.physical_and_invitro.data",1,1,"default_1uM",0,1.5245,0.29152,7.15505,2.33563137,NA,NA,NA,NA,NA,NA,NA,NA,"no_exposure_data"
"66441-23-4","Fenoxaprop-ethyl","DTXSID2032392",0,139.606182732194,139.606182732194,"RF_imputed_chem.physical_and_invitro.data",1,1,"default_1uM",0,1.586,0.17083,7.26369999999999,2.399218929,NA,NA,NA,NA,NA,NA,NA,NA,"no_exposure_data"
"52806-53-8","Hydroxyflutamide","DTXSID8033562",0,9.29946623432079,9.29946623432079,"RF_imputed_chem.physical_and_invitro.data",1,1,"default_1uM",0,1.712,0.337405,7.3116,2.51178109,NA,NA,NA,NA,NA,NA,NA,NA,"no_exposure_data"
"131860-33-8","Azoxystrobin","DTXSID0032520",32.39,16.228022989509,32.39,"httk_measured",1,1,"default_1uM",0,1.4035,0.16828,7.34335,2.231448724,NA,NA,NA,NA,NA,NA,NA,NA,"no_exposure_data"
"55-98-1","Busulphan","DTXSID3020910",1.39,2.46898841346579,1.39,"httk_measured",1,1,"default_1uM",0,1.965,0.29518,7.39685,2.6889908641,NA,NA,NA,NA,NA,NA,NA,NA,"no_exposure_data"
"2467-02-9","2,2'-bisphenol f","DTXSID4022446",83.5,52.3004173588037,83.5,"httk_measured",1,1,"default_1uM",0,1.7195,0.241525,7.4853,2.5443081,NA,NA,NA,NA,NA,NA,NA,NA,"no_exposure_data"
"134-84-9","4-methylbenzophenone","DTXSID9037741",118,56.7582000205452,118,"httk_measured",1,1,"default_1uM",0,1.5735,0.226585,7.50825,2.47350885,NA,NA,NA,NA,NA,NA,NA,NA,"no_exposure_data"
"43121-43-3","Triadimefon","DTXSID3023897",14.59,10.6087772380443,14.59,"httk_measured",1,1,"default_1uM",0,1.6715,0.227985,7.58809999999999,2.53988865,NA,NA,NA,NA,NA,NA,NA,NA,"no_exposure_data"
"1897-45-6","Chlorothalonil","DTXSID0020319",0,10.2286295251679,10.2286295251679,"RF_imputed_chem.physical_and_invitro.data",1,1,"default_1uM",0,1.6655,0.265265,7.60525,2.43271184,NA,NA,NA,NA,NA,NA,NA,NA,"no_exposure_data"
"82640-04-8","Raloxifene hydrochloride","DTXSID1034181",43.7,17.0345202116551,43.7,"httk_measured",1,1,"default_1uM",0,1.4215,0.153955,7.64795,2.44789673,NA,NA,NA,NA,NA,NA,NA,NA,"no_exposure_data"
"2785-87-7","2-methoxy-4-propylphenol","DTXSID2047199",24.6,21.648183553272,24.6,"httk_measured",1,1,"default_1uM",0,1.2955,0.187495,7.66145,2.4915591,NA,NA,NA,NA,NA,NA,NA,NA,"no_exposure_data"
"110-26-9","""n,n'-methylenebis(acrylamide)""","DTXSID8025595",0,2.56601121319297,2.56601121319297,"RF_imputed_chem.physical_and_invitro.data",1,1,"default_1uM",0,1.8945,0.2666,7.67135,2.7015272212,NA,NA,NA,NA,NA,NA,NA,NA,"no_exposure_data"
"57-30-7","Phenobarbital sodium","DTXSID0021123",0,3.66198684835358,3.66198684835358,"RF_imputed_chem.physical_and_invitro.data",1,1,"default_1uM",0,1.88,0.334995,7.78754999999999,2.7087971,NA,NA,NA,NA,NA,NA,NA,NA,"no_exposure_data"
"88-12-0","N-vinyl-2-pyrrolidone","DTXSID2021440",0,2.9816638417427,2.9816638417427,"RF_imputed_chem.physical_and_invitro.data",1,1,"default_1uM",0,1.5585,0.39389,7.82685,2.553060231,NA,NA,NA,NA,NA,NA,NA,NA,"no_exposure_data"
"66215-27-8","Cyromazine","DTXSID6023999",0,4.04908058831898,4.04908058831898,"RF_imputed_chem.physical_and_invitro.data",1,1,"default_1uM",0,1.786,0.29662,7.87459999999999,2.6630148718,NA,NA,NA,NA,NA,NA,NA,NA,"no_exposure_data"
"24017-47-8","Triazophos","DTXSID9037612",30.2,25.4869491149467,30.2,"httk_measured",1,1,"default_1uM",0,1.8535,0.296945,7.88629999999999,2.647637015,NA,NA,NA,NA,NA,NA,NA,NA,"no_exposure_data"
"54-11-5","Nicotine","DTXSID1020930",4.44,5.92743587708307,4.44,"httk_measured",1,1,"default_1uM",0,1.694,0.34198,7.91135,2.61010282,NA,NA,NA,NA,NA,NA,NA,NA,"no_exposure_data"
"104206-82-8","Mesotrione","DTXSID7032424",0,1.28956053353834,1.28956053353834,"RF_imputed_chem.physical_and_invitro.data",1,1,"default_1uM",0,1.589,0.338995,8.02489999999999,2.63073125,NA,NA,NA,NA,NA,NA,NA,NA,"no_exposure_data"
"118-58-1","Benzyl salicylate","DTXSID1024598",841,266.873129961497,841,"httk_measured",1,1,"default_1uM",0,0.276,0.036887,8.07794999999999,1.616644729,NA,NA,NA,NA,NA,NA,NA,NA,"no_exposure_data"
"101-80-4","""4,4'-oxydianiline""","DTXSID0021094",0,5.3450469023336,5.3450469023336,"RF_imputed_chem.physical_and_invitro.data",1,1,"default_1uM",0,1.668,0.298545,8.17965,2.64618085,NA,NA,NA,NA,NA,NA,NA,NA,"no_exposure_data"
"94-13-3","Propylparaben","DTXSID4022527",38,26.265837798649,38,"httk_measured",1,1,"default_1uM",0,1.653,0.248975,8.23735,2.700215632,NA,NA,NA,NA,NA,NA,NA,NA,"no_exposure_data"
"396-01-0","Triamterene","DTXSID6021373",0,3.913161657043,3.913161657043,"RF_imputed_chem.physical_and_invitro.data",1,1,"default_1uM",0,1.8445,0.367075,8.26505,2.70639605,NA,NA,NA,NA,NA,NA,NA,NA,"no_exposure_data"
"1445-75-6","Diisopropyl methylphosphonate (dimp)","DTXSID5024051",0,4.23384224499152,4.23384224499152,"RF_imputed_chem.physical_and_invitro.data",1,1,"default_1uM",0,1.8875,0.29677,8.28775,2.7402237076,NA,NA,NA,NA,NA,NA,NA,NA,"no_exposure_data"
"50-22-6","Corticosterone","DTXSID6022474",12.1,8.90284302792312,12.1,"httk_measured",1,1,"default_1uM",0,2.034,0.355535,8.314,2.86547052,NA,NA,NA,NA,NA,NA,NA,NA,"no_exposure_data"
"1114-71-2","Pebulate","DTXSID8021199",159,119.517859656185,159,"httk_measured",1,1,"default_1uM",0,1.4955,0.12668,8.3218,2.442340197,NA,NA,NA,NA,NA,NA,NA,NA,"no_exposure_data"
"112-49-2","Triethylene glycol dimethyl ether","DTXSID8026224",0,2.56336973471147,2.56336973471147,"RF_imputed_chem.physical_and_invitro.data",1,1,"default_1uM",0,1.9305,0.470535,8.3337,2.94901198,NA,NA,NA,NA,NA,NA,NA,NA,"no_exposure_data"
"68392-35-8","4-hydroxytamoxifen","DTXSID3037094",16,16.8191527605215,16,"httk_measured",1,1,"default_1uM",0,2.096,0.27379,8.569,2.927640157,NA,NA,NA,NA,NA,NA,NA,NA,"no_exposure_data"
"77-06-5","Gibberellic_acid","DTXSID0020656",0,3.58639182045922,3.58639182045922,"RF_imputed_chem.physical_and_invitro.data",1,1,"default_1uM",0,1.6845,0.33155,8.58504999999999,2.75135633,NA,NA,NA,NA,NA,NA,NA,NA,"no_exposure_data"
"77756-20-8","Enterolactone","DTXSID0048183",139,29.7403319313458,139,"httk_measured",1,1,"default_1uM",0,1.6515,0.22506,8.5951,2.788091645,NA,NA,NA,NA,NA,NA,NA,NA,"no_exposure_data"
"30516-87-1","Azidothymidine","DTXSID8020127",2.414,2.21536804539493,2.414,"httk_measured",1,1,"default_1uM",0,2.211,0.45828,8.70174999999999,3.14812329,NA,NA,NA,NA,NA,NA,NA,NA,"no_exposure_data"
"52645-53-1","Permethrin","DTXSID8022292",68.4,19.3507487932065,68.4,"httk_measured",1,1,"default_1uM",0,0.6337,0.031179,8.76544999999997,2.34403460226,NA,NA,NA,NA,NA,NA,NA,NA,"no_exposure_data"
"59-67-6","Nicotinic acid","DTXSID1020932",3.54,8.76577977129872,3.54,"httk_measured",1,1,"default_1uM",0,1.5785,0.25006,8.8666,2.78044866,NA,NA,NA,NA,NA,NA,NA,NA,"no_exposure_data"
"17372-87-1","Eosin","DTXSID0025234",0,10.358396105562,10.358396105562,"RF_imputed_chem.physical_and_invitro.data",1,1,"default_1uM",0,2.0715,0.32219,8.96625,3.07908952,NA,NA,NA,NA,NA,NA,NA,NA,"no_exposure_data"
"17924-92-4","Zearalenone","DTXSID0021460",209,67.7210153156248,209,"httk_measured",1,1,"default_1uM",0,1.664,0.17273,8.97469999999999,2.746983531,NA,NA,NA,NA,NA,NA,NA,NA,"no_exposure_data"
"108-95-2","Phenol","DTXSID5021124",5.496,3.76974871351571,5.496,"httk_measured",1,1,"default_1uM",0,1.4435,0.173195,8.99994999999999,2.74667643,NA,NA,NA,NA,NA,NA,NA,NA,"no_exposure_data"
"57754-85-5","Clopyralid-olamine","DTXSID6034265",0,3.04126885947496,3.04126885947496,"RF_imputed_chem.physical_and_invitro.data",1,1,"default_1uM",0,2.209,0.484845,9.2603,3.3275096,NA,NA,NA,NA,NA,NA,NA,NA,"no_exposure_data"
"137-26-8","Thiram","DTXSID5021332",816,195.720191916608,816,"httk_measured",1,1,"default_1uM",0,0.2217,0.027853,9.27905,1.8293593866,NA,NA,NA,NA,NA,NA,NA,NA,"no_exposure_data"
"4376-18-5","Monomethyl phthalate","DTXSID9040001",0,3.52120880164354,3.52120880164354,"RF_imputed_chem.physical_and_invitro.data",1,1,"default_1uM",0,1.945,0.401375,9.2992,3.26314332,NA,NA,NA,NA,NA,NA,NA,NA,"no_exposure_data"
"125225-28-7","Ipconazole","DTXSID7034674",101,59.7743890388052,101,"httk_measured",1,1,"default_1uM",0,2.202,0.31524,9.3486,3.180760868,NA,NA,NA,NA,NA,NA,NA,NA,"no_exposure_data"
"98-95-3","Nitrobenzene","DTXSID3020964",8.168,10.3433559159873,8.168,"httk_measured",1,1,"default_1uM",0,1.8515,0.332415,9.47495,2.99305449,NA,NA,NA,NA,NA,NA,NA,NA,"no_exposure_data"
"57-85-2","Testosterone propionate","DTXSID9036515",427,139.238530145851,427,"httk_measured",1,1,"default_1uM",0,0.39595,0.0396525,9.48125,1.988794846,NA,NA,NA,NA,NA,NA,NA,NA,"no_exposure_data"
"90-04-0","2-anisidine","DTXSID5023877",0,11.0870037009268,11.0870037009268,"RF_imputed_chem.physical_and_invitro.data",1,1,"default_1uM",0,1.9135,0.30524,9.643,3.13580477,NA,NA,NA,NA,NA,NA,NA,NA,"no_exposure_data"
"1478-61-1","Bisphenol af","DTXSID7037717",125,100.626349126456,125,"httk_measured",1,1,"default_1uM",0,2.196,0.333675,9.6458,3.27681984,NA,NA,NA,NA,NA,NA,NA,NA,"no_exposure_data"
"5232-99-5","Ethyl 2-cyano-3,3-diphenylacrylate","DTXSID9044821",161.3,57.4714664090559,161.3,"httk_measured",1,1,"default_1uM",0,1.6975,0.198165,9.69954999999999,2.90400652,NA,NA,NA,NA,NA,NA,NA,NA,"no_exposure_data"
"4344-55-2","4-butyloxyaniline","DTXSID4048199",28.4,20.5591989488317,28.4,"httk_measured",1,1,"default_1uM",0,2.3705,0.40374,9.7147,3.39083157,NA,NA,NA,NA,NA,NA,NA,NA,"no_exposure_data"
"81335-77-5","Imazethapyr","DTXSID3024287",2.351,2.81633281200341,2.351,"httk_measured",1,1,"default_1uM",0,1.7595,0.322695,9.8064,3.69974718,NA,NA,NA,NA,NA,NA,NA,NA,"no_exposure_data"
"121-14-2","""2,4-dinitrotoluene""","DTXSID0020529",0,23.867225405152,23.867225405152,"RF_imputed_chem.physical_and_invitro.data",1,1,"default_1uM",0,1.5935,0.22314,9.8069,2.89620634,NA,NA,NA,NA,NA,NA,NA,NA,"no_exposure_data"
"4291-63-8","2-chloro-2'-deoxyadenosine","DTXSID8022828",0,2.37129833266063,2.37129833266063,"RF_imputed_chem.physical_and_invitro.data",1,1,"default_1uM",0,2.258,0.517725,9.86295,3.293061,NA,NA,NA,NA,NA,NA,NA,NA,"no_exposure_data"
"50-24-8","Prednisolone","DTXSID9021184",5.841,4.88282283792132,5.841,"httk_measured",1,1,"default_1uM",0,2.126,0.33223,9.9735,3.25741239,NA,NA,NA,NA,NA,NA,NA,NA,"no_exposure_data"
"126833-17-8","Fenhexamid","DTXSID3032549",35.27,24.9119950843099,35.27,"httk_measured",1,1,"default_1uM",0,1.8485,0.273995,9.991,3.019192113,NA,NA,NA,NA,NA,NA,NA,NA,"no_exposure_data"
"39905-57-2","4-hexyloxyanilline","DTXSID4022288",79.3,53.4453582566273,79.3,"httk_measured",1,1,"default_1uM",0,1.6505,0.23849,10.03,2.92292375,NA,NA,NA,NA,NA,NA,NA,NA,"no_exposure_data"
"98-86-2","Acetophenone","DTXSID6021828",0,9.60369836805439,9.60369836805439,"RF_imputed_chem.physical_and_invitro.data",1,1,"default_1uM",0,1.8485,0.33814,10.111,3.00694676,NA,NA,NA,NA,NA,NA,NA,NA,"no_exposure_data"
"58-15-1","Aminopyrine","DTXSID7020504",4.1,5.1327047152396,4.1,"httk_measured",1,1,"default_1uM",0,2.597,0.33267,10.1315,3.5749849976,NA,NA,NA,NA,NA,NA,NA,NA,"no_exposure_data"
"99-59-2","2-methoxy-5-nitroaniline","DTXSID0020943",12.03,13.0801751501627,12.03,"httk_measured",1,1,"default_1uM",0,2.214,0.352485,10.1805,3.25525345,NA,NA,NA,NA,NA,NA,NA,NA,"no_exposure_data"
"26225-79-6","Ethofumesate","DTXSID8034580",17.64,16.5317507988063,17.64,"httk_measured",1,1,"default_1uM",0,2.127,0.31876,10.2855,3.36140722,NA,NA,NA,NA,NA,NA,NA,NA,"no_exposure_data"
"96-70-8","2-tert-butyl-4-ethylphenol","DTXSID4044581",102,62.0037528040215,102,"httk_measured",1,1,"default_1uM",0,2.282,0.335585,10.363,3.43536,NA,NA,NA,NA,NA,NA,NA,NA,"no_exposure_data"
"91-64-5","Coumarin","DTXSID7020348",0,26.0066080318353,26.0066080318353,"RF_imputed_chem.physical_and_invitro.data",1,1,"default_1uM",0,2.3205,0.379965,10.432,3.50843272,NA,NA,NA,NA,NA,NA,NA,NA,"no_exposure_data"
"3689-24-5","Sulfotepp","DTXSID7024328",101,43.9254144939834,101,"httk_measured",1,1,"default_1uM",0,2.606,0.35346,10.474,3.73910136,NA,NA,NA,NA,NA,NA,NA,NA,"no_exposure_data"
"122-37-2","4-anilinophenol","DTXSID5037739",75.1,31.5359024121497,75.1,"httk_measured",1,1,"default_1uM",0,2.399,0.309255,10.5165,3.58409765,NA,NA,NA,NA,NA,NA,NA,NA,"no_exposure_data"
"1918-02-1","Picloram","DTXSID1021160",0,7.95640366764226,7.95640366764226,"RF_imputed_chem.physical_and_invitro.data",1,1,"default_1uM",0,2.35,0.43212,10.5835,3.53964711,NA,NA,NA,NA,NA,NA,NA,NA,"no_exposure_data"
"51235-04-2","Hexazinone","DTXSID4024145",6.361,4.24922198341546,6.361,"httk_measured",1,1,"default_1uM",0,2.525,0.32589,10.698,3.630720917,NA,NA,NA,NA,NA,NA,NA,NA,"no_exposure_data"
"119-90-4","3,3'-dimethoxybenzidine","DTXSID3025091",0,9.05801596232863,9.05801596232863,"RF_imputed_chem.physical_and_invitro.data",1,1,"default_1uM",0,2.1255,0.402635,10.8965,3.45777652,NA,NA,NA,NA,NA,NA,NA,NA,"no_exposure_data"
"521-18-6","5alpha-dihydrotestosterone","DTXSID9022364",70.7,35.4316233664074,70.7,"httk_measured",1,1,"default_1uM",0,2.6625,0.41039,10.9805,3.757829075,NA,NA,NA,NA,NA,NA,NA,NA,"no_exposure_data"
"612-82-8","3,3'-dimethylbenzidine dihydrochloride","DTXSID6020511",25.4,12.7149687074332,25.4,"httk_measured",1,1,"default_1uM",0,2.569,0.40667,10.9835,3.68622672,NA,NA,NA,NA,NA,NA,NA,NA,"no_exposure_data"
"81334-34-1","Imazapyr","DTXSID8034665",0,1.02824774312868,1.02824774312868,"RF_imputed_chem.physical_and_invitro.data",1,1,"default_1uM",0,2.554,0.679595,11.055,3.8649641,NA,NA,NA,NA,NA,NA,NA,NA,"no_exposure_data"
"98886-44-3","Fosthiazate","DTXSID0034930",0,3.40226956888314,3.40226956888314,"RF_imputed_chem.physical_and_invitro.data",1,1,"default_1uM",0,2.246,0.372925,11.1275,3.49975268,NA,NA,NA,NA,NA,NA,NA,NA,"no_exposure_data"
"1563-38-8","2,3-dihydro-2,2-dimethyl-7-benzofuranol","DTXSID2027414",0,15.2083899504101,15.2083899504101,"RF_imputed_chem.physical_and_invitro.data",1,1,"default_1uM",0,2.466,0.501315,11.157,3.70349455,NA,NA,NA,NA,NA,NA,NA,NA,"no_exposure_data"
"576-26-1","""2,6-dimethylphenol""","DTXSID9024063",20.52,18.4525977740719,20.52,"httk_measured",1,1,"default_1uM",0,2.0655,0.363025,11.163,3.52087903,NA,NA,NA,NA,NA,NA,NA,NA,"no_exposure_data"
"95-53-4","2-methylaniline","DTXSID1026164",0,5.19371356169018,5.19371356169018,"RF_imputed_chem.physical_and_invitro.data",1,1,"default_1uM",0,1.951,0.304595,11.3055,3.39992064,NA,NA,NA,NA,NA,NA,NA,NA,"no_exposure_data"
"512-56-1","Trimethyl phosphate","DTXSID1021403",3.43,3.11235270188771,3.43,"httk_measured",1,1,"default_1uM",0,2.308,0.506805,11.404,3.76339195,NA,NA,NA,NA,NA,NA,NA,NA,"no_exposure_data"
"2321-07-5","Fluorescein","DTXSID0038887",0,5.90830147508993,5.90830147508993,"RF_imputed_chem.physical_and_invitro.data",1,1,"default_1uM",0,2.0955,0.36449,11.501,3.528728,NA,NA,NA,NA,NA,NA,NA,NA,"no_exposure_data"
"2392-39-4","Dexamethasone sodium phosphate","DTXSID3047429",9.63,7.75021520436207,9.63,"httk_measured",1,1,"default_1uM",0,2.5995,0.40806,11.528,3.92228387,NA,NA,NA,NA,NA,NA,NA,NA,"no_exposure_data"
"5234-68-4","Carboxin","DTXSID0023951",24.41,14.7753556788572,24.41,"httk_measured",1,1,"default_1uM",0,2.77,0.43669,11.7955,3.9943943,NA,NA,NA,NA,NA,NA,NA,NA,"no_exposure_data"
"2243-62-1","""1,5-diaminonaphthalene""","DTXSID3020916",0,9.29388344368178,9.29388344368178,"RF_imputed_chem.physical_and_invitro.data",1,1,"default_1uM",0,2.651,0.31332,11.9045,4.19970674,NA,NA,NA,NA,NA,NA,NA,NA,"no_exposure_data"
"156-43-4","4-ethoxyaniline","DTXSID0025864",13.8,14.5869800393284,13.8,"httk_measured",1,1,"default_1uM",0,2.8905,0.554365,12.034,4.2007208,NA,NA,NA,NA,NA,NA,NA,NA,"no_exposure_data"
"83-43-2","Methylprednisolone","DTXSID7023300",5.452,7.29507993437615,5.452,"httk_measured",1,1,"default_1uM",0,2.315,0.397545,12.2205,3.76148331,NA,NA,NA,NA,NA,NA,NA,NA,"no_exposure_data"
"67-20-9","Nitrofurantoin","DTXSID7020972",0,5.50373965674004,5.50373965674004,"RF_imputed_chem.physical_and_invitro.data",1,1,"default_1uM",0,2.7375,0.547615,12.252,4.15734078,NA,NA,NA,NA,NA,NA,NA,NA,"no_exposure_data"
"159138-81-5","Cariporide mesylate","DTXSID3047344",0,4.00613385922451,4.00613385922451,"RF_imputed_chem.physical_and_invitro.data",1,1,"default_1uM",0,2.993,0.787725,12.371,4.2758539,NA,NA,NA,NA,NA,NA,NA,NA,"no_exposure_data"
"630-56-8","Hydroxyprogesterone caproate","DTXSID6043915",195,61.8142373079153,195,"httk_measured",1,1,"default_1uM",0,3.0005,0.47291,12.433,4.30908827,NA,NA,NA,NA,NA,NA,NA,NA,"no_exposure_data"
"129630-19-9","Pyraflufen-ethyl","DTXSID8034871",0,26.2108258130091,26.2108258130091,"RF_imputed_chem.physical_and_invitro.data",1,1,"default_1uM",0,3.0535,0.544655,12.734,4.36496871,NA,NA,NA,NA,NA,NA,NA,NA,"no_exposure_data"
"520-18-3","Kaempferol","DTXSID7020768",95.7,30.0913516686828,95.7,"httk_measured",1,1,"default_1uM",0,2.0645,0.172635,12.812,3.710838424,NA,NA,NA,NA,NA,NA,NA,NA,"no_exposure_data"
"25316-40-9","Adriamycin hydrochloride","DTXSID3030636",0,6.63011125089354,6.63011125089354,"RF_imputed_chem.physical_and_invitro.data",1,1,"default_1uM",0,3.1345,0.64185,12.9105,4.63376824,NA,NA,NA,NA,NA,NA,NA,NA,"no_exposure_data"
"79241-46-6","Fluazifop-p-butyl","DTXSID0034855",234.4,53.4006268225187,234.4,"httk_measured",1,1,"default_1uM",0,2.7005,0.300385,12.917,4.27669693,NA,NA,NA,NA,NA,NA,NA,NA,"no_exposure_data"
"62-44-2","Phenacetin","DTXSID1021116",9.346,8.29930550606749,9.346,"httk_measured",1,1,"default_1uM",0,2.8205,0.281625,13.0105,4.34294232,NA,NA,NA,NA,NA,NA,NA,NA,"no_exposure_data"
"76-25-5","Triamcinolone acetonide","DTXSID6021371",9,7.67872228052271,9,"httk_measured",1,1,"default_1uM",0,2.969,0.52501,13.118,4.45111248,NA,NA,NA,NA,NA,NA,NA,NA,"no_exposure_data"
"110488-70-5","Dimethomorph","DTXSID7034545",20.3,11.0679973048611,20.3,"httk_measured",1,1,"default_1uM",0,2.497,0.37681,13.122,4.06898689,NA,NA,NA,NA,NA,NA,NA,NA,"no_exposure_data"
"23103-98-2","Pirimicarb","DTXSID1032569",22.53,12.5541626988213,22.53,"httk_measured",1,1,"default_1uM",0,2.588,0.36685,13.2055,4.16070829,NA,NA,NA,NA,NA,NA,NA,NA,"no_exposure_data"
"50-78-2","Aspirin","DTXSID5020108",0,7.50487765194131,7.50487765194131,"RF_imputed_chem.physical_and_invitro.data",1,1,"default_1uM",0,2.6725,0.422005,13.2635,4.2434105,NA,NA,NA,NA,NA,NA,NA,NA,"no_exposure_data"
"50471-44-8","Vinclozolin","DTXSID4022361",18.34,10.8921071135605,18.34,"httk_measured",1,1,"default_1uM",0,2.7605,0.421275,13.3005,4.33721152,NA,NA,NA,NA,NA,NA,NA,NA,"no_exposure_data"
"311-45-5","Paraoxon","DTXSID6024046",0,5.04804367214259,5.04804367214259,"RF_imputed_chem.physical_and_invitro.data",1,1,"default_1uM",0,3.038,0.652155,13.4715,4.53960182,NA,NA,NA,NA,NA,NA,NA,NA,"no_exposure_data"
"22224-92-6","Fenamiphos","DTXSID3024102",62.11,30.5039582637843,62.11,"httk_measured",1,1,"default_1uM",0,2.67,0.318155,13.4905,4.13382134,NA,NA,NA,NA,NA,NA,NA,NA,"no_exposure_data"
"57837-19-1","Metalaxyl","DTXSID6024175",0,2.85492534706703,2.85492534706703,"RF_imputed_chem.physical_and_invitro.data",1,1,"default_1uM",0,2.5875,0.426565,13.5765,4.29713967,NA,NA,NA,NA,NA,NA,NA,NA,"no_exposure_data"
"41372-20-7","Apomorphine hydrochloride hydrate","DTXSID0048185",17.4,8.14789140600465,17.4,"httk_measured",1,1,"default_1uM",0,2.5645,0.31512,13.634,4.1138599,NA,NA,NA,NA,NA,NA,NA,NA,"no_exposure_data"
"626-43-7","3,5-dichloroaniline","DTXSID7030307",86.1,62.0429409168965,86.1,"httk_measured",1,1,"default_1uM",0,3.157,0.33939,13.911,4.76227329,NA,NA,NA,NA,NA,NA,NA,NA,"no_exposure_data"
"1843-05-6","2-hydroxy-4-(octyloxy)benzophenone","DTXSID9027441",807,149.613115444444,807,"httk_measured",1,1,"default_1uM",0,3.0005,0.504865,14.221,4.59938477176,NA,NA,NA,NA,NA,NA,NA,NA,"no_exposure_data"
"88-58-4","2,5-di-tert-butylbenzene-1,4-diol","DTXSID8041248",117,76.375155388919,117,"httk_measured",1,1,"default_1uM",0,1.141,0.058456,14.331,4.757625851,NA,NA,NA,NA,NA,NA,NA,NA,"no_exposure_data"
"1596-84-5","Daminozide","DTXSID9020370",2.29,4.57704059054449,2.29,"httk_measured",1,1,"default_1uM",0,2.6935,0.59843,14.5735,4.59230274,NA,NA,NA,NA,NA,NA,NA,NA,"no_exposure_data"
"6190-65-4","Deethylatrazine","DTXSID5037494",0,5.79404465381773,5.79404465381773,"RF_imputed_chem.physical_and_invitro.data",1,1,"default_1uM",0,2.9895,0.61224,14.7345,4.71320664,NA,NA,NA,NA,NA,NA,NA,NA,"no_exposure_data"
"583-39-1","2-mercaptobenzimidazole","DTXSID9025536",0,18.0183458553963,18.0183458553963,"RF_imputed_chem.physical_and_invitro.data",1,1,"default_1uM",0,3.391,0.46404,14.8315,5.18221648,NA,NA,NA,NA,NA,NA,NA,NA,"no_exposure_data"
"23135-22-0","Oxamyl","DTXSID6021086",0,3.63198211971759,3.63198211971759,"RF_imputed_chem.physical_and_invitro.data",1,1,"default_1uM",0,3.0785,0.490345,14.972,4.770031887,NA,NA,NA,NA,NA,NA,NA,NA,"no_exposure_data"
"22781-23-3","Bendiocarb","DTXSID9032327",21.66,16.6530533821331,21.66,"httk_measured",1,1,"default_1uM",0,3.069,0.40288,15.01,4.72147598,NA,NA,NA,NA,NA,NA,NA,NA,"no_exposure_data"
"6055-19-2","Cyclophosphamide monohydrate","DTXSID6024888",0,2.78482976358375,2.78482976358375,"RF_imputed_chem.physical_and_invitro.data",1,1,"default_1uM",0,3.308,0.78851,15.07,5.2752206,NA,NA,NA,NA,NA,NA,NA,NA,"no_exposure_data"
"62-73-7","Dichlorvos","DTXSID5020449",86.4,81.0823082678558,86.4,"httk_measured",1,1,"default_1uM",0,0.8536,0.041658,15.2869999999999,3.437757526,NA,NA,NA,NA,NA,NA,NA,NA,"no_exposure_data"
"10161-33-8","17beta-trenbolone","DTXSID0034192",37.4,21.6255201088533,37.4,"httk_measured",1,1,"default_1uM",0,3.6475,0.550985,15.4535,5.16948238,NA,NA,NA,NA,NA,NA,NA,NA,"no_exposure_data"
"6425-39-4","4,4'-(oxydiethylene)bis(morpholine)","DTXSID9042170",2.573,2.29612362800254,2.573,"httk_measured",1,1,"default_1uM",0,3.274,0.84928,15.626,5.0963628,NA,NA,NA,NA,NA,NA,NA,NA,"no_exposure_data"
"1646-88-4","Aldoxycarb","DTXSID6023862",0,2.9409342126931,2.9409342126931,"RF_imputed_chem.physical_and_invitro.data",1,1,"default_1uM",0,3.2155,0.79987,15.726,5.154877979,NA,NA,NA,NA,NA,NA,NA,NA,"no_exposure_data"
"120-71-8","P-cresidine","DTXSID1020350",19.53,12.072721420766,19.53,"httk_measured",1,1,"default_1uM",0,3.1245,0.46816,15.766,5.00514459,NA,NA,NA,NA,NA,NA,NA,NA,"no_exposure_data"
"15972-60-8","Alachlor","DTXSID1022265",62.9,25.4587899340915,62.9,"httk_measured",1,1,"default_1uM",0,3.646,0.662885,15.831,5.4128308,NA,NA,NA,NA,NA,NA,NA,NA,"no_exposure_data"
"100-97-0","Methenamine","DTXSID6020692",0,8.80451095648089,8.80451095648089,"RF_imputed_chem.physical_and_invitro.data",1,1,"default_1uM",0,2.2295,0.355215,15.984,4.24788608,NA,NA,NA,NA,NA,NA,NA,NA,"no_exposure_data"
"25311-71-1","Isofenphos","DTXSID8032417",158,79.4775643769375,158,"httk_measured",1,1,"default_1uM",0,3.3615,0.447285,16.024,4.97846029,NA,NA,NA,NA,NA,NA,NA,NA,"no_exposure_data"
"131-18-0","Dipentyl phthalate","DTXSID5031131",301,79.7646165407469,301,"httk_measured",1,1,"default_1uM",0,2.9465,0.366265,16.3645,4.80480391,NA,NA,NA,NA,NA,NA,NA,NA,"no_exposure_data"
"87674-68-8","Dimethenamid","DTXSID4032376",19.92,13.7901123770897,19.92,"httk_measured",1,1,"default_1uM",0,3.6475,0.55645,16.655,5.34851521,NA,NA,NA,NA,NA,NA,NA,NA,"no_exposure_data"
"66357-35-5","Ranitidine","DTXSID8045191",1.324,1.6581896286765,1.324,"httk_measured",1,1,"default_1uM",0,3.5515,0.65115,17.032,5.63491066,NA,NA,NA,NA,NA,NA,NA,NA,"no_exposure_data"
"145-73-3","Endothal","DTXSID7024081",0,3.98266302919502,3.98266302919502,"RF_imputed_chem.physical_and_invitro.data",1,1,"default_1uM",0,3.319,0.68996,17.081,5.4880164,NA,NA,NA,NA,NA,NA,NA,NA,"no_exposure_data"
"149877-41-8","Bifenazate","DTXSID5032525",41.15,16.951671767652,41.15,"httk_measured",1,1,"default_1uM",0,4.1825,0.53865,17.217,5.9628717,NA,NA,NA,NA,NA,NA,NA,NA,"no_exposure_data"
"741-58-2","Bensulide","DTXSID9032329",250.3,94.5481705681416,250.3,"httk_measured",1,1,"default_1uM",0,3.2515,0.412255,17.3135,5.34498013,NA,NA,NA,NA,NA,NA,NA,NA,"no_exposure_data"
"148-24-3","8-hydroxyquinoline","DTXSID5020730",69.68,37.4512098721174,69.68,"httk_measured",1,1,"default_1uM",0,3.1235,0.400545,17.3605,5.27437346,NA,NA,NA,NA,NA,NA,NA,NA,"no_exposure_data"
"51218-45-2","Metolachlor","DTXSID4022448",35.37,19.8816205929885,35.37,"httk_measured",1,1,"default_1uM",0,4.52,0.702975,17.7665,6.3789108,NA,NA,NA,NA,NA,NA,NA,NA,"no_exposure_data"
"126-00-1","Diphenolic acid","DTXSID0022436",0,14.1464266177193,14.1464266177193,"RF_imputed_chem.physical_and_invitro.data",1,1,"default_1uM",0,3.836,0.6315,17.982,5.96234535,NA,NA,NA,NA,NA,NA,NA,NA,"no_exposure_data"
"63-05-8","Androstenedione","DTXSID8024523",25.92,18.7360632708443,25.92,"httk_measured",1,1,"default_1uM",0,4.4345,0.56986,18.077,6.3172593,NA,NA,NA,NA,NA,NA,NA,NA,"no_exposure_data"
"29122-68-7","Atenolol","DTXSID2022628",1.986,1.5927190489804,1.986,"httk_measured",1,1,"default_1uM",0,3.4665,0.52661,18.7575,6.02103438,NA,NA,NA,NA,NA,NA,NA,NA,"no_exposure_data"
"60-51-5","Dimethoate","DTXSID7020479",3.682,3.43892574585302,3.682,"httk_measured",1,1,"default_1uM",0,3.4875,0.52687,19.2205,5.9358287657,NA,NA,NA,NA,NA,NA,NA,NA,"no_exposure_data"
"1260-17-9","Carminic acid","DTXSID9022817",88.8,33.7579422676557,88.8,"httk_measured",1,1,"default_1uM",0,0.25085,0.011385,19.2625,5.3567478698,NA,NA,NA,NA,NA,NA,NA,NA,"no_exposure_data"
"99-65-0","1,3-dinitrobenzene","DTXSID9024065",0,11.2219690649846,11.2219690649846,"RF_imputed_chem.physical_and_invitro.data",0.841656436904279,24.8461435089418,"example.toxcast",28,3.16,0.431935,19.7975,6.13672414,NA,NA,NA,NA,NA,NA,NA,NA,"no_exposure_data"
"51384-51-1","Metoprolol","DTXSID2023309",6.231,5.42239305390018,6.231,"httk_measured",1,1,"default_1uM",0,4.376,0.47482,19.895,6.67185146,NA,NA,NA,NA,NA,NA,NA,NA,"no_exposure_data"
"606-20-2","""2,6-dinitrotoluene""","DTXSID5020528",34.64,25.4529432753184,34.64,"httk_measured",1,1,"default_1uM",0,3.2305,0.4141,19.913,6.0254348,NA,NA,NA,NA,NA,NA,NA,NA,"no_exposure_data"
"54-62-6","Aminopterin","DTXSID3022588",0,2.34846620538945,2.34846620538945,"RF_imputed_chem.physical_and_invitro.data",1,1,"default_1uM",0,4.226,0.624025,20.5055,6.90410685,NA,NA,NA,NA,NA,NA,NA,NA,"no_exposure_data"
"51-30-9","Isoproterenol hydrochloride","DTXSID6025486",0,2.92551633460088,2.92551633460088,"RF_imputed_chem.physical_and_invitro.data",1,1,"default_1uM",0,3.555,0.73,20.52,6.2168735,NA,NA,NA,NA,NA,NA,NA,NA,"no_exposure_data"
"7786-34-7","Mevinphos","DTXSID2032683",4.7,4.03625611632562,4.7,"httk_measured",1,1,"default_1uM",0,4.458,0.799175,20.7555,6.9652422,NA,NA,NA,NA,NA,NA,NA,NA,"no_exposure_data"
"30560-19-1","Acephate","DTXSID8023846",0,7.04852446626445,7.04852446626445,"RF_imputed_chem.physical_and_invitro.data",1,1,"default_1uM",0,3.652,0.473945,21.1825,6.403423,NA,NA,NA,NA,NA,NA,NA,NA,"no_exposure_data"
"500-38-9","Nordihydroguaiaretic acid","DTXSID5022437",270,157.813957187559,270,"httk_measured",1,1,"default_1uM",0,3.8395,0.227175,21.2425,6.5745744,NA,NA,NA,NA,NA,NA,NA,NA,"no_exposure_data"
"120-47-8","Ethylparaben","DTXSID9022528",57.24,49.3229661046198,57.24,"httk_measured",1,1,"default_1uM",0,3.879,0.45493,21.458,6.64654189,NA,NA,NA,NA,NA,NA,NA,NA,"no_exposure_data"
"13292-46-1","Rifampicin","DTXSID6021244",0,17.6446748655717,17.6446748655717,"RF_imputed_chem.physical_and_invitro.data",1,1,"default_1uM",0,3.7795,0.477585,21.508,6.35864729,NA,NA,NA,NA,NA,NA,NA,NA,"no_exposure_data"
"2597-03-7","Phenthoate","DTXSID6042280",168,45.6694045538084,168,"httk_measured",1,1,"default_1uM",0,4.6425,0.620415,21.525,7.07725903,NA,NA,NA,NA,NA,NA,NA,NA,"no_exposure_data"
"122931-48-0","Rimsulfuron","DTXSID1032642",0,2.76635076586864,2.76635076586864,"RF_imputed_chem.physical_and_invitro.data",1,1,"default_1uM",0,4.06,0.689035,21.643,6.90436592,NA,NA,NA,NA,NA,NA,NA,NA,"no_exposure_data"
"439687-69-1","Nelivaptan","DTXSID7047358",35.3,17.0954463805938,35.3,"httk_measured",1,1,"default_1uM",0,5.0365,0.783605,21.724,7.80095214,NA,NA,NA,NA,NA,NA,NA,NA,"no_exposure_data"
"33228-45-4","4-hexylanilline","DTXSID5040708",440,99.8877240961122,440,"httk_measured",1,1,"default_1uM",0,4.035,0.5666,22.4525,6.75976668,NA,NA,NA,NA,NA,NA,NA,NA,"no_exposure_data"
"60-54-8","Tetracycline","DTXSID7023645",0,3.78825022193397,3.78825022193397,"RF_imputed_chem.physical_and_invitro.data",1,1,"default_1uM",0,4.877,1.04375,22.868,8.0060343,NA,NA,NA,NA,NA,NA,NA,NA,"no_exposure_data"
"91-22-5","Quinoline","DTXSID1021798",38.6,26.7310534848888,38.6,"httk_measured",1,1,"default_1uM",0,4.931,0.697655,23.587,8.53301357,NA,NA,NA,NA,NA,NA,NA,NA,"no_exposure_data"
"2835-95-2","5-amino-2-methylphenol","DTXSID9024489",16,13.4847227300869,16,"httk_measured",1,1,"default_1uM",0,4.264,0.61329,23.903,7.42129476,NA,NA,NA,NA,NA,NA,NA,NA,"no_exposure_data"
"491-80-5","Biochanin a","DTXSID1022394",230,47.8637244056437,230,"httk_measured",1,1,"default_1uM",0,5.034,0.47888,24.1275,7.805428701,NA,NA,NA,NA,NA,NA,NA,NA,"no_exposure_data"
"90823-38-4","Denatonium saccharide","DTXSID9034361",0,3.93807066251739,3.93807066251739,"RF_imputed_chem.physical_and_invitro.data",1,1,"default_1uM",0,5.898,1.28695,24.2455,8.655357,NA,NA,NA,NA,NA,NA,NA,NA,"no_exposure_data"
"102-06-7","""1,3-diphenylguanidine""","DTXSID3025178",0,8.57215721874437,8.57215721874437,"RF_imputed_chem.physical_and_invitro.data",1,1,"default_1uM",0,4.9975,0.65077,24.587,7.84994449,NA,NA,NA,NA,NA,NA,NA,NA,"no_exposure_data"
"122836-35-5","Sulfentrazone","DTXSID6032645",5.715,6.32377854317144,5.715,"httk_measured",1,1,"default_1uM",0,5.4975,0.71939,24.6235,7.75771637,NA,NA,NA,NA,NA,NA,NA,NA,"no_exposure_data"
"122-99-6","Phenoxyethanol","DTXSID9021976",0,16.9524543111243,16.9524543111243,"RF_imputed_chem.physical_and_invitro.data",1,1,"default_1uM",0,3.72,0.507335,24.6415,7.40570674,NA,NA,NA,NA,NA,NA,NA,NA,"no_exposure_data"
"64091-91-4","4-(n-methyl-n-nitrosamino)-1-(3-pyridyl)-1-butanone","DTXSID3020881",4.538,5.06354798430019,4.538,"httk_measured",1,1,"default_1uM",0,4.4335,0.942015,24.7855,7.62767847,NA,NA,NA,NA,NA,NA,NA,NA,"no_exposure_data"
"123312-89-0","Pymetrozine","DTXSID2032637",8.611,3.9010714984123,8.611,"httk_measured",1,1,"default_1uM",0,4.878,0.8188,24.9065,7.8940551571,NA,NA,NA,NA,NA,NA,NA,NA,"no_exposure_data"
"77-90-7","Acetyl tributyl citrate","DTXSID2026446",261,89.7719225689601,261,"httk_measured",1,1,"default_1uM",0,5.731,0.72739,25.016,8.55086044,NA,NA,NA,NA,NA,NA,NA,NA,"no_exposure_data"
"53-03-2","Prednisone","DTXSID4021185",9.09,6.1583251019397,9.09,"httk_measured",1,1,"default_1uM",0,5.156,0.73372,25.25,8.2774176,NA,NA,NA,NA,NA,NA,NA,NA,"no_exposure_data"
"527680-56-4","""n-[(3r)-1-azabicyclo[2.2.2]oct-3-yl]-2,3-dihydro-1,4-benzodioxine-6-carboxamide""","DTXSID1047285",3.688,5.93140655835881,3.688,"httk_measured",1,1,"default_1uM",0,5.429,0.9136,25.5265,9.131624382,NA,NA,NA,NA,NA,NA,NA,NA,"no_exposure_data"
"147-24-0","Diphenhydramine hydrochloride","DTXSID4020537",0,7.21694893925164,7.21694893925164,"RF_imputed_chem.physical_and_invitro.data",1,1,"default_1uM",0,4.461,0.63724,26.12,8.18069382,NA,NA,NA,NA,NA,NA,NA,NA,"no_exposure_data"
"58-93-5","Hydrochlorothiazide","DTXSID2020713",0,6.45033004772957,6.45033004772957,"RF_imputed_chem.physical_and_invitro.data",1,1,"default_1uM",0,5.3065,0.963795,26.2375,9.60713187,NA,NA,NA,NA,NA,NA,NA,NA,"no_exposure_data"
"446-86-6","Azathioprine","DTXSID4020119",0,4.37799407275109,4.37799407275109,"RF_imputed_chem.physical_and_invitro.data",1,1,"default_1uM",0,4.528,0.876285,26.364,8.188302,NA,NA,NA,NA,NA,NA,NA,NA,"no_exposure_data"
"210880-92-5","Clothianidin","DTXSID2034465",10.73,8.40209143953298,10.73,"httk_measured",1,1,"default_1uM",0,4.122,0.46609,26.4125,7.78736813,NA,NA,NA,NA,NA,NA,NA,NA,"no_exposure_data"
"69806-50-4","Fluazifop-butyl","DTXSID3034612",401,167.659625880964,401,"httk_measured",1,1,"default_1uM",0,5.5325,0.60805,26.68,8.61261848,NA,NA,NA,NA,NA,NA,NA,NA,"no_exposure_data"
"34256-82-1","Acetochlor","DTXSID8023848",84.71,33.9108633792459,84.71,"httk_measured",1,1,"default_1uM",0,6.1595,0.98976,26.694,9.1805519,NA,NA,NA,NA,NA,NA,NA,NA,"no_exposure_data"
"2416-94-6","2,3,6-trimethylphenol","DTXSID6022187",106,57.425064968136,106,"httk_measured",1,1,"default_1uM",0,5.7885,0.95626,26.8505,9.33624037,NA,NA,NA,NA,NA,NA,NA,NA,"no_exposure_data"
"154-42-7","6-thioguanine","DTXSID6023652",0,2.19930560556399,2.19930560556399,"RF_imputed_chem.physical_and_invitro.data",1,1,"default_1uM",0,4.428,0.859655,27.2115,9.71577417,NA,NA,NA,NA,NA,NA,NA,NA,"no_exposure_data"
"73-31-4","Melatonin","DTXSID1022421",0,7.30573003197366,7.30573003197366,"RF_imputed_chem.physical_and_invitro.data",1,1,"default_1uM",0,5.226,0.89738,27.761,8.7490779,NA,NA,NA,NA,NA,NA,NA,NA,"no_exposure_data"
"69655-05-6","Didanosine","DTXSID6022927",0,4.65393046159734,4.65393046159734,"RF_imputed_chem.physical_and_invitro.data",1,1,"default_1uM",0,5.441,1.24265,28.018,9.4284006,NA,NA,NA,NA,NA,NA,NA,NA,"no_exposure_data"
"99-76-3","Methylparaben","DTXSID4022529",107.5,67.1474922525664,107.5,"httk_measured",1,1,"default_1uM",0,4.743,0.594395,28.611,8.83146886,NA,NA,NA,NA,NA,NA,NA,NA,"no_exposure_data"
"63-25-2","Carbaryl","DTXSID9020247",27.27,13.4998532624757,27.27,"httk_measured",1,1,"default_1uM",0,5.9385,0.69196,29.354,9.486873756,NA,NA,NA,NA,NA,NA,NA,NA,"no_exposure_data"
"99-54-7","3,4-dichloronitrobenzene","DTXSID8024999",387,194.24013131335,387,"httk_measured",1,1,"default_1uM",0,3.3945,0.228855,29.4685,7.9740073,NA,NA,NA,NA,NA,NA,NA,NA,"no_exposure_data"
"43222-48-6","Difenzoquat metilsulfate","DTXSID6024048",0,4.17863392915203,4.17863392915203,"RF_imputed_chem.physical_and_invitro.data",1,1,"default_1uM",0,6.035,0.89274,30.8505,9.87572546,NA,NA,NA,NA,NA,NA,NA,NA,"no_exposure_data"
"76824-35-6","Famotidine","DTXSID5023039",0,3.47548325340555,3.47548325340555,"RF_imputed_chem.physical_and_invitro.data",1,1,"default_1uM",0,5.838,0.75873,31.692,11.45262143,NA,NA,NA,NA,NA,NA,NA,NA,"no_exposure_data"
"139290-65-6","Volinanserin","DTXSID6047363",5.464,5.67505480354909,5.464,"httk_measured",1,1,"default_1uM",0,5.49,0.83827,32.141,9.6465417,NA,NA,NA,NA,NA,NA,NA,NA,"no_exposure_data"
"25606-41-1","Propamocarb hydrochloride","DTXSID6034849",5.815,3.580727195616,5.815,"httk_measured",1,1,"default_1uM",0,4.7335,0.62013,32.3545,9.58053086,NA,NA,NA,NA,NA,NA,NA,NA,"no_exposure_data"
"86-50-0","Azinphos-methyl","DTXSID3020122",32.63,16.7097822924811,32.63,"httk_measured",1,1,"default_1uM",0,6.4915,1.1161,32.807,10.33491691,NA,NA,NA,NA,NA,NA,NA,NA,"no_exposure_data"
"142459-58-3","Flufenacet","DTXSID2032552",29,17.9642628017783,29,"httk_measured",2.2664056276609,27.8630581730131,"example.toxcast",162,7.2295,0.97462,32.92,10.73569449,NA,NA,NA,NA,NA,NA,NA,NA,"no_exposure_data"
"81131-70-6","Pravastatin sodium","DTXSID6047525",0,3.46558797575656,3.46558797575656,"RF_imputed_chem.physical_and_invitro.data",1,1,"default_1uM",0,5.777,1.2778,33.4755,10.387073,NA,NA,NA,NA,NA,NA,NA,NA,"no_exposure_data"
"123122-55-4","Candoxatril","DTXSID6047286",9.898,10.9536929206839,9.898,"httk_measured",1,1,"default_1uM",0,6.2895,1.06305,33.6715,10.3584023,NA,NA,NA,NA,NA,NA,NA,NA,"no_exposure_data"
"2058-46-0","Oxytetracycline hydrochloride","DTXSID5021097",0,4.08678870234152,4.08678870234152,"RF_imputed_chem.physical_and_invitro.data",1,1,"default_1uM",0,6.135,0.95827,33.85,10.61022489,NA,NA,NA,NA,NA,NA,NA,NA,"no_exposure_data"
"71283-80-2","Fenoxaprop-p-ethyl","DTXSID2034598",519,224.05686105196,519,"httk_measured",1,1,"default_1uM",0,7.394,1.03695,34.1985,11.5624615,NA,NA,NA,NA,NA,NA,NA,NA,"no_exposure_data"
"587-65-5","2-chloro-n-phenylacetamide","DTXSID3041409",38.9,13.6784138972465,38.9,"httk_measured",1,1,"default_1uM",0,7.984,1.2389,34.8345,11.69176797,NA,NA,NA,NA,NA,NA,NA,NA,"no_exposure_data"
"10605-21-7","Methyl 1h-benzimidazol-2-ylcarbamate","DTXSID4024729",24,10.2602967756394,24,"httk_measured",1,1,"default_1uM",0,6.414,0.746525,35.114,10.87427503,NA,NA,NA,NA,NA,NA,NA,NA,"no_exposure_data"
"49562-28-9","Fenofibrate","DTXSID2029874",563,112.729345691027,563,"httk_measured",1,1,"default_1uM",0,7.318,0.85509,35.3375,11.29118925,NA,NA,NA,NA,NA,NA,NA,NA,"no_exposure_data"
"114-07-8","Erythromycin","DTXSID4022991",0,5.1595214649642,5.1595214649642,"RF_imputed_chem.physical_and_invitro.data",1,1,"default_1uM",0,7.59,1.1873,36.096,12.1434774,NA,NA,NA,NA,NA,NA,NA,NA,"no_exposure_data"
"84-66-2","Diethylphthalate","DTXSID7021780",42.5,13.3589058241912,42.5,"httk_measured",1,1,"default_1uM",0,7.2075,0.89687,36.497,12.2933655,NA,NA,NA,NA,NA,NA,NA,NA,"no_exposure_data"
"22260-51-1","Bromocriptine mesylate","DTXSID6020197",178,60.9436681760457,178,"httk_measured",1,1,"default_1uM",0,8.2205,0.922725,36.5255,11.72855409,NA,NA,NA,NA,NA,NA,NA,NA,"no_exposure_data"
"95-48-7","2-methylphenol","DTXSID8021808",27.48,21.9953089746768,27.48,"httk_measured",1,1,"default_1uM",0,5.11,0.56099,37.714,10.5707903,NA,NA,NA,NA,NA,NA,NA,NA,"no_exposure_data"
"63449-68-3","Naphthalen-2-yl 2-aminobenzoate","DTXSID7047697",846,177.600626564061,846,"httk_measured",1,1,"default_1uM",0,7.564,0.67407,38.5465,12.18511657,NA,NA,NA,NA,NA,NA,NA,NA,"no_exposure_data"
"54593-83-8","Chlorethoxyfos","DTXSID2032344",617,154.214907262474,617,"httk_measured",1,1,"default_1uM",0,7.871,0.950565,38.7785,12.60983051,NA,NA,NA,NA,NA,NA,NA,NA,"no_exposure_data"
"61-73-4","Methylene blue","DTXSID0023296",13.9,7.48455370916205,13.9,"httk_measured",1,1,"default_1uM",0,7.3205,1.193,38.913,12.3911668,NA,NA,NA,NA,NA,NA,NA,NA,"no_exposure_data"
"113776-20-8","Fenoxaprop-(2s)-ethyl","DTXSID0040755",723,198.754221276853,723,"httk_measured",1,1,"default_1uM",0,8.613,1.19775,39.0125,12.86503933,NA,NA,NA,NA,NA,NA,NA,NA,"no_exposure_data"
"95-74-9","3-chloro-4-methylaniline","DTXSID0020286",65.3,36.4720858090335,65.3,"httk_measured",1,1,"default_1uM",0,7.233,0.938865,39.1094999999999,12.30302254,NA,NA,NA,NA,NA,NA,NA,NA,"no_exposure_data"
"1689-84-5","Bromoxynil","DTXSID3022162",7.866,6.49033890430304,7.866,"httk_measured",1,1,"default_1uM",0,5.203,0.65077,39.3625,11.12264286,NA,NA,NA,NA,NA,NA,NA,NA,"no_exposure_data"
"94-18-8","Benzylparaben","DTXSID9022526",633,166.719149289153,633,"httk_measured",1,1,"default_1uM",0,6.307,0.717825,40.1515,11.32102802,NA,NA,NA,NA,NA,NA,NA,NA,"no_exposure_data"
"131-11-3","Dimethyl phthalate","DTXSID3022455",0,10.677148859427,10.677148859427,"RF_imputed_chem.physical_and_invitro.data",1,1,"default_1uM",0,5.9365,0.884455,41.5554999999999,12.84417718,NA,NA,NA,NA,NA,NA,NA,NA,"no_exposure_data"
"69806-40-2","Haloxyfop-methyl","DTXSID6024123",467,162.550694220525,467,"httk_measured",1,1,"default_1uM",0,9.533,1.27315,42.2385,14.0090993,NA,NA,NA,NA,NA,NA,NA,NA,"no_exposure_data"
"824-78-2","Sodium 4-nitrophenolate","DTXSID3027320",48.1,19.5398492993414,48.1,"httk_measured",1,1,"default_1uM",0,7.471,0.982015,42.8874999999999,14.1896427,NA,NA,NA,NA,NA,NA,NA,NA,"no_exposure_data"
"527-60-6","2,4,6-trimethylphenol","DTXSID7022049",163,62.1364439169885,163,"httk_measured",1,1,"default_1uM",0,10.205,1.7723,45.124,16.0150749,NA,NA,NA,NA,NA,NA,NA,NA,"no_exposure_data"
"108-46-3","Resorcinol","DTXSID2021238",14.48,5.85567124736567,14.48,"httk_measured",1,1,"default_1uM",0,5.2385,0.510535,45.776,12.11458090168,NA,NA,NA,NA,NA,NA,NA,NA,"no_exposure_data"
"23513-14-6","(6)-gingerol","DTXSID3041035",146,35.5170678188795,146,"httk_measured",1,1,"default_1uM",0,11.04,1.6229,47.8574999999999,16.3561908,NA,NA,NA,NA,NA,NA,NA,NA,"no_exposure_data"
"6153-64-6","Oxytetracycline dihydrate","DTXSID4023412",0,5.48071632506401,5.48071632506401,"RF_imputed_chem.physical_and_invitro.data",1,1,"default_1uM",0,7.683,1.023,48.0615,15.2565286,NA,NA,NA,NA,NA,NA,NA,NA,"no_exposure_data"
"637-07-0","Clofibrate","DTXSID3020336",868,357.17943087739,868,"httk_measured",1,1,"default_1uM",0,9.78,0.698205,48.1175,15.2914638,NA,NA,NA,NA,NA,NA,NA,NA,"no_exposure_data"
"101-21-3","Chlorpropham","DTXSID7020764",78.1,37.2653061491417,78.1,"httk_measured",1,1,"default_1uM",0,3.8285,0.2819,49.933,11.86153586,NA,NA,NA,NA,NA,NA,NA,NA,"no_exposure_data"
"114311-32-9","Imazamox","DTXSID3034664",0,4.70135779844765,4.70135779844765,"RF_imputed_chem.physical_and_invitro.data",1,1,"default_1uM",0,8.003,1.1068,51.181,18.02365502,NA,NA,NA,NA,NA,NA,NA,NA,"no_exposure_data"
"2783-94-0","Fd&c yellow 6","DTXSID6021456",18.9,18.4243957722006,18.9,"httk_measured",1,1,"default_1uM",0,0.6061,0.023017,51.2185,13.790546308,NA,NA,NA,NA,NA,NA,NA,NA,"no_exposure_data"
"41481-66-7","4,4'-sulfonylbis[2-(prop-2-en-1-yl)phenol]","DTXSID9047598",84.7,36.1380759830581,84.7,"httk_measured",1,1,"default_1uM",0,7.918,1.1724,51.5075,15.56809812,NA,NA,NA,NA,NA,NA,NA,NA,"no_exposure_data"
"106-44-5","4-methylphenol","DTXSID7021869",39.66,21.6493195136922,39.66,"httk_measured",1,1,"default_1uM",0,6.311,0.808835,54.733,14.80419484,NA,NA,NA,NA,NA,NA,NA,NA,"no_exposure_data"
"41394-05-2","Metamitron","DTXSID7047568",0,9.47659971433189,9.47659971433189,"RF_imputed_chem.physical_and_invitro.data",1,1,"default_1uM",0,7.5845,1.3208,56.2195,17.0812766,NA,NA,NA,NA,NA,NA,NA,NA,"no_exposure_data"
"90-05-1","2-methoxyphenol","DTXSID0023113",44.9,22.8581571181284,44.9,"httk_measured",1,1,"default_1uM",0,10.86,1.36895,56.524,17.56331113,NA,NA,NA,NA,NA,NA,NA,NA,"no_exposure_data"
"20830-75-5","Digoxin","DTXSID5022934",0,5.24874612947642,5.24874612947642,"RF_imputed_chem.physical_and_invitro.data",1,1,"default_1uM",0,12.625,1.61465,60.1644999999999,19.56362789,NA,NA,NA,NA,NA,NA,NA,NA,"no_exposure_data"
"124-94-7","Triamcinolone","DTXSID1040742",2.492,2.66754811623802,2.492,"httk_measured",1,1,"default_1uM",0,9.681,1.23475,62.4259999999999,22.17827452,NA,NA,NA,NA,NA,NA,NA,NA,"no_exposure_data"
"2226-96-2","4-hydroxy-2,2,6,6-tetramethylpiperidin-1-yl)oxidanyl","DTXSID4041280",10.4,5.37125447370987,10.4,"httk_measured",1,1,"default_1uM",0,9.886,1.32525,64.2389999999999,18.944402,NA,NA,NA,NA,NA,NA,NA,NA,"no_exposure_data"
"95-83-0","4-chloro-1,2-diaminobenzene","DTXSID5020283",31.6,24.958545742633,31.6,"httk_measured",1,1,"default_1uM",0,9.3285,1.18155,66.6745,20.1832567,NA,NA,NA,NA,NA,NA,NA,NA,"no_exposure_data"
"188489-07-8","Flufenpyr-ethyl","DTXSID3034618",375,59.7507566428206,375,"httk_measured",1,1,"default_1uM",0,18.48,3.22515,67.66,24.522781,NA,NA,NA,NA,NA,NA,NA,NA,"no_exposure_data"
"82385-42-0","Sodium saccharin hydrate","DTXSID7021992",0,4.50738214715046,4.50738214715046,"RF_imputed_chem.physical_and_invitro.data",1,1,"default_1uM",0,10.325,1.5904,67.6954999999999,21.3546534,NA,NA,NA,NA,NA,NA,NA,NA,"no_exposure_data"
"443-48-1","Metronidazole","DTXSID2020892",3,2.28519381797473,3,"httk_measured",6.75647991262135,28.2137201529665,"example.toxcast",6,15.345,2.65855,67.8655,22.75469112,NA,NA,NA,NA,NA,NA,NA,NA,"no_exposure_data"
"33286-22-5","Diltiazem hydrochloride","DTXSID8040147",23.48,14.955481996246,23.48,"httk_measured",1,1,"default_1uM",0,11.75,1.44795,67.951,23.8804025,NA,NA,NA,NA,NA,NA,NA,NA,"no_exposure_data"
"104098-48-8","Imazapic","DTXSID5034270",0,7.93472003274573,7.93472003274573,"RF_imputed_chem.physical_and_invitro.data",1,1,"default_1uM",0,8.078,1.0079,69.9999999999999,18.94000585,NA,NA,NA,NA,NA,NA,NA,NA,"no_exposure_data"
"141517-21-7","Trifloxystrobin","DTXSID4032580",466,100.357713725354,466,"httk_measured",1,1,"default_1uM",0,9.479,1.24365,72.463,20.00081301,NA,NA,NA,NA,NA,NA,NA,NA,"no_exposure_data"
"533-74-4","Dazomet","DTXSID7024902",12.42,8.9005622766912,12.42,"httk_measured",1,1,"default_1uM",0,8.2745,1.0096,76.7494999999999,18.68067876,NA,NA,NA,NA,NA,NA,NA,NA,"no_exposure_data"
"126535-15-7","Triflusulfuron-methyl","DTXSID2032502",14.47,13.6368356973481,14.47,"httk_measured",1,1,"default_1uM",0,11.85,1.4115,80.0044999999999,25.7588334,NA,NA,NA,NA,NA,NA,NA,NA,"no_exposure_data"
"36062-04-1","Tetrahydrocurcumin","DTXSID30865801",173,39.9656605016406,173,"httk_measured",1,1,"default_1uM",0,15.32,1.61495,88.854,26.5187152,NA,NA,NA,NA,NA,NA,NA,NA,"no_exposure_data"
"15619-48-4","1-benzylquinolinium chloride","DTXSID8044593",7.31,6.55151315691,7.31,"httk_measured",1,1,"default_1uM",0,10.9,1.8919,97.1185,26.0582993,NA,NA,NA,NA,NA,NA,NA,NA,"no_exposure_data"
"97-53-0","Eugenol","DTXSID9020617",103.6,50.2087203036669,103.6,"httk_measured",1,1,"default_1uM",0,13.935,2.05135,99.915,29.9395143,NA,NA,NA,NA,NA,NA,NA,NA,"no_exposure_data"
"97-74-5","Tetramethylthiuram monosulfide","DTXSID0021333",18.06,9.84634408334704,18.06,"httk_measured",1,1,"default_1uM",0,13.66,2.1089,104.03,28.4489815,NA,NA,NA,NA,NA,NA,NA,NA,"no_exposure_data"
"4449-51-8","Cyclopamine","DTXSID6043709",29.4,26.7179680406382,29.4,"httk_measured",1,1,"default_1uM",0,22.84,2.9362,107.265,35.48563753,NA,NA,NA,NA,NA,NA,NA,NA,"no_exposure_data"
"85721-33-1","Ciprofloxacin","DTXSID8022824",4.17,3.75619275779494,4.17,"httk_measured",1,1,"default_1uM",0,11.33,1.31565,112.38,37.95614923,NA,NA,NA,NA,NA,NA,NA,NA,"no_exposure_data"
"52-68-6","Trichlorfon","DTXSID0021389",31.7,10.9448783808763,31.7,"httk_measured",1,1,"default_1uM",0,19.515,2.2269,114.385,35.3422163,NA,NA,NA,NA,NA,NA,NA,NA,"no_exposure_data"
"105512-06-9","Clodinafop-propargyl","DTXSID6032354",1010,156.880206142598,1010,"httk_measured",1,1,"default_1uM",0,24.32,3.8826,115.11,37.3450288,NA,NA,NA,NA,NA,NA,NA,NA,"no_exposure_data"
"962-58-3","Diazoxon","DTXSID5037523",34.62,12.1164059293369,34.62,"httk_measured",1,1,"default_1uM",0,13.715,1.73715,118.24,31.3948183,NA,NA,NA,NA,NA,NA,NA,NA,"no_exposure_data"
"23422-53-9","Formetanate hydrochloride","DTXSID4032405",13.72,5.59172357641378,13.72,"httk_measured",1,1,"default_1uM",0,13.445,1.34385,126.415,32.27625981,NA,NA,NA,NA,NA,NA,NA,NA,"no_exposure_data"
"59-05-2","Methotrexate","DTXSID4020822",0,5.49611726821344,5.49611726821344,"RF_imputed_chem.physical_and_invitro.data",1,1,"default_1uM",0,20.435,3.24345,128.815,42.7822844,NA,NA,NA,NA,NA,NA,NA,NA,"no_exposure_data"
"135158-54-2","Acibenzolar-s-methyl","DTXSID1032519",863,129.501127666133,863,"httk_measured",1,1,"default_1uM",0,23.135,2.86995,131.53,40.2237288,NA,NA,NA,NA,NA,NA,NA,NA,"no_exposure_data"
"1918-16-7","Propachlor","DTXSID4024274",69.7,15.035779211942,69.7,"httk_measured",1,1,"default_1uM",0,26.97,3.6396,162.175,48.1188298,NA,NA,NA,NA,NA,NA,NA,NA,"no_exposure_data"
"1634-78-2","Malaoxon","DTXSID9020790",55.9,22.6331900200037,55.9,"httk_measured",1,1,"default_1uM",0,32.995,5.0475,163.865,55.664796,NA,NA,NA,NA,NA,NA,NA,NA,"no_exposure_data"
"4940-11-8","2-ethyl-3-hydroxy-4h-pyran-4-one","DTXSID5041516",81,35.447325600549,81,"httk_measured",1,1,"default_1uM",0,27.81,3.5652,180.66,50.0596424,NA,NA,NA,NA,NA,NA,NA,NA,"no_exposure_data"
"17696-62-7","Phenylparaben","DTXSID4047882",865,171.583301084404,865,"httk_measured",1,1,"default_1uM",0,30.06,3.83645,189.31,57.1900119,NA,NA,NA,NA,NA,NA,NA,NA,"no_exposure_data"
"136-45-8","Dipropyl 2,5-pyridinedicarboxylate","DTXSID8032544",592,71.2697568357096,592,"httk_measured",1,1,"default_1uM",0,41.675,6.8539,207.82,66.8180572,NA,NA,NA,NA,NA,NA,NA,NA,"no_exposure_data"
"473289-62-2","Ilepatril","DTXSID7047356",5.55,4.403977469152,5.55,"httk_measured",1,1,"default_1uM",0,24.735,3.27895,223.739999999999,66.4095045,NA,NA,NA,NA,NA,NA,NA,NA,"no_exposure_data"
"108-44-1","3-methylaniline","DTXSID1026792",32.9,20.6048706211487,32.9,"httk_measured",1,1,"default_1uM",0,10.385,0.77987,259.144999999999,88.89471165,NA,NA,NA,NA,NA,NA,NA,NA,"no_exposure_data"
"69-74-9","Cytarabine hydrochloride","DTXSID5024891",16.8,11.5919207314844,16.8,"httk_measured",1,1,"default_1uM",0,26.95,3.5243,267.395,77.4780027,NA,NA,NA,NA,NA,NA,NA,NA,"no_exposure_data"
"4707-47-5","Methyl 2,4-dihydroxy-3,6-dimethylbenzoate","DTXSID9041653",268,78.0394077102642,268,"httk_measured",6.30741604554564,26.9224834761677,"example.toxcast",70,52.565,6.31465,298.699999999999,90.9493617,NA,NA,NA,NA,NA,NA,NA,NA,"no_exposure_data"
"15676-16-1","Sulpiride","DTXSID1042574",0,6.12434455687659,6.12434455687659,"RF_imputed_chem.physical_and_invitro.data",1,1,"default_1uM",0,33.09,2.2379,380.625,101.594669731,NA,NA,NA,NA,NA,NA,NA,NA,"no_exposure_data"
"94-09-7","Benzocaine","DTXSID8021804",132,32.1346324680159,132,"httk_measured",1,1,"default_1uM",0,48.71,5.8844,402.405,114.3856477,NA,NA,NA,NA,NA,NA,NA,NA,"no_exposure_data"
"76-57-3","Codeine","DTXSID2020341",24.53,9.67719172174729,24.53,"httk_measured",1,1,"default_1uM",0,42.39,2.67105,421.7,113.195958731,NA,NA,NA,NA,NA,NA,NA,NA,"no_exposure_data"
"134-20-3","Methyl 2-aminobenzoate","DTXSID6025567",246,80.4789670620371,246,"httk_measured",1,1,"default_1uM",0,51.88,5.92395,476.4,134.4073613,NA,NA,NA,NA,NA,NA,NA,NA,"no_exposure_data"
"1119-40-0","Dimethyl glutarate","DTXSID3025122",46.3,17.2221002158475,46.3,"httk_measured",1,1,"default_1uM",0,39.12,2.38215,491.804999999999,116.592353022,NA,NA,NA,NA,NA,NA,NA,NA,"no_exposure_data"
"156-10-5","4-nitrosodiphenylamine","DTXSID1021031",839,94.9272648227682,839,"httk_measured",1,1,"default_1uM",0,67.295,10.08805,522.22,158.97176905,NA,NA,NA,NA,NA,NA,NA,NA,"no_exposure_data"
"119-36-8","Methyl salicylate","DTXSID5025659",817,163.483817399681,817,"httk_measured",1,1,"default_1uM",0,72.255,8.43585,633.585,200.7843989,NA,NA,NA,NA,NA,NA,NA,NA,"no_exposure_data"
"57966-95-7","Cymoxanil","DTXSID6032358",32.8,12.8257821235946,32.8,"httk_measured",1,1,"default_1uM",0,16.415,1.17585,784.36,371.63896733,NA,NA,NA,NA,NA,NA,NA,NA,"no_exposure_data"
"121-33-5","4-hydroxy-3-methoxybenzaldehyde","DTXSID0021969",234,51.3726607132088,234,"httk_measured",1,1,"default_1uM",0,121.95,9.65605,1379.4,358.6911644,NA,NA,NA,NA,NA,NA,NA,NA,"no_exposure_data"
"105-13-5","(4-methoxyphenyl)methanol","DTXSID6044357",90.03,19.6773686178344,90.03,"httk_measured",1,1,"default_1uM",0,115.7,5.40715,1510.15,405.5450072,NA,NA,NA,NA,NA,NA,NA,NA,"no_exposure_data"
"2451-62-9","Triglycidyl isocyanurate","DTXSID4026262",180,22.2127353347158,180,"httk_measured",1,1,"default_1uM",0,116.3,8.7817,1574.9,381.88860114,NA,NA,NA,NA,NA,NA,NA,NA,"no_exposure_data"
"121-75-5","Malathion","DTXSID4020791",368,34.9847755765485,368,"httk_measured",1,1,"default_1uM",0,195.1,16.8735,3242.15,979.1063665,NA,NA,NA,NA,NA,NA,NA,NA,"no_exposure_data"
"111-21-7","Triethylene glycol diacetate","DTXSID3026223",206,26.5587054919275,206,"httk_measured",1,1,"default_1uM",0,1003.5,57.097,14706,3434.290849,NA,NA,NA,NA,NA,NA,NA,NA,"no_exposure_data"
"83-67-0","Theobromine","DTXSID9026132",396,22.5957571879332,396,"httk_measured",1,1,"default_1uM",0,791.1,26.2725,18492,5283.3793086,NA,NA,NA,NA,NA,NA,NA,NA,"no_exposure_data"
"106-65-0","Dimethyl succinate","DTXSID5025152",364.4,35.4563724289851,364.4,"httk_measured",1,1,"default_1uM",0,1966,29.4445,33666,7720.87288228,NA,NA,NA,NA,NA,NA,NA,NA,"no_exposure_data"
"55406-53-6","3-iodo-2-propynyl-n-butylcarbamate","DTXSID0028038",486,45.4284127925953,486,"httk_measured",1,1,"default_1uM",0,1368.5,50.142,36808.9999999999,10377.228431,NA,NA,NA,NA,NA,NA,NA,NA,"no_exposure_data"
"35575-96-3","Azamethiphos","DTXSID9034818",429,34.6904706960509,429,"httk_measured",1,1,"default_1uM",0,2405,89.761,53503,11371.441444,NA,NA,NA,NA,NA,NA,NA,NA,"no_exposure_data"
"321-64-2","Tacrine","DTXSID1037272",1000,59.4848479426164,1000,"httk_measured",1,1,"default_1uM",0,4440.5,52.3425,73827.4999999999,18792.52512139,NA,NA,NA,NA,NA,NA,NA,NA,"no_exposure_data"
