DTXSID,CAS,Compound,MW,logP,Fup,AC50_10pct_uM,SEEM_mg_kg_day,Clint_httk,Clint_GCN,Clint_RF,CL_httk,CL_GCN,CL_RF,AED_httk,AED_GCN,AED_RF,BER_httk,BER_GCN,BER_RF,BER_httk_ref,concern_httk,concern_GCN,concern_RF
DTXSID8022325,2971-36-0,"2,2-bis(4-hydroxyphenyl)-1,1,1-trichloroethane (hpte)",317.6,4.622,0.005,1.0,,136.5,29.8119,10.2047,1.481031,1.416909,1.280608,11.289014,10.800244,9.761309,,,,,no_data,no_data,no_data
DTXSID0020442,94-75-7,"2,4-d",221.0,2.809,0.04001,1.0,,0.0,18.8869,0.0002,0.0,1.482847,0.001372,0.0,7.86502,0.007276,,,,,no_data,no_data,no_data
DTXSID7024035,94-82-6,"2,4-db",249.1,3.528,0.006623,1.0,,0.0,20.2731,10.1097,0.0,1.408315,1.326786,0.0,8.41947,7.93206,,,,,no_data,no_data,no_data
DTXSID2021151,90-43-7,2-phenylphenol,170.2,3.091,0.04105,1.0,,0.0,8.4866,0.0137,0.0,1.463284,0.090672,0.0,5.977222,0.370376,,,,,no_data,no_data,no_data
DTXSID0037495,1007-28-9,6-desisopropylatrazine,173.6,1.15,0.4588,1.0,,0.0,0.0,6.5848,0.0,0.0,1.495672,0.0,0.0,6.23157,,,,,no_data,no_data,no_data
DTXSID8023892,71751-41-2,Abamectin,819.0,4.48,0.06687,1.0,,5.24,29.0858,10.5115,1.463491,1.493289,1.481575,28.766377,29.352083,29.121843,,,,,no_data,no_data,no_data
DTXSID8023846,30560-19-1,Acephate,183.2,-0.8482,0.8684,1.0,,0.0,141.5844,0.5829,0.0,1.499893,1.474537,0.0,6.594731,6.483243,,,,,no_data,no_data,no_data
DTXSID0034300,135410-20-7,Acetamiprid,222.7,1.834,0.5732,1.0,,0.0,3.4468,7.37,0.0,1.493393,1.496903,0.0,7.981885,8.000645,,,,,no_data,no_data,no_data
DTXSID8023848,34256-82-1,Acetochlor,269.8,3.032,0.1598,1.0,,84.71,126.0929,86.1532,1.499032,1.49935,1.499048,9.706532,9.708588,9.706637,,,,,no_data,no_data,no_data
DTXSID0020022,50594-66-6,Acifluorfen,361.7,3.701,0.0111,1.0,,0.0,16.5535,8.7134,0.0,1.431881,1.37567,0.0,12.429873,11.941912,,,,,no_data,no_data,no_data
DTXSID1022265,15972-60-8,Alachlor,269.8,3.518,0.1332,1.0,,62.9,55.9291,88.471,1.498437,1.498242,1.498888,9.702677,9.701417,9.705601,,,,,no_data,no_data,no_data
DTXSID0039223,116-06-3,Aldicarb,190.3,1.129,0.4809,0.0839766700006578,,0.0,59.4497,3.2316,0.0,1.499542,1.49161,0.0,0.575132,0.57209,,,,,no_data,no_data,no_data
DTXSID1023869,834-12-8,Ametryn,227.3,2.979,0.003952,1.0,,14.7,0.0145,23.8711,1.303819,0.009769,1.372799,7.112593,0.053294,7.488892,,,,,no_data,no_data,no_data
DTXSID5023871,33089-61-1,Amitraz,293.4,5.495,1e-06,1.0,,33.3,8.8203,46.121,0.413793,0.137484,0.518083,2.913763,0.968105,3.648134,,,,,no_data,no_data,no_data
DTXSID9020089,101-05-3,Anilazine,275.5,3.878,0.005,1.09564196580531,,22.5,0.0009,26.2939,1.391853,0.000772,1.406484,10.083118,0.005591,10.189114,,,,,no_data,no_data,no_data
DTXSID9020112,1912-24-9,Atrazine,215.7,2.611,0.1237,1.0,,0.0,0.0005,0.0002,0.0,0.010539,0.004233,0.0,0.054558,0.021915,,,,,no_data,no_data,no_data
DTXSID3020122,86-50-0,Azinphos-methyl,317.3,2.749,0.2137,1.0,,32.63,0.7968,18.3312,1.498122,1.426756,1.49666,11.408499,10.865035,11.397368,,,,,no_data,no_data,no_data
DTXSID0032520,131860-33-8,Azoxystrobin,403.4,2.503,0.04763,1.0,,32.39,1.4195,1.8204,1.491549,1.328271,1.362626,14.440579,12.859785,13.192404,,,,,no_data,no_data,no_data
DTXSID9032327,22781-23-3,Bendiocarb,223.2,1.702,0.1971,1.0,,21.66,14.9083,4.2504,1.496935,1.495551,1.48451,8.018781,8.011368,7.952225,,,,,no_data,no_data,no_data
DTXSID7024164,83055-99-6,Bensulfuron-methyl,410.4,2.289,0.00905,1.0,,1.65,3.5345,3.6988,0.946143,1.178066,1.189405,9.319125,11.603478,11.715164,,,,,no_data,no_data,no_data
DTXSID9032329,741-58-2,Bensulide,397.5,4.209,0.006078,1.0,,250.3,52.5189,6.1445,1.491431,1.460019,1.2155,14.228247,13.928579,11.595873,,,,,no_data,no_data,no_data
DTXSID0023901,25057-89-0,Bentazone,240.3,2.337,0.02147,1.0,,0.0,10.614,0.9474,0.0,1.444588,1.04914,0.0,8.331226,6.050599,,,,,no_data,no_data,no_data
DTXSID5032525,149877-41-8,Bifenazate,300.4,3.165,0.836,1.0,,41.15,7.4147,43.3512,1.499619,1.497888,1.499638,10.811653,10.799171,10.811792,,,,,no_data,no_data,no_data
DTXSID9020160,82657-04-3,Bifenthrin,422.9,6.186,0.005,1.0,,0.0,33.9728,5.4331,0.0,1.426587,1.134835,0.0,14.479291,11.518122,,,,,no_data,no_data,no_data
DTXSID7020182,80-05-7,Bisphenol-a,228.3,3.32,0.0385,0.146589977600508,,19.9,26.372,17.1798,1.483079,1.487196,1.480435,1.191203,1.19451,1.189079,,,,,no_data,no_data,no_data
DTXSID6034392,188425-85-6,Boscalid,343.2,2.961,0.03201,1.0,,17.28,1.9707,6.3801,1.476664,1.317443,1.438433,12.162986,10.851511,11.848082,,,,,no_data,no_data,no_data
DTXSID4022020,314-40-9,Bromacil,261.1,2.109,0.0852,1.0,,0.0,9.1484,3.4453,0.0,1.483364,1.456623,0.0,9.295355,9.127785,,,,,no_data,no_data,no_data
DTXSID3022162,1689-84-5,Bromoxynil,276.9,2.625,0.5001,1.0,,7.866,14.6173,12.3796,1.496674,1.498208,1.497885,9.946298,9.956494,9.954345,,,,,no_data,no_data,no_data
DTXSID8034401,69327-76-0,Buprofezin,305.4,4.299,0.0003605,1.0,,18.47,17.7776,35.0152,0.648562,0.634534,0.886269,4.753698,4.650878,6.496,,,,,no_data,no_data,no_data
DTXSID3034402,23184-66-9,Butachlor,311.8,4.497,0.005,1.0,,100.8,51.1293,11.5434,1.474428,1.450407,1.302705,11.033439,10.853683,9.748401,,,,,no_data,no_data,no_data
DTXSID3032337,33629-47-9,Butralin,295.3,4.929,0.005,1.0,,31.35,10.1499,6.9242,1.42077,1.279598,1.19762,10.06928,9.068766,8.487771,,,,,no_data,no_data,no_data
DTXSID7023936,2008-41-5,Butylate,217.4,4.149,0.005,1.0,,52.51,88.599,0.0202,1.451669,1.470974,0.017134,7.574226,7.674956,0.089396,,,,,no_data,no_data,no_data
DTXSID9020247,63-25-2,Carbaryl,201.2,2.358,0.6922,1.0,,27.27,13.2268,3.6825,1.499306,1.498569,1.494874,7.239847,7.236291,7.218446,,,,,no_data,no_data,no_data
DTXSID0023951,5234-68-4,Carboxin,235.3,2.14,0.175,1.0,,24.41,30.2718,10.4882,1.496937,1.497529,1.49289,8.453502,8.456846,8.430649,,,,,no_data,no_data,no_data
DTXSID2032344,54593-83-8,Chlorethoxyfos,336.0,4.588,0.00394,1.0,,617.0,76.1093,13.8251,1.494626,1.457513,1.292573,12.052661,11.753388,10.423311,,,,,no_data,no_data,no_data
DTXSID3034872,1698-60-8,Chloridazon,221.6,1.172,0.4273,1.0,,0.0,0.1478,4.2627,0.0,1.317628,1.492836,0.0,7.00767,7.939498,,,,,no_data,no_data,no_data
DTXSID7020764,101-21-3,Chlorpropham,213.7,3.507,0.0833,1.0,,78.1,14.6936,0.0165,1.497987,1.489363,0.203809,7.682877,7.638647,1.045297,,,,,no_data,no_data,no_data
DTXSID6032352,5598-13-0,Chlorpyrifos-methyl,322.5,4.31,0.005,1.0,,24.1,4.4946,13.286,1.398547,1.079939,1.325573,10.824755,8.358729,10.259936,,,,,no_data,no_data,no_data
DTXSID3034456,87818-31-3,Cinmethylin,274.4,4.62,0.005,1.0,,28.17,26.9761,15.8434,1.412349,1.408705,1.350931,9.301163,9.27717,8.896688,,,,,no_data,no_data,no_data
DTXSID9023881,74115-24-5,Clofentezine,303.2,3.1,0.005,1.0,,0.0,0.0028,21.5234,0.0,0.002399,1.387315,0.0,0.017454,10.09521,,,,,no_data,no_data,no_data
DTXSID1032355,81777-89-1,Clomazone,239.7,2.498,0.1734,1.0,,3.038,22.2671,2.0635,1.475516,1.496612,1.464229,8.488349,8.609708,8.423417,,,,,no_data,no_data,no_data
DTXSID9034232,101-10-0,Cloprop,200.6,2.542,0.02239,1.0,,0.0,21.7464,1.2519,0.0,1.473546,1.143421,0.0,7.094238,5.504884,,,,,no_data,no_data,no_data
DTXSID2034465,210880-92-5,Clothianidin,249.7,0.7017,0.5059,1.0,,10.73,1.7786,7.3753,1.497588,1.485568,1.496494,8.974748,8.902712,8.96819,,,,,no_data,no_data,no_data
DTXSID2020347,56-72-4,Coumaphos,362.8,4.128,1e-06,1.0,,31.7,38.9654,31.508,0.399202,0.462486,0.397425,3.475933,4.026962,3.460458,,,,,no_data,no_data,no_data
DTXSID1023990,21725-46-2,Cyanazine,240.7,2.221,0.3155,1.0,,0.0,0.0031,2.7553,0.0,0.150944,1.485067,0.0,0.871975,8.578934,,,,,no_data,no_data,no_data
DTXSID5032600,113136-77-9,Cyclanilide,274.1,2.683,0.984,1.0,,0.0,14.9825,17.0662,0.0,1.499111,1.49922,0.0,9.861753,9.862466,,,,,no_data,no_data,no_data
DTXSID6032356,1134-23-2,Cycloate,215.4,3.924,0.005,1.0,,34.48,104.3917,0.0234,1.427615,1.475293,0.019812,7.380199,7.626676,0.10242,,,,,no_data,no_data,no_data
DTXSID0032601,94361-06-5,Cyproconazole,291.8,2.902,0.1086,1.0,,1.538,0.1596,7.011,1.425402,0.997124,1.482975,9.982378,6.983061,10.385568,,,,,no_data,no_data,no_data
DTXSID1032359,121552-61-2,Cyprodinil,225.3,3.998,0.002141,1.0,,37.77,0.2019,19.8494,1.353673,0.070682,1.244102,7.319581,0.382191,6.727111,,,,,no_data,no_data,no_data
DTXSID6023999,66215-27-8,Cyromazine,166.2,0.8033,0.9352,1.0,,0.0,0.0,4.5469,0.0,0.0,1.496923,0.0,0.0,5.970926,,,,,no_data,no_data,no_data
DTXSID8035180,584-79-2,"D-cis,trans-allethrin",302.4,4.78,0.2902,1.0,,0.0,62.1808,23.443,0.0,1.499274,1.498075,0.0,10.881129,10.87243,,,,,no_data,no_data,no_data
DTXSID7024902,533-74-4,Dazomet,162.3,0.6304,0.8914,1.0,,12.42,170.7806,3.9811,1.498817,1.499914,1.496314,5.83819,5.842465,5.828443,,,,,no_data,no_data,no_data
DTXSID9020407,333-41-5,Diazinon,304.3,3.809,0.0388,1.0,,30.5,3.9655,16.3174,1.489001,1.419362,1.479572,10.874475,10.365887,10.80561,,,,,no_data,no_data,no_data
DTXSID5037523,962-58-3,Diazoxon,288.3,2.072,0.3269,1.0,,34.62,3.003,5.4731,1.498842,1.486761,1.492707,10.37079,10.287199,10.328339,,,,,no_data,no_data,no_data
DTXSID4024018,1918-00-9,Dicamba,221.0,2.212,0.1802,1.0,,0.0,27.4707,1.6791,0.0,1.497356,1.457882,0.0,7.941976,7.732607,,,,,no_data,no_data,no_data
DTXSID5032365,1194-65-6,Dichlobenil,172.0,2.741,0.06222,1.0,,0.0,6.1354,6.9505,0.0,1.466422,1.470281,0.0,6.053388,6.069322,,,,,no_data,no_data,no_data
DTXSID2020426,99-30-9,Dichloran,207.0,2.799,0.005,1.0,,0.0,6.2938,0.0035,0.0,1.173917,0.002997,0.0,5.832019,0.014889,,,,,no_data,no_data,no_data
DTXSID0020440,120-36-5,Dichlorprop,235.1,2.827,0.008529,1.0,,0.0,19.2687,3.8218,0.0,1.424246,1.182808,0.0,8.036163,6.673876,,,,,no_data,no_data,no_data
DTXSID0032605,51338-27-3,Diclofop-methyl,341.2,4.709,0.005,1.0,,0.0,19.0842,7.9532,0.0,1.374121,1.229692,0.0,11.252398,10.069704,,,,,no_data,no_data,no_data
DTXSID4034528,145701-21-9,Diclosulam,406.2,2.52,0.00648,1.0,,3.442,0.0729,3.6988,1.077655,0.076906,1.099141,10.50584,0.749744,10.715307,,,,,no_data,no_data,no_data
DTXSID4020450,115-32-2,Dicofol,370.5,5.024,1e-06,1.0,,27.8,12.9362,15.5286,0.36194,0.193369,0.226274,3.218367,1.719433,2.012027,,,,,no_data,no_data,no_data
DTXSID9023914,141-66-2,Dicrotophos,237.2,0.0002994,0.8457,1.0,,0.0,131.6585,1.9308,0.0,1.499882,1.492013,0.0,8.53853,8.493731,,,,,no_data,no_data,no_data
DTXSID5020607,117-81-7,Diethylhexyl phthalate (dehp),390.6,7.525,0.04558,1.0,,0.0,35.3195,8.7529,0.0,1.491899,1.467839,0.0,13.98566,13.760112,,,,,no_data,no_data,no_data
DTXSID2021995,134-62-3,Diethyltoluamide,191.3,2.184,0.3559,1.0,,3.797,45.0782,5.2589,1.49036,1.499183,1.493027,6.842539,6.88305,6.854786,,,,,no_data,no_data,no_data
DTXSID4032372,119446-68-3,Difenoconazole,406.3,4.297,0.0115,1.0,,30.6,0.3403,7.3515,1.463643,0.463873,1.35944,14.272274,4.523316,13.256176,,,,,no_data,no_data,no_data
DTXSID6024048,43222-48-6,Difenzoquat metilsulfate,360.4,0.5632,0.8513,1.0,,0.0,7.3359,24.3797,0.0,1.497903,1.499369,0.0,12.956265,12.968938,,,,,no_data,no_data,no_data
DTXSID4032376,87674-68-8,Dimethenamid,275.8,2.15,0.2318,1.0,,19.92,73.3586,6.4031,1.497166,1.499229,1.491218,9.910039,9.923699,9.870668,,,,,no_data,no_data,no_data
DTXSID7020479,60-51-5,Dimethoate,229.2,0.7805,0.9649,1.0,,3.682,166.6911,12.0086,1.496318,1.499918,1.498869,8.230948,8.250752,8.24498,,,,,no_data,no_data,no_data
DTXSID7034545,110488-70-5,Dimethomorph,387.9,2.68,0.09428,1.0,,20.3,29.6553,5.0473,1.49318,1.495325,1.472943,13.900911,13.920877,13.712509,,,,,no_data,no_data,no_data
DTXSID3022455,131-11-3,Dimethyl phthalate,194.2,1.584,0.656,1.0,,0.0,51.7541,5.6101,0.0,1.499614,1.496446,0.0,6.9894,6.974634,,,,,no_data,no_data,no_data
DTXSID2040363,83657-24-3,Diniconazole,326.2,4.297,0.01947,1.0,,0.0,0.2081,6.5819,0.0,0.47507,1.404216,0.0,3.719232,10.99333,,,,,no_data,no_data,no_data
DTXSID4021975,122-39-4,Diphenylamine,169.2,3.499,0.003875,1.0,,64.57,2.4752,0.0453,1.449365,0.78478,0.029529,5.885582,3.186834,0.119912,,,,,no_data,no_data,no_data
DTXSID9032379,97886-45-8,Dithiopyr,401.4,4.749,0.005,1.0,,13.25,65.9659,7.9532,1.325154,1.461273,1.229692,12.766008,14.077318,11.846363,,,,,no_data,no_data,no_data
DTXSID0020446,330-54-1,Diuron,233.1,2.678,0.1615,1.0,,12.15,17.6115,10.1101,1.493347,1.495404,1.492012,8.354383,8.365889,8.346914,,,,,no_data,no_data,no_data
DTXSID0034566,155569-91-8,Emamectin benzoate,1008.0,5.0,0.001379,1.0,,0.0,27.9234,8.0892,0.0,1.222486,0.840987,0.0,29.574376,20.345169,,,,,no_data,no_data,no_data
DTXSID1020560,115-29-7,Endosulfan,406.9,3.828,0.11,1.0,,0.0,29.5772,43.7334,0.0,1.495981,1.497279,0.0,14.609149,14.621831,,,,,no_data,no_data,no_data
DTXSID1024091,759-94-4,Eptc,189.3,3.21,0.005,1.0,,80.36,115.5894,0.0167,1.468062,1.477651,0.014193,6.669699,6.713264,0.064482,,,,,no_data,no_data,no_data
DTXSID4032667,66230-04-4,Esfenvalerate,419.9,6.2,1e-06,1.0,,0.0,20.1433,15.5286,0.0,0.280923,0.226274,0.0,2.831032,2.280297,,,,,no_data,no_data,no_data
DTXSID8032386,55283-68-6,Ethalfluralin,333.3,5.11,0.005,1.0,,0.0,26.2321,6.5477,0.0,1.406278,1.183897,0.0,11.249098,9.470227,,,,,no_data,no_data,no_data
DTXSID9034573,97780-06-8,Ethametsulfuron methyl,410.4,1.59,0.01566,1.0,,0.0,0.4835,3.7621,0.0,0.696224,1.306197,0.0,6.85753,12.865518,,,,,no_data,no_data,no_data
DTXSID8034580,26225-79-6,Ethofumesate,286.3,2.703,0.1313,1.0,,17.64,31.266,10.4051,1.49436,1.496813,1.490464,10.268048,10.2849,10.241274,,,,,no_data,no_data,no_data
DTXSID4032611,13194-48-4,Ethoprop,242.3,3.588,0.09346,1.0,,20.95,106.3165,10.5756,1.493333,1.498682,1.48685,8.684031,8.715133,8.646333,,,,,no_data,no_data,no_data
DTXSID8034586,153233-91-1,Etoxazole,359.4,3.762,0.005,1.0,,18.48,14.0088,12.5979,1.370361,1.333574,1.317207,11.820183,11.502879,11.3617,,,,,no_data,no_data,no_data
DTXSID3032547,2593-15-9,Etridiazole,247.5,3.368,0.005,1.0,,127.0,0.0818,24.8691,1.479632,0.067047,1.401479,8.789013,0.398261,8.324783,,,,,no_data,no_data,no_data
DTXSID2034590,161326-34-7,Fenamidone,311.4,2.747,0.02436,1.0,,17.74,4.2325,2.9686,1.47026,1.382767,1.338237,10.988137,10.33425,10.001451,,,,,no_data,no_data,no_data
DTXSID3024102,22224-92-6,Fenamiphos,303.4,3.23,0.04138,1.0,,62.11,37.9238,17.9963,1.494916,1.491691,1.482597,10.885378,10.861897,10.795679,,,,,no_data,no_data,no_data
DTXSID2032390,60168-88-9,Fenarimol,331.2,3.59,0.03671,1.0,,3.788,0.2937,18.8907,1.411286,0.828387,1.481328,11.218026,6.584684,11.774779,,,,,no_data,no_data,no_data
DTXSID8032548,114369-43-6,Fenbuconazole,336.8,3.229,0.0188,1.0,,21.7,0.3271,9.2757,1.468534,0.61946,1.428399,11.870455,5.007221,11.546035,,,,,no_data,no_data,no_data
DTXSID3032549,126833-17-8,Fenhexamid,302.2,3.513,0.05719,1.0,,35.27,20.3408,23.3185,1.493528,1.488813,1.490232,10.832257,10.798061,10.808354,,,,,no_data,no_data,no_data
DTXSID4032613,122-14-5,Fenitrothion,277.2,3.301,0.005,1.0,,10.02,40.7091,33.4157,1.277165,1.438235,1.425424,8.496724,9.56829,9.483063,,,,,no_data,no_data,no_data
DTXSID2032392,66441-23-4,Fenoxaprop-ethyl,361.8,4.579,0.005,1.0,,0.0,3.1605,7.9532,0.0,0.965775,1.229692,0.0,8.386018,10.677664,,,,,no_data,no_data,no_data
DTXSID7032393,72490-01-8,Fenoxycarb,301.3,4.297,0.00327,1.0,,23.1,19.11,19.0346,1.344421,1.315924,1.315285,9.72178,9.515712,9.511088,,,,,no_data,no_data,no_data
DTXSID8020620,55-38-9,Fenthion,278.3,4.09,0.02203,1.0,,87.2,79.5505,6.0724,1.493205,1.492555,1.407997,9.973418,9.969075,9.404295,,,,,no_data,no_data,no_data
DTXSID4034609,120068-37-3,Fipronil,437.1,3.998,0.0461,1.0,,0.0,2.9137,13.3451,0.0,1.408349,1.478986,0.0,14.774142,15.515151,,,,,no_data,no_data,no_data
DTXSID0034855,79241-46-6,Fluazifop-p-butyl,383.4,4.5,0.005,1.0,,234.4,8.8529,8.9966,1.488895,1.252633,1.255941,13.700218,11.526226,11.556667,,,,,no_data,no_data,no_data
DTXSID7032551,79622-59-6,Fluazinam,465.1,4.01,0.004357,0.41862821387355,,24.76,2.6172,11.9128,1.387568,0.849105,1.283794,6.48396,3.967779,5.999035,,,,,no_data,no_data,no_data
DTXSID2032398,131341-86-1,Fludioxonil,248.2,4.116,0.003583,1.0,,37.05,1.0574,19.6163,1.407331,0.453554,1.334082,8.383188,2.70173,7.946861,,,,,no_data,no_data,no_data
DTXSID2032552,142459-58-3,Flufenacet,363.3,3.2,0.1375,2.2664056276609,,29.0,2.8318,66.0045,1.496719,1.467065,1.498557,29.577028,28.991029,29.613344,,,,,no_data,no_data,no_data
DTXSID7032553,62924-70-3,Flumetralin,421.7,5.447,0.005,1.0,,0.0,19.3323,5.4331,0.0,1.375602,1.134835,0.0,13.922193,11.485439,,,,,no_data,no_data,no_data
DTXSID4032615,98967-40-9,Flumetsulam,325.3,1.61,0.01727,1.0,,7.521,0.0625,2.2749,1.405417,0.164863,1.226999,10.972375,1.287121,9.579429,,,,,no_data,no_data,no_data
DTXSID7032555,103361-09-7,Flumioxazin,354.3,2.549,0.02807,1.0,,8.336,21.1037,2.041,1.445982,1.478188,1.301432,12.295476,12.569325,11.066334,,,,,no_data,no_data,no_data
DTXSID8020628,2164-17-2,Fluometuron,232.2,2.421,0.2589,1.0,,10.06,31.3083,3.2571,1.494983,1.498384,1.484611,8.331239,8.350195,8.273438,,,,,no_data,no_data,no_data
DTXSID2034625,361377-29-9,Fluoxastrobin,458.8,4.011,0.0362,1.0,,16.35,1.0992,12.7174,1.478169,1.229832,1.47205,16.276416,13.541923,16.209032,,,,,no_data,no_data,no_data
DTXSID2034627,69377-81-7,Fluroxypyr,255.0,1.677,0.09194,1.0,,1.791,4.6371,36.3936,1.424386,1.469863,1.496092,8.717243,8.995562,9.15608,,,,,no_data,no_data,no_data
DTXSID5034303,81406-37-3,Fluroxypyr-meptyl,367.2,4.529,0.005,1.0,,0.0,10.3931,8.9966,0.0,1.284013,1.255941,0.0,11.315747,11.068357,,,,,no_data,no_data,no_data
DTXSID3024235,85509-19-9,Flusilazole,315.4,3.701,0.02893,1.0,,6.959,0.2524,6.7063,1.437582,0.682713,1.435331,10.881919,5.167866,10.864883,,,,,no_data,no_data,no_data
DTXSID8024109,66332-96-5,Flutolanil,323.3,3.702,0.01882,1.0,,14.17,16.8715,8.7665,1.452393,1.459812,1.424526,11.26941,11.326972,11.053181,,,,,no_data,no_data,no_data
DTXSID7034753,173159-57-4,Foramsulfuron,452.4,0.7454,0.0649,1.0,,0.0,3.5766,12.2092,0.0,1.445563,1.483633,0.0,15.695343,16.108694,,,,,no_data,no_data,no_data
DTXSID1034634,68157-60-8,Forchlorfenuron,247.7,3.199,0.02755,1.0,,26.87,0.653,6.3931,1.482494,1.009495,1.429076,8.813133,6.001246,8.495568,,,,,no_data,no_data,no_data
DTXSID4032405,23422-53-9,Formetanate hydrochloride,257.7,-0.4626,0.8853,1.0,,13.72,11.7563,2.8538,1.498921,1.498741,1.494828,9.270528,9.269415,9.245213,,,,,no_data,no_data,no_data
DTXSID0034930,98886-44-3,Fosthiazate,283.3,1.681,0.4599,1.0,,0.0,83.3035,78.697,0.0,1.499658,1.499638,0.0,10.196474,10.196337,,,,,no_data,no_data,no_data
DTXSID9034650,100784-20-1,Halosulfuron-methyl,434.8,-0.01661,0.009462,1.0,,0.0,1.1166,14.8814,0.0,0.820857,1.412324,0.0,8.56581,14.737882,,,,,no_data,no_data,no_data
DTXSID4034653,79983-71-4,Hexaconazole,314.2,3.899,0.041,1.0,,16.22,0.1314,18.1787,1.480539,0.571965,1.482612,11.164451,4.313075,11.180079,,,,,no_data,no_data,no_data
DTXSID4024145,51235-04-2,Hexazinone,252.3,1.849,0.613,1.0,,6.361,4.4065,30.8901,1.496645,1.495162,1.499308,9.062484,9.053502,9.078609,,,,,no_data,no_data,no_data
DTXSID7024299,78587-05-0,Hexythiazox,352.9,2.905,0.005,1.0,,110.4,39.0208,7.515,1.476617,1.435677,1.216905,12.506354,12.159612,10.306701,,,,,no_data,no_data,no_data
DTXSID0034227,119515-38-7,Icaridin,229.3,2.534,0.2842,1.0,,12.56,41.5648,2.847,1.496336,1.498891,1.483968,8.234635,8.248696,8.166573,,,,,no_data,no_data,no_data
DTXSID8024151,35554-44-0,Imazalil,297.2,3.818,0.02956,1.0,,0.0,1.108,5.9847,0.0,1.184003,1.429373,0.0,8.445258,10.19543,,,,,no_data,no_data,no_data
DTXSID3034664,114311-32-9,Imazamox,305.3,0.7307,0.4548,1.0,,0.0,1.6182,12.872,0.0,1.482393,1.497764,0.0,10.86179,10.974413,,,,,no_data,no_data,no_data
DTXSID5034270,104098-48-8,Imazapic,275.3,2.464,0.5468,1.0,,0.0,1.2471,13.8853,0.0,1.481015,1.498275,0.0,9.785364,9.899403,,,,,no_data,no_data,no_data
DTXSID8034665,81334-34-1,Imazapyr,261.3,0.2237,0.9231,1.0,,0.0,0.775,15.3104,0.0,1.481893,1.499073,0.0,9.293249,9.400986,,,,,no_data,no_data,no_data
DTXSID3024152,81335-37-7,Imazaquin,311.3,1.861,0.1513,1.0,,2.457,0.997,3.6503,1.465539,1.417839,1.476629,10.949335,10.592957,11.03219,,,,,no_data,no_data,no_data
DTXSID3024287,81335-77-5,Imazethapyr,289.3,1.446,0.2895,1.0,,2.351,1.3683,64.7717,1.48098,1.467614,1.499301,10.282737,10.189938,10.409947,,,,,no_data,no_data,no_data
DTXSID5032442,138261-41-3,Imidacloprid,255.7,0.5735,0.6559,1.0,,2.807,4.6468,3.9951,1.492912,1.49571,1.495013,9.161702,9.178875,9.174595,,,,,no_data,no_data,no_data
DTXSID1032690,173584-44-6,Indoxacarb,527.8,4.647,0.005,1.0,,31.36,17.6015,8.1037,1.420794,1.364475,1.233822,17.99748,17.284076,15.629064,,,,,no_data,no_data,no_data
DTXSID2034673,144550-36-7,Iodosulfuron-methyl-sodium,529.2,1.881,0.006681,1.0,,5.691,1.4038,4.6623,1.219609,0.776388,1.1713,15.490007,9.860745,14.876442,,,,,no_data,no_data,no_data
DTXSID3024154,36734-19-7,Iprodione,330.2,2.998,0.005,1.0,,11.7,13.7091,20.4259,1.305002,1.330348,1.381737,10.341883,10.542738,10.949991,,,,,no_data,no_data,no_data
DTXSID7034676,42509-80-8,Isazofos,313.7,3.819,0.06539,1.0,,19.53,0.4195,20.1036,1.489803,1.137516,1.490092,11.216426,8.564134,11.218602,,,,,no_data,no_data,no_data
DTXSID8024159,82558-50-7,Isoxaben,332.4,3.94,0.0718,1.0,,17.7,3.4623,16.8029,1.489753,1.449047,1.48921,11.884655,11.55992,11.880322,,,,,no_data,no_data,no_data
DTXSID5034723,141112-29-0,Isoxaflutole,359.3,2.322,0.01655,1.0,,20.42,9.0042,3.3557,1.46218,1.416888,1.296013,12.608671,12.218104,11.17578,,,,,no_data,no_data,no_data
DTXSID7024160,77501-63-4,Lactofen,461.8,4.808,0.005,1.0,,0.0,25.7835,8.1037,0.0,1.404751,1.233822,0.0,15.569134,13.674691,,,,,no_data,no_data,no_data
DTXSID2020686,58-89-9,Lindane,290.8,3.719,0.0165,1.0,,0.0,37.9017,14.8425,0.0,1.479323,1.448306,0.0,10.324489,10.108015,,,,,no_data,no_data,no_data
DTXSID2024163,330-55-2,Linuron,249.1,3.198,0.1051,1.0,,33.05,18.9125,10.5656,1.496235,1.493432,1.488284,8.94509,8.928336,8.89756,,,,,no_data,no_data,no_data
DTXSID4020791,121-75-5,Malathion,330.4,2.359,0.145,1.0,,368.0,143.043,9.6966,1.499754,1.499368,1.490732,11.892452,11.889389,11.820908,,,,,no_data,no_data,no_data
DTXSID4024195,94-74-6,Mcpa,200.6,3.243,0.01797,1.0,,0.0,30.3164,0.0136,0.0,1.476312,0.040797,0.0,7.107557,0.196413,,,,,no_data,no_data,no_data
DTXSID6034712,208465-21-8,Mesosulfuron-methyl,503.5,1.014,0.005,1.0,,5.452,5.9996,38.8228,1.135794,1.161535,1.435363,13.72493,14.035987,17.34493,,,,,no_data,no_data,no_data
DTXSID7032424,104206-82-8,Mesotrione,339.3,0.783,0.3548,1.0,,0.0,47.8961,11.8627,0.0,1.499229,1.496891,0.0,12.20852,12.189484,,,,,no_data,no_data,no_data
DTXSID6024175,57837-19-1,Metalaxyl,279.3,1.65,0.7306,1.0,,0.0,74.0867,78.9997,0.0,1.499758,1.499773,0.0,10.053176,10.053277,,,,,no_data,no_data,no_data
DTXSID5020819,950-37-8,Methidathion,302.3,2.199,0.2685,1.0,,3.924,13.7457,14.6926,1.487657,1.496456,1.496684,10.793253,10.857086,10.858739,,,,,no_data,no_data,no_data
DTXSID9020827,72-43-5,Methoxychlor,345.6,5.08,0.0171,1.0,,12.5,30.983,3.8311,1.441068,1.475653,1.323416,11.952793,12.239659,10.976943,,,,,no_data,no_data,no_data
DTXSID3032628,161050-58-4,Methoxyfenozide,368.5,3.699,0.06119,1.0,,16.2,41.5937,16.0327,1.486888,1.494866,1.486753,13.150041,13.220594,13.148841,,,,,no_data,no_data,no_data
DTXSID1020855,298-00-0,Methyl parathion,263.2,2.862,0.02832,1.0,,14.19,32.0826,3.4534,1.468067,1.485706,1.376932,9.273484,9.38491,8.697802,,,,,no_data,no_data,no_data
DTXSID4022448,51218-45-2,Metolachlor,283.8,3.131,0.1773,1.0,,35.37,54.4804,52.6801,1.497912,1.498644,1.498597,10.202579,10.207563,10.207247,,,,,no_data,no_data,no_data
DTXSID6024204,21087-64-9,Metribuzin,214.3,1.7,0.4787,1.0,,1.067,0.1694,3.9788,1.474761,1.354042,1.493147,7.584992,6.964107,7.679555,,,,,no_data,no_data,no_data
DTXSID6023864,74223-64-6,Metsulfuron-methyl,381.4,2.199,0.08599,1.0,,2.319,0.9679,6.364,1.437008,1.357435,1.476417,13.153798,12.425412,13.514528,,,,,no_data,no_data,no_data
DTXSID2032683,7786-34-7,Mevinphos,224.1,0.1298,0.674,1.0,,4.7,108.7098,0.4348,1.495872,1.499821,1.456554,8.045399,8.066638,7.833929,,,,,no_data,no_data,no_data
DTXSID6032562,113-48-4,Mgk,275.4,3.7,0.005,1.0,,0.0,41.0033,33.4157,0.0,1.43866,1.425424,0.0,9.508968,9.421484,,,,,no_data,no_data,no_data
DTXSID6024206,2212-67-1,Molinate,187.3,3.209,0.09714,1.0,,0.0,101.8582,0.0077,0.0,1.498676,0.118236,0.0,6.736848,0.531493,,,,,no_data,no_data,no_data
DTXSID4040002,131-70-4,Monobutyl phthalate,222.2,2.372,0.2077,1.0,,0.0,35.8551,0.0079,0.0,1.498241,0.237066,0.0,7.989822,1.264228,,,,,no_data,no_data,no_data
DTXSID8024315,88671-89-0,Myclobutanil,288.8,2.94,0.08429,1.0,,16.4,0.1616,23.6403,1.490574,0.913667,1.493449,10.331469,6.332808,10.351391,,,,,no_data,no_data,no_data
DTXSID5024211,15299-99-7,Napropamide,271.4,3.358,0.005,1.0,,15.15,23.2244,33.4157,1.344814,1.39499,1.425424,8.759578,9.086407,9.284643,,,,,no_data,no_data,no_data
DTXSID7040362,50-65-7,Niclosamide,327.1,3.748,0.005,1.0,,12.0,10.2181,15.2851,1.309257,1.280854,1.346045,10.278194,10.055217,10.566988,,,,,no_data,no_data,no_data
DTXSID8024234,27314-13-2,Norflurazon,303.7,2.378,0.1841,1.0,,11.09,0.6881,17.1792,1.493605,1.403176,1.495866,10.88659,10.227473,10.903065,,,,,no_data,no_data,no_data
DTXSID8024238,19044-88-3,Oryzalin,346.4,3.725,0.004802,1.0,,20.2,23.6673,13.6128,1.376001,1.392869,1.323075,11.43952,11.579759,10.999517,,,,,no_data,no_data,no_data
DTXSID3024239,19666-30-9,Oxadiazon,345.2,4.798,0.00364,1.0,,0.0,0.8617,11.3945,0.0,0.396106,1.238897,0.0,3.281656,10.264011,,,,,no_data,no_data,no_data
DTXSID6021086,23135-22-0,Oxamyl,219.3,-0.4706,0.7926,1.0,,0.0,224.1133,0.3816,0.0,1.499926,1.457866,0.0,7.894412,7.673042,,,,,no_data,no_data,no_data
DTXSID4034364,144651-06-9,Oxasulfuron,406.4,1.101,0.06084,1.0,,3.107,5.0224,12.9544,1.433702,1.458283,1.483546,13.983753,14.223507,14.469915,,,,,no_data,no_data,no_data
DTXSID7024241,42874-03-3,Oxyfluorfen,361.7,4.73,0.1218,1.0,,0.0,14.6108,34.9399,0.0,1.492668,1.496925,0.0,12.957553,12.994509,,,,,no_data,no_data,no_data
DTXSID4023412,6153-64-6,Oxytetracycline dihydrate,496.5,-3.97,0.3982,1.0,,0.0,38.9057,4.5925,0.0,1.499154,1.492864,0.0,17.863921,17.78897,,,,,no_data,no_data,no_data
DTXSID2024242,76738-62-0,Paclobutrazol,293.8,3.202,0.1538,1.0,,7.14,0.2423,88.0347,1.488154,1.215002,1.499032,10.493272,8.567224,10.569976,,,,,no_data,no_data,no_data
DTXSID7021100,56-38-2,Parathion,291.3,3.83,0.04,1.0,,6.65,29.4683,19.7734,1.452276,1.488958,1.483604,10.153149,10.409604,10.372169,,,,,no_data,no_data,no_data
DTXSID7024245,40487-42-1,Pendimethalin,281.3,5.198,0.005,1.0,,7.214,16.7566,7.4331,1.207397,1.358287,1.21438,8.151382,9.170067,8.198522,,,,,no_data,no_data,no_data
DTXSID0034803,219714-96-2,Penoxsulam,483.4,2.482,0.01009,1.0,,0.0,0.4314,3.115,0.0,0.49864,1.173603,0.0,5.785026,13.615674,,,,,no_data,no_data,no_data
DTXSID8022292,52645-53-1,Permethrin,391.3,6.499,1e-06,1.0,,68.4,26.6498,15.5286,0.658483,0.350463,0.226274,6.183949,3.291273,2.124983,,,,,no_data,no_data,no_data
DTXSID9021976,122-99-6,Phenoxyethanol,138.2,1.161,0.2957,1.0,,0.0,13.1196,4.3742,0.0,1.496628,1.489931,0.0,4.964015,4.941803,,,,,no_data,no_data,no_data
DTXSID1024259,2310-17-0,Phosalone,367.8,4.38,0.00608,1.0,,25.1,17.1553,6.0714,1.418736,1.384012,1.212807,12.523466,12.216953,10.705693,,,,,no_data,no_data,no_data
DTXSID1021160,1918-02-1,Picloram,241.4,1.899,0.23,1.0,,0.0,2.5104,40.3392,0.0,1.47763,1.498588,0.0,8.560796,8.68222,,,,,no_data,no_data,no_data
DTXSID1021166,51-03-6,Piperonyl butoxide,338.4,4.745,0.005,1.0,,76.01,27.379,7.9532,1.466275,1.409968,1.229692,11.908501,11.451198,9.987069,,,,,no_data,no_data,no_data
DTXSID1032569,23103-98-2,Pirimicarb,238.3,1.698,0.1633,1.0,,22.53,9.1036,22.377,1.496445,1.491232,1.49642,8.558466,8.528652,8.558327,,,,,no_data,no_data,no_data
DTXSID0024266,29232-93-7,Pirimiphos-methyl,305.3,4.197,0.0134,1.0,,49.7,3.3012,9.4326,1.480567,1.2525,1.402974,10.84841,9.177318,10.279872,,,,,no_data,no_data,no_data
DTXSID4024270,67747-09-5,Prochloraz,376.7,4.098,0.02237,1.0,,16.4,1.9331,4.227,1.465092,1.247774,1.373069,13.245601,11.280876,12.413641,,,,,no_data,no_data,no_data
DTXSID1034210,29091-21-2,Prodiamine,350.3,4.102,0.005,1.0,,7.216,20.1564,10.9502,1.207463,1.380282,1.293488,10.151381,11.604308,10.874616,,,,,no_data,no_data,no_data
DTXSID6022341,1610-18-0,Prometon,225.3,2.991,0.0289,1.0,,8.17,0.0109,3.3269,1.44645,0.052175,1.374992,7.821246,0.282123,7.434859,,,,,no_data,no_data,no_data
DTXSID4024272,7287-19-6,Prometryn,241.4,3.511,0.005,1.0,,35.78,0.0248,25.8097,1.430123,0.020981,1.404841,8.285558,0.121554,8.139089,,,,,no_data,no_data,no_data
DTXSID6034849,25606-41-1,Propamocarb hydrochloride,224.7,0.02809,0.8435,1.0,,5.815,27.666,1.6059,1.497332,1.499438,1.490382,8.07481,8.086171,8.037334,,,,,no_data,no_data,no_data
DTXSID8022111,709-98-8,Propanil,218.1,3.071,0.0713,1.0,,11.3,11.1889,0.0147,1.483901,1.483742,0.160599,7.767329,7.766501,0.840641,,,,,no_data,no_data,no_data
DTXSID3021196,139-40-2,Propazine,229.7,2.931,0.03651,1.0,,14.6,0.0019,6.1436,1.475799,0.01181,1.443736,8.135784,0.065106,7.95903,,,,,no_data,no_data,no_data
DTXSID7032470,31218-83-4,Propetamphos,281.3,3.816,0.009787,1.0,,16.24,81.0881,10.7887,1.421805,1.483658,1.385316,9.598891,10.016473,9.352543,,,,,no_data,no_data,no_data
DTXSID7021948,114-26-1,Propoxur,209.2,1.524,0.2159,1.0,,6.899,25.3307,1.916,1.491248,1.497606,1.468959,7.48726,7.519182,7.375349,,,,,no_data,no_data,no_data
DTXSID2020420,23950-58-5,Propyzamide,256.1,3.429,0.06756,1.0,,5.4,17.6488,16.2546,1.464901,1.489083,1.488154,9.003866,9.152502,9.146792,,,,,no_data,no_data,no_data
DTXSID9034868,94125-34-5,Prosulfuron,419.4,1.891,0.005,1.0,,10.37,1.2937,7.857,1.283601,0.637929,1.226985,12.920214,6.421141,12.35034,,,,,no_data,no_data,no_data
DTXSID2032637,123312-89-0,Pymetrozine,217.2,-0.1774,0.9946,1.0,,8.611,0.0752,0.1874,1.498471,1.343038,1.432804,7.811228,7.000986,7.468921,,,,,no_data,no_data,no_data
DTXSID7032638,175013-18-0,Pyraclostrobin,387.8,3.99,0.001584,1.0,,53.93,2.1837,26.2388,1.360758,0.425276,1.239345,12.66485,3.95813,11.534827,,,,,no_data,no_data,no_data
DTXSID5032573,96489-71-3,Pyridaben,364.9,6.367,0.005,1.0,,63.93,6.4873,5.4331,1.460072,1.181578,1.134835,12.78673,10.347791,9.938432,,,,,no_data,no_data,no_data
DTXSID8034877,53112-28-0,Pyrimethanil,199.3,2.841,0.01673,1.0,,43.89,0.1523,0.0027,1.482353,0.33855,0.007711,7.090392,1.619351,0.036886,,,,,no_data,no_data,no_data
DTXSID1032640,95737-68-1,Pyriproxyfen,321.4,4.199,0.000907,1.0,,16.86,3.7874,35.0152,0.954428,0.423175,1.17625,7.362074,3.264201,9.073122,,,,,no_data,no_data,no_data
DTXSID8032673,123343-16-8,Pyrithiobac-sodium,348.7,0.6002,0.0334,1.0,,0.0,3.0008,6.5121,0.0,1.379672,1.442046,0.0,11.5462,12.068192,,,,,no_data,no_data,no_data
DTXSID6032641,84087-01-4,Quinclorac,242.1,2.772,0.02799,1.0,,0.0,1.6325,2.1522,0.0,1.259127,1.309921,0.0,7.316033,7.611166,,,,,no_data,no_data,no_data
DTXSID2034881,124495-18-7,Quinoxyfen,308.1,4.66,0.005,1.0,,0.0,1.6561,10.2047,0.0,0.729698,1.280608,0.0,5.395682,9.46933,,,,,no_data,no_data,no_data
DTXSID7022253,10453-86-8,Resmethrin,338.4,6.14,0.005,1.0,,0.0,29.9714,5.4331,0.0,1.417326,1.134835,0.0,11.510958,9.216677,,,,,no_data,no_data,no_data
DTXSID1032642,122931-48-0,Rimsulfuron,431.4,0.2909,0.6278,1.0,,0.0,1.3465,12.7646,0.0,1.484648,1.498366,0.0,15.37145,15.513478,,,,,no_data,no_data,no_data
DTXSID6021248,83-79-4,Rotenone,394.4,4.098,0.003404,1.0,,28.31,27.0798,14.8351,1.375254,1.370078,1.278665,13.017602,12.968606,12.103329,,,,,no_data,no_data,no_data
DTXSID2039336,28434-00-6,s-bioallethrin,302.4,4.78,1e-06,1.0,,45.9,62.1808,70.1238,0.516455,0.623498,0.667691,3.748226,4.5251,4.845838,,,,,no_data,no_data,no_data
DTXSID9024304,74051-80-2,Sethoxydim,327.5,4.38,0.05472,1.0,,11.87,,14.8834,1.480081,,1.484071,11.633438,,11.6648,,,,,no_data,no_data,no_data
DTXSID4021268,122-34-9,Simazine,201.7,2.18,0.2845,1.0,,6.326,0.0,3.9199,1.49275,0.0,1.488334,7.226103,0.0,7.204728,,,,,no_data,no_data,no_data
DTXSID1034212,118134-30-8,Spiroxamine,297.5,4.616,0.005446,1.0,,3.353,37.069,10.2047,1.014405,1.437746,1.296134,7.242852,10.265506,9.254393,,,,,no_data,no_data,no_data
DTXSID6032645,122836-35-5,Sulfentrazone,387.2,0.9936,0.9933,1.0,,5.715,1.5273,47.1228,1.497694,1.491407,1.49972,13.917769,13.859343,13.936597,,,,,no_data,no_data,no_data
DTXSID4034948,112410-23-8,Tebufenozide,352.5,4.247,0.03378,1.0,,22.4,37.7168,11.6898,1.48287,1.489779,1.467514,12.545076,12.603529,12.415173,,,,,no_data,no_data,no_data
DTXSID0034223,119168-77-3,Tebufenpyrad,333.9,4.61,0.005,1.0,,15.94,8.8806,9.6498,1.351745,1.253277,1.269928,10.832341,10.043264,10.176691,,,,,no_data,no_data,no_data
DTXSID1032482,96182-53-5,Tebupirimfos,318.4,3.543,0.005,1.0,,22.64,1.5767,18.2821,1.392474,0.711304,1.36908,10.640727,5.435497,10.46196,,,,,no_data,no_data,no_data
DTXSID3024316,34014-18-1,Tebuthiuron,228.3,1.788,0.4172,1.0,,5.282,0.7235,32.7502,1.494073,1.457783,1.499041,8.186327,7.987486,8.213545,,,,,no_data,no_data,no_data
DTXSID5032577,79538-32-2,Tefluthrin,418.7,2.396,0.005,1.0,,24.81,75.1045,6.2335,1.401259,1.465878,1.171453,14.080975,14.730314,11.771701,,,,,no_data,no_data,no_data
DTXSID7034252,149979-41-9,Tepraloxydim,341.8,3.688,0.3834,1.0,,3.349,,29.9549,1.489857,,1.498859,12.221598,,12.295442,,,,,no_data,no_data,no_data
DTXSID8024317,5902-51-2,Terbacil,216.7,1.89,0.1029,1.0,,2.272,6.6406,2.2984,1.445937,1.481054,1.446536,7.520029,7.702665,7.523144,,,,,no_data,no_data,no_data
DTXSID6032649,7696-12-0,Tetramethrin,331.4,4.727,0.005,1.0,,37.6,70.8559,9.6498,1.433355,1.463881,1.269928,11.40033,11.643125,10.100496,,,,,no_data,no_data,no_data
DTXSID0021337,148-79-8,Thiabendazole,201.2,2.468,0.1382,1.0,,0.0,0.0023,2.6973,0.0,0.052631,1.465631,0.0,0.254144,7.077241,,,,,no_data,no_data,no_data
DTXSID7034961,111988-49-9,Thiacloprid,252.7,0.9225,0.2857,1.0,,2.574,1.793,7.8371,1.48238,1.474833,1.494167,8.990336,8.944569,9.061823,,,,,no_data,no_data,no_data
DTXSID2034962,153719-23-4,Thiamethoxam,291.7,-0.1191,0.8286,1.0,,0.0,2.475,2.8538,0.0,1.493634,1.494475,0.0,10.45663,10.462524,,,,,no_data,no_data,no_data
DTXSID1032488,117718-60-2,Thiazopyr,396.4,3.889,0.01139,1.0,,41.5,23.0125,8.4577,1.472764,1.451591,1.375213,14.011292,13.809851,13.08323,,,,,no_data,no_data,no_data
DTXSID0032651,51707-55-2,Thidiazuron,220.2,1.769,0.02837,1.0,,0.0,0.0236,2.8108,0.0,0.106718,1.351816,0.0,0.563982,7.144076,,,,,no_data,no_data,no_data
DTXSID6024337,28249-77-6,Thiobencarb,257.8,3.4,1e-06,1.0,,233.0,66.5337,160.2704,1.090781,0.648282,0.970618,6.748881,4.011048,6.005409,,,,,no_data,no_data,no_data
DTXSID1024338,23564-05-8,Thiophanate-methyl,342.4,1.4,0.427,1.0,,2.469,39.5608,57.917,1.487665,1.499224,1.49947,12.225038,12.320025,12.322045,,,,,no_data,no_data,no_data
DTXSID3023897,43121-43-3,Triadimefon,293.8,2.771,0.1142,1.0,,14.59,0.334,6.4828,1.492172,1.220334,1.482496,10.521601,8.604817,10.453375,,,,,no_data,no_data,no_data
DTXSID0032493,55219-65-3,Triadimenol,295.8,2.901,0.1258,1.0,,0.0,0.2145,10.1279,0.0,1.132981,1.489779,0.0,8.043258,10.576239,,,,,no_data,no_data,no_data
DTXSID0024345,82097-50-5,Triasulfuron,401.8,1.102,0.02305,1.0,,14.58,0.797,13.6177,1.461974,1.016383,1.459359,14.098104,9.80118,14.072893,,,,,no_data,no_data,no_data
DTXSID1024174,78-48-8,Tribufos,314.5,5.7,0.06651,1.0,,125.1,110.6536,11.4104,1.498426,1.498221,1.482919,11.310118,11.308568,11.193075,,,,,no_data,no_data,no_data
DTXSID0032497,55335-06-3,Triclopyr,256.5,2.516,0.02237,1.0,,0.0,2.4323,1.8694,0.0,1.292375,1.240665,0.0,7.955861,7.637536,,,,,no_data,no_data,no_data
DTXSID5032498,3380-34-5,Triclosan,289.5,4.762,0.00428,1.0,,27.8,10.0072,15.5886,1.397343,1.245756,1.326242,9.708739,8.655513,9.214727,,,,,no_data,no_data,no_data
DTXSID8040222,199119-58-9,Trifloxysulfuron-sodium,459.3,0.8201,0.00376,1.0,,0.0,1.5442,42.9481,0.0,0.598681,1.422974,0.0,6.599385,15.685724,,,,,no_data,no_data,no_data
DTXSID2032500,68694-11-1,Triflumizole,345.8,1.404,0.00839,1.0,,19.6,1.1887,37.2857,1.42429,0.799371,1.459225,11.820466,6.63414,12.110402,,,,,no_data,no_data,no_data
DTXSID2032502,126535-15-7,Triflusulfuron-methyl,492.4,3.557,0.3292,1.0,,14.47,2.2354,28.3261,1.497252,1.482392,1.498595,17.693931,17.51831,17.709799,,,,,no_data,no_data,no_data
DTXSID0032655,131983-72-7,Triticonazole,317.8,3.293,0.1373,1.0,,6.118,0.2697,88.7324,1.484551,1.213533,1.498925,11.32297,9.255861,11.432597,,,,,no_data,no_data,no_data
DTXSID4022361,50471-44-8,Vinclozolin,286.1,3.102,0.5936,1.0,,18.34,10.224,42.0293,1.498797,1.497843,1.499475,10.291337,10.284787,10.295993,,,,,no_data,no_data,no_data
DTXSID9032581,156052-68-5,Zoxamide,336.6,3.759,0.01031,1.0,,0.0,38.4298,9.132,0.0,1.467621,1.372567,0.0,11.856031,11.088143,,,,,no_data,no_data,no_data
DTXSID7025895,101-54-2,"""n-phenyl-1,4-benzenediamine""",184.2,2.657,0.1434,1.0,,15.59,2.5708,3.6669,1.494158,1.465257,1.475472,6.605373,6.477607,6.522768,,,,,no_data,no_data,no_data
DTXSID5020869,101-61-1,"""4,4'-methylenebis(n,n-dimethylaniline)""",254.4,3.803,0.001109,1.0,,18.85,31.5999,33.8781,1.057717,1.200543,1.21688,6.457996,7.330035,7.429781,,,,,no_data,no_data,no_data
DTXSID0021094,101-80-4,"""4,4'-oxydianiline""",200.2,1.364,0.3284,1.0,,0.0,6.9984,4.3782,0.0,1.494317,1.490936,0.0,7.179892,7.163648,,,,,no_data,no_data,no_data
DTXSID4026684,101-86-0,2-benzylideneoctanal,216.3,4.339,0.009805,1.0,,14.36,24.1826,0.0077,1.412319,1.446667,0.012845,7.331631,7.50994,0.066679,,,,,no_data,no_data,no_data
DTXSID3025178,102-06-7,"""1,3-diphenylguanidine""",211.3,2.959,0.7844,1.0,,0.0,2.7348,0.0277,0.0,1.493913,1.069667,0.0,7.575929,5.424493,,,,,no_data,no_data,no_data
DTXSID4021848,102-27-2,N-ethyl-3-methylaniline,135.2,2.42,0.1414,1.0,,13.12,9.8246,7.7444,1.492965,1.490621,1.488121,4.844374,4.836766,4.828655,,,,,no_data,no_data,no_data
DTXSID1024126,1024-57-3,"""heptachlor epoxide, isomer b""",389.3,5.191,0.01068,1.0,,0.0,20.3737,3.8311,0.0,1.442068,1.235953,0.0,13.47353,11.547756,,,,,no_data,no_data,no_data
DTXSID0020606,103-23-1,Di(2-ethylhexyl)adipate,370.6,6.851,0.03861,1.0,,13.56,48.5407,8.1947,1.475367,1.493036,1.459673,13.122506,13.279662,12.982915,,,,,no_data,no_data,no_data
DTXSID3026697,103-24-2,Azelaic acid di(2-ethylhexyl) ester,412.7,8.993,0.03126,1.0,,3.152,47.1309,8.1947,1.377771,1.491153,1.450504,13.646542,14.769571,14.366951,,,,,no_data,no_data,no_data
DTXSID2020006,103-90-2,Acetaminophen,151.2,0.4621,0.9398,1.0,,0.3598,21.8233,4.3603,1.462201,1.499361,1.496807,5.306034,5.440881,5.431614,,,,,no_data,no_data,no_data
DTXSID4034287,104-67-6,5-heptyldihydro-2(3h)-furanone,184.3,3.445,0.069,1.0,,9.47,39.8706,0.057,1.480199,1.495249,0.465471,6.547215,6.613785,2.058871,,,,,no_data,no_data,no_data
DTXSID1034187,10540-29-1,Tamoxifen,371.5,6.235,0.00165,1.0,,0.0,24.2368,11.8867,0.0,1.230939,1.03757,0.0,10.97505,9.250973,,,,,no_data,no_data,no_data
DTXSID2021866,105-99-7,Dibutyl hexanedioate,258.4,3.927,0.5872,1.0,,14.03,64.5234,36.3044,1.49841,1.499654,1.499385,9.29254,9.300254,9.298587,,,,,no_data,no_data,no_data
DTXSID4024729,10605-21-7,Methyl 1h-benzimidazol-2-ylcarbamate,191.2,1.519,0.4872,1.0,,24.0,0.1087,4.5253,1.498879,1.287489,1.494076,6.878058,5.908031,6.856017,,,,,no_data,no_data,no_data
DTXSID7021869,106-44-5,4-methylphenol,108.1,1.94,0.3259,1.0,,39.66,27.9973,7.4182,1.498986,1.498564,1.494596,3.88897,3.887875,3.87758,,,,,no_data,no_data,no_data
DTXSID5025152,106-65-0,Dimethyl succinate,146.1,0.3505,0.9999,1.0,,364.4,132.9947,2.9241,1.499964,1.499901,1.495529,5.259474,5.259254,5.243922,,,,,no_data,no_data,no_data
DTXSID9032113,107534-96-3,Tebuconazole,307.8,3.7,0.06601,1.0,,5.278,0.2628,24.0454,1.463287,0.997411,1.491784,10.809591,7.368074,11.02011,,,,,no_data,no_data,no_data
DTXSID2021238,108-46-3,Resorcinol,110.1,0.8006,0.7448,1.0,,14.48,21.8258,4.6682,1.498785,1.499194,1.496238,3.96039,3.96147,3.95366,,,,,no_data,no_data,no_data
DTXSID5021124,108-95-2,Phenol,94.11,1.462,0.6201,1.0,,5.496,13.9953,7.269,1.496163,1.498491,1.497097,3.379293,3.384551,3.381403,,,,,no_data,no_data,no_data
DTXSID4042121,110235-47-7,Mepanipyrim,223.3,3.279,0.03419,1.0,,0.0,0.1756,0.0124,0.0,0.610758,0.069386,0.0,3.273176,0.371851,,,,,no_data,no_data,no_data
DTXSID8025595,110-26-9,"""n,n'-methylenebis(acrylamide)""",154.2,-0.6668,1.0,1.0,,0.0,33.0092,0.5829,0.0,1.499603,1.477838,0.0,5.54973,5.469183,,,,,no_data,no_data,no_data
DTXSID3026223,111-21-7,Triethylene glycol diacetate,234.2,0.5404,0.895,1.0,,206.0,97.1568,12.3368,1.499929,1.499849,1.498813,8.4308,8.430353,8.42453,,,,,no_data,no_data,no_data
DTXSID3025122,1119-40-0,Dimethyl glutarate,160.2,0.6217,0.6989,1.0,,46.3,119.0959,4.4502,1.499595,1.499842,1.495796,5.765643,5.766594,5.751037,,,,,no_data,no_data,no_data
DTXSID3024368,112-50-5,2-[2-(2-ethoxyethoxy)ethoxy]ethanol,178.2,0.03197,1.0,1.0,,0.0,36.1008,0.7018,0.0,1.499637,1.481547,0.0,6.413647,6.336279,,,,,no_data,no_data,no_data
DTXSID4022991,114-07-8,Erythromycin,733.9,3.06,0.5653,1.0,,0.0,29.9759,28.8182,0.0,1.499227,1.499196,0.0,26.406778,26.406231,,,,,no_data,no_data,no_data
DTXSID1021952,115-86-6,Triphenyl phosphate,326.3,4.589,0.002852,1.0,,26.44,11.7755,14.6201,1.344181,1.190209,1.240038,10.526549,9.320767,9.710989,,,,,no_data,no_data,no_data
DTXSID1021956,117-84-0,Di-n-octyl phthalate,390.6,8.097,0.0233,1.0,,0.0,39.036,8.1947,0.0,1.485721,1.434335,0.0,13.927745,13.446028,,,,,no_data,no_data,no_data
DTXSID0021961,119-61-9,Benzophenone,182.2,3.181,0.06543,1.0,,9.134,14.0263,0.0225,1.478377,1.485848,0.216212,6.464646,6.497315,0.94545,,,,,no_data,no_data,no_data
DTXSID3025091,119-90-4,"3,3'-dimethoxybenzidine",244.3,1.813,0.3343,1.0,,0.0,9.2559,33.699,0.0,1.495774,1.498837,0.0,8.770025,8.787981,,,,,no_data,no_data,no_data
DTXSID5024059,119-93-7,O-tolidine,212.3,2.34,0.1427,1.0,,0.0,11.0269,1.3412,0.0,1.491713,1.434483,0.0,7.600578,7.308979,,,,,no_data,no_data,no_data
DTXSID9022528,120-47-8,Ethylparaben,166.2,2.464,0.1057,1.0,,57.24,40.2388,7.3565,1.497836,1.496924,1.483325,5.974568,5.970929,5.916687,,,,,no_data,no_data,no_data
DTXSID1020350,120-71-8,P-cresidine,137.2,1.737,0.4043,1.0,,19.53,18.2166,7.77,1.498341,1.498222,1.495838,4.933738,4.933345,4.925494,,,,,no_data,no_data,no_data
DTXSID7040788,121-00-6,2-tert-butyl-4-methoxy-phenol,180.2,3.202,0.07217,1.0,,7.06,31.016,0.0225,1.4747,1.494165,0.234994,6.377784,6.461965,1.016304,,,,,no_data,no_data,no_data
DTXSID0020529,121-14-2,"""2,4-dinitrotoluene""",182.1,1.979,0.09602,1.0,,0.0,14.4271,9.7839,0.0,1.490594,1.486172,0.0,6.514493,6.495165,,,,,no_data,no_data,no_data
DTXSID6047286,123122-55-4,Candoxatril,515.6,3.856,0.2659,1.0,,9.898,43.7108,27.9821,1.495035,1.498873,1.49824,18.500155,18.547651,18.539819,,,,,no_data,no_data,no_data
DTXSID1040742,124-94-7,Triamcinolone,394.4,1.16,0.7348,1.0,,2.492,28.505,66.7981,1.492873,1.499374,1.499733,14.130943,14.192477,14.195872,,,,,no_data,no_data,no_data
DTXSID3021986,126-73-8,Tributyl phosphate,266.3,3.997,0.03481,1.5337528626604,,0.0,42.5888,19.5927,0.0,1.491207,1.481018,0.0,14.617593,14.517713,,,,,no_data,no_data,no_data
DTXSID9047257,127308-82-1,Zamifenacin,415.5,5.742,0.002114,1.0,,17.11,17.9612,7.7316,1.208052,1.219299,0.97732,12.046699,12.15885,9.745831,,,,,no_data,no_data,no_data
DTXSID6027052,128-39-2,"""2,6-di-tert-butylphenol""",206.3,4.92,0.01953,1.0,,0.0,28.0512,0.0034,0.0,1.476442,0.011309,0.0,7.31016,0.055992,,,,,no_data,no_data,no_data
DTXSID3024289,129-00-0,Pyrene,202.3,4.883,0.02415,1.0,,6.18,5.4613,0.0052,1.417007,1.406764,0.021244,6.879853,6.830122,0.103145,,,,,no_data,no_data,no_data
DTXSID7020392,131-17-9,Diallyl phthalate,246.3,3.229,0.9621,1.0,,0.0,35.0027,18.3914,0.0,1.499611,1.499259,0.0,8.864499,8.862422,,,,,no_data,no_data,no_data
DTXSID6021244,13292-46-1,Rifampicin,823.0,3.085,0.04344,1.0,,0.0,,9.4958,0.0,,1.468873,0.0,,29.01318,,,,,no_data,no_data,no_data
DTXSID7032004,13311-84-7,Flutamide,276.2,3.35,0.03758,1.0,,30.38,18.9418,24.8996,1.488603,1.481804,1.486117,9.867648,9.822579,9.851174,,,,,no_data,no_data,no_data
DTXSID9026261,13674-87-8,"""tris(1,3-dichloro-2-propyl) phosphate (tdcpp)""",430.9,3.65,0.01078,1.0,,5.092,57.6413,8.2396,1.293945,1.479191,1.365608,13.381464,15.297204,14.122567,,,,,no_data,no_data,no_data
DTXSID6047363,139290-65-6,Volinanserin,373.5,3.106,0.5097,1.0,,5.464,31.7098,32.1127,1.495307,1.499189,1.499199,13.403929,13.438732,13.438823,,,,,no_data,no_data,no_data
DTXSID9022360,140-66-9,"""4-(1,1,3,3-tetramethylbutyl)phenol""",206.3,4.867,0.01902,1.0,,26.98,28.8809,0.0051,1.474877,1.476504,0.016463,7.302409,7.310468,0.081511,,,,,no_data,no_data,no_data
DTXSID5024051,1445-75-6,Diisopropyl methylphosphonate (dimp),180.2,1.034,0.9727,1.0,,0.0,43.7563,4.9199,0.0,1.499692,1.497265,0.0,6.485868,6.475372,,,,,no_data,no_data,no_data
DTXSID9047251,145742-28-5,"""(2s,3s)-n-[2-methoxy-5-(trifluoromethoxy)benzyl]-2-phenylpiperidin-3-amine""",380.4,4.031,0.07996,1.0,,0.0,27.4911,14.1297,0.0,1.494059,1.488484,0.0,13.640159,13.589261,,,,,no_data,no_data,no_data
DTXSID4020537,147-24-0,Diphenhydramine hydrochloride,291.8,0.3888,0.4131,1.0,,0.0,20.0142,13.2837,0.0,1.498416,1.497614,0.0,10.493705,10.488093,,,,,no_data,no_data,no_data
DTXSID5020730,148-24-3,8-hydroxyquinoline,145.2,2.019,0.1184,1.0,,69.68,0.6367,7.0712,1.498412,1.344141,1.484501,5.221667,4.684062,5.173188,,,,,no_data,no_data,no_data
DTXSID0020311,150-68-5,Monuron,198.6,1.941,0.4551,1.0,,3.086,22.7202,6.5867,1.490722,1.498733,1.495639,7.105376,7.143561,7.128812,,,,,no_data,no_data,no_data
DTXSID7041623,15310-01-7,Benodanil,323.1,2.855,0.07513,1.0,,21.4,10.2453,7.8973,1.491889,1.483157,1.478222,11.568703,11.500992,11.462723,,,,,no_data,no_data,no_data
DTXSID9020249,1563-66-2,Carbofuran,221.3,1.974,0.4213,1.0,,0.0,22.3437,7.5251,0.0,1.498608,1.495876,0.0,7.959409,7.944894,,,,,no_data,no_data,no_data
DTXSID9022312,1806-26-4,4-octylphenol,206.3,5.187,0.005,1.0,,15.65,30.0168,0.011,1.349273,1.417445,0.009379,6.680523,7.018052,0.046437,,,,,no_data,no_data,no_data
DTXSID9027441,1843-05-6,2-hydroxy-4-(octyloxy)benzophenone,326.4,6.395,1e-06,1.0,,807.0,24.2987,18.8409,1.353402,0.32627,0.26598,10.602012,2.555869,2.083584,,,,,no_data,no_data,no_data
DTXSID0024000,1861-32-1,Chlorthal-dimethyl,332.0,4.278,0.01666,1.0,,38.62,51.4408,9.4326,1.479894,1.484855,1.42096,11.791798,11.831323,11.322206,,,,,no_data,no_data,no_data
DTXSID7024376,1929-77-7,Vernolate,203.3,3.839,0.01906,1.0,,25.1,102.8919,0.0146,1.473084,1.493344,0.046279,7.187473,7.286323,0.225804,,,,,no_data,no_data,no_data
DTXSID5021097,2058-46-0,Oxytetracycline hydrochloride,496.9,-1.034,0.6283,1.0,,0.0,35.2318,2.4628,0.0,1.499408,1.491574,0.0,17.881339,17.787915,,,,,no_data,no_data,no_data
DTXSID0023907,205-99-2,Benzo[b]fluoranthene,252.3,5.779,0.01059,1.0,,5.564,3.4041,4.4364,1.306221,1.207263,1.264694,7.909427,7.310219,7.657976,,,,,no_data,no_data,no_data
DTXSID3024104,206-44-0,Fluoranthene,202.3,5.16,0.01409,1.0,,8.064,3.8985,0.0105,1.392844,1.294069,0.024965,6.762538,6.282962,0.121209,,,,,no_data,no_data,no_data
DTXSID7022174,2104-64-5,O-ethyl o-(p-nitrophenyl) phenylphosphonothioate,323.3,4.776,0.01016,1.0,,8.16,18.4323,6.8509,1.35693,1.433107,1.332642,10.528694,11.119765,10.340237,,,,,no_data,no_data,no_data
DTXSID3020916,2243-62-1,"""1,5-diaminonaphthalene""",158.2,0.8928,0.6333,1.0,,0.0,3.4252,4.3371,0.0,1.49398,1.495241,0.0,5.672342,5.677133,,,,,no_data,no_data,no_data
DTXSID3041376,24602-86-6,Tridemorph,297.5,5.595,0.002679,1.0,,12.91,33.6428,9.3809,1.197375,1.367383,1.112907,8.549256,9.763114,7.946155,,,,,no_data,no_data,no_data
DTXSID9043938,2528-16-7,Benzyl hydrogen phthalate,256.3,2.93,0.0352,1.0,,0.0,27.7827,6.0058,0.0,1.486711,1.44044,0.0,9.145058,8.860434,,,,,no_data,no_data,no_data
DTXSID5032523,2634-33-5,"""1,2-benzisothiazolin-3-one""",151.2,0.8033,0.005,1.0,,34.74,0.7971,6.7501,1.428131,0.469739,1.191425,5.182401,1.704587,4.323444,,,,,no_data,no_data,no_data
DTXSID4020458,2921-88-2,Chlorpyrifos,350.6,4.959,0.007932,1.0,,2.6,5.122,3.2238,1.053478,1.23441,1.117868,8.864382,10.386822,9.406187,,,,,no_data,no_data,no_data
DTXSID4032459,298-02-2,Phorate,260.4,3.693,0.0129,1.0,,0.0,169.8268,16.5597,0.0,1.494039,1.441033,0.0,9.337144,9.005883,,,,,no_data,no_data,no_data
DTXSID4022731,298-46-4,Carbamazepine,236.3,2.449,0.5141,1.0,,2.375,5.8543,2.4167,1.489338,1.495656,1.48952,8.446331,8.482165,8.447367,,,,,no_data,no_data,no_data
DTXSID8020127,30516-87-1,Azidothymidine,267.2,0.04963,0.914,1.0,,2.414,0.643,3.8065,1.494081,1.478017,1.496241,9.581241,9.478224,9.595093,,,,,no_data,no_data,no_data
DTXSID9027522,3147-75-9,Octrizole,323.4,4.018,0.0223,1.0,,5.87,0.2064,6.2399,1.406104,0.517393,1.411341,10.913615,4.015797,10.954263,,,,,no_data,no_data,no_data
DTXSID5041691,35256-85-0,Butam,233.4,3.001,0.2267,1.0,,9.846,41.8058,24.154,1.494149,1.498618,1.497609,8.369623,8.394657,8.389008,,,,,no_data,no_data,no_data
DTXSID1038321,3739-38-6,3-phenoxybenzoic acid,214.2,3.906,0.00716,1.0,,0.0,14.7441,0.009,0.0,1.385294,0.010977,0.0,7.121521,0.05643,,,,,no_data,no_data,no_data
DTXSID8022828,4291-63-8,2-chloro-2'-deoxyadenosine,285.7,0.01732,0.9848,1.0,,0.0,0.0065,3.1695,0.0,0.634098,1.495811,0.0,4.347882,10.256477,,,,,no_data,no_data,no_data
DTXSID5022308,446-72-0,Genistein,270.2,2.962,0.02426,1.0,,18.69,11.8505,8.3889,1.471629,1.455738,1.438226,9.543221,9.440171,9.326608,,,,,no_data,no_data,no_data
DTXSID9047592,484-17-3,9-phenanthrol,194.2,3.911,0.005435,1.0,,20.98,6.2056,0.0458,1.393197,1.191258,0.041532,6.493415,5.552213,0.193575,,,,,no_data,no_data,no_data
DTXSID4020375,50-29-3,"""p,p'-ddt""",354.5,6.91,1e-06,1.0,,12.5,20.3508,15.5286,0.187664,0.283271,0.226274,1.596646,2.410066,1.925138,,,,,no_data,no_data,no_data
DTXSID7021237,50-55-5,Reserpine,608.7,2.57,0.005994,1.0,,0.0,23.2889,2.858,0.0,1.411606,0.993204,0.0,20.621873,14.509515,,,,,no_data,no_data,no_data
DTXSID4020290,50892-23-4,Pirinixic acid,323.8,2.067,0.005454,1.0,,7.51,0.812,7.6006,1.236184,0.504405,1.238781,9.60663,3.919835,9.626812,,,,,no_data,no_data,no_data
DTXSID0020523,51-28-5,"""2,4-dinitrophenol""",184.1,1.672,0.02723,1.0,,0.0,12.753,4.3627,0.0,1.463169,1.397192,0.0,6.464868,6.173353,,,,,no_data,no_data,no_data
DTXSID5021209,51-52-5,6-propyl-2-thiouracil,170.2,-0.3859,0.4736,1.0,,1.323,2.5132,0.58,1.479362,1.489064,1.453738,6.042896,6.08253,5.938231,,,,,no_data,no_data,no_data
DTXSID1047285,527680-56-4,"""n-[(3r)-1-azabicyclo[2.2.2]oct-3-yl]-2,3-dihydro-1,4-benzodioxine-6-carboxamide""",288.3,1.835,1.0,1.0,,3.688,,8.4056,1.496453,,1.498442,10.354258,,10.368018,,,,,no_data,no_data,no_data
DTXSID4024066,528-29-0,"""1,2-dinitrobenzene""",168.1,1.69,0.06949,1.0,,24.2,8.0045,2.832,1.492243,1.476792,1.436207,6.020306,5.95797,5.794232,,,,,no_data,no_data,no_data
DTXSID4034150,52-86-8,Haloperidol,375.9,4.288,0.1784,1.0,,5.062,24.1514,28.1731,1.48562,1.496963,1.497396,13.402668,13.505001,13.508906,,,,,no_data,no_data,no_data
DTXSID4021185,53-03-2,Prednisone,358.4,1.466,0.4818,1.0,,9.09,35.237,6.5126,1.497012,1.499228,1.495833,12.876699,12.89576,12.866556,,,,,no_data,no_data,no_data
DTXSID1022053,534-52-1,"""2-methyl-4,6-dinitrophenol""",198.1,2.131,0.002637,1.0,,0.0,16.2539,10.0266,0.0,1.245907,1.127306,0.0,5.923542,5.359665,,,,,no_data,no_data,no_data
DTXSID5020653,548-62-9,Hexamethyl-p-rosaniline chloride,408.0,0.9598,0.01384,1.0,,8.322,19.8231,22.9672,1.394189,1.453683,1.459854,13.651896,14.234468,14.294893,,,,,no_data,no_data,no_data
DTXSID5023950,55285-14-8,Carbosulfan,380.6,4.829,0.005,1.0,,26.74,48.587,7.9532,1.407949,1.447902,1.229692,12.860768,13.225714,11.232501,,,,,no_data,no_data,no_data
DTXSID2024086,563-12-2,Ethion,384.5,5.066,1e-06,1.0,,10.41,156.9101,15.5286,0.159626,0.963337,0.226274,1.473026,8.889676,2.088055,,,,,no_data,no_data,no_data
DTXSID3020465,56-53-1,Diethylstilbestrol (des),268.4,5.067,0.00935,1.0,,39.5,36.0851,5.3272,1.465319,1.462119,1.276059,9.438996,9.418388,8.21986,,,,,no_data,no_data,no_data
DTXSID5023902,56-55-3,Benz[a]anthracene,228.3,5.602,0.01121,1.0,,18.27,4.4452,4.9749,1.4386,1.27614,1.296746,7.882376,6.992229,7.105131,,,,,no_data,no_data,no_data
DTXSID8020541,57-41-0,Phenytoin,252.3,2.364,0.1624,1.0,,0.8178,1.4544,0.8447,1.407371,1.446468,1.410144,8.52191,8.758653,8.538702,,,,,no_data,no_data,no_data
DTXSID9024063,576-26-1,"""2,6-dimethylphenol""",122.2,2.36,0.2086,1.0,,20.52,31.7622,7.5568,1.496943,1.498024,1.491728,4.390235,4.393404,4.37494,,,,,no_data,no_data,no_data
DTXSID3022370,57-83-0,Progesterone,314.5,3.871,0.02311,1.0,,33.7,45.1216,5.7927,1.483351,1.48753,1.408058,11.196333,11.227879,10.628022,,,,,no_data,no_data,no_data
DTXSID6027218,579-66-8,"""2,6-diethylaniline""",149.2,2.741,0.08962,1.0,,16.13,25.2206,6.9688,1.490984,1.494221,1.479295,5.338916,5.350508,5.297061,,,,,no_data,no_data,no_data
DTXSID1020510,57-97-6,"""7,12-dimethylbenz(a)anthracene""",256.3,5.8,0.005,1.44612754690257,,3.226,10.8303,9.1998,0.97281,1.29152,1.260471,8.65355,11.488612,11.212417,,,,,no_data,no_data,no_data
DTXSID0020232,58-08-2,Caffeine,194.2,-0.07099,1.0,1.0,,0.2855,0.4042,0.3183,1.455438,1.468248,1.459908,6.783507,6.843208,6.804337,,,,,no_data,no_data,no_data
DTXSID9021217,58-14-0,Pyrimethamine,248.7,2.69,0.1177,1.0,,2.768,0.1593,3.0224,1.460806,1.023046,1.464026,8.719257,6.106355,8.738476,,,,,no_data,no_data,no_data
DTXSID8024107,59756-60-4,Fluridone ,329.3,3.046,0.1378,1.0,,5.594,7.7827,68.3075,1.483181,1.487873,1.498608,11.721877,11.758956,11.843801,,,,,no_data,no_data,no_data
DTXSID0021256,599-79-1,Sulfasalazine,398.4,2.425,0.004,1.0,,5.16,2.0292,6.2335,1.053733,0.722218,1.110637,10.075373,6.905563,10.61947,,,,,no_data,no_data,no_data
DTXSID6024460,60-09-3,4-aminoazobenzene,197.2,3.409,0.0171,1.0,,15.7,0.5575,0.0201,1.452701,0.782504,0.056749,6.875342,3.703435,0.268583,,,,,no_data,no_data,no_data
DTXSID9020453,60-57-1,Dieldrin,380.9,5.118,0.009376,1.0,,0.0,21.0926,3.8311,0.0,1.436506,1.206417,0.0,13.131962,11.028584,,,,,no_data,no_data,no_data
DTXSID5020528,606-20-2,"""2,6-dinitrotoluene""",182.1,2.098,0.131,1.0,,34.64,16.8351,6.6165,1.497116,1.494078,1.485024,6.542996,6.529719,6.490147,,,,,no_data,no_data,no_data
DTXSID8024523,63-05-8,Androstenedione,286.4,2.752,0.1744,1.0,,25.92,41.9257,19.1323,1.497105,1.498209,1.496081,10.290501,10.298089,10.28346,,,,,no_data,no_data,no_data
DTXSID9047540,6344-67-8,3-hydroxyfluorene,182.2,3.189,0.02488,1.0,,20.56,12.8885,0.0081,1.474798,1.460195,0.033803,6.448997,6.385143,0.147813,,,,,no_data,no_data,no_data
DTXSID9032537,7173-51-5,Didecyl dimethyl ammonium chloride,362.1,2.683,0.005,1.0,,0.0,28.0756,7.2496,0.0,1.412071,1.208555,0.0,12.271463,10.502828,,,,,no_data,no_data,no_data
DTXSID6020561,72-20-8,Endrin,380.9,5.118,0.006423,1.0,,0.0,21.0926,3.2238,0.0,1.409084,1.05474,0.0,12.881278,9.642013,,,,,no_data,no_data,no_data
DTXSID4020373,72-54-8,"""p,p'-ddd""",320.0,6.129,0.03115,1.0,,0.0,20.6449,9.9427,0.0,1.479884,1.458827,0.0,11.365513,11.203789,,,,,no_data,no_data,no_data
DTXSID5024261,732-11-6,Phosmet,317.3,2.781,0.0477,1.0,,23.82,58.0318,6.5501,1.488548,1.495278,1.459176,11.335592,11.386842,11.111917,,,,,no_data,no_data,no_data
DTXSID5020784,75330-75-5,Lovastatin,404.5,4.258,0.01429,1.0,,21.9,37.3116,7.3515,1.459241,1.475805,1.384775,14.166311,14.327114,13.4434,,,,,no_data,no_data,no_data
DTXSID0021125,77-09-8,Phenolphthalein,318.3,2.89,0.03116,1.0,,47.4,8.7726,3.1136,1.491175,1.45352,1.376023,11.391382,11.103728,10.511718,,,,,no_data,no_data,no_data
DTXSID4022442,77-40-7,Bisphenol b,242.3,3.765,0.01823,1.0,,35.66,21.7222,7.9762,1.480098,1.467604,1.414939,8.607066,8.53441,8.228155,,,,,no_data,no_data,no_data
DTXSID6022345,789-02-6,"""o,p'-ddt""",354.5,6.923,1e-06,1.0,,15.3,18.0413,15.5286,0.223439,0.256624,0.226274,1.901019,2.183353,1.925138,,,,,no_data,no_data,no_data
DTXSID0023581,79902-63-9,Simvastatin,418.6,4.677,0.00398,1.0,,24.3,39.3908,7.9532,1.375664,1.420782,1.175408,13.820471,14.273745,11.80862,,,,,no_data,no_data,no_data
DTXSID8021771,80-46-6,4-(2-methylbutan-2-yl)phenol,164.2,3.491,0.005,1.0,,20.96,24.9473,0.0341,1.384519,1.401767,0.028698,5.456111,5.524084,0.113093,,,,,no_data,no_data,no_data
DTXSID5023742,81-81-2,Warfarin,308.3,2.7,0.01327,1.0,,0.0,18.4866,4.7355,0.0,1.44839,1.316825,0.0,10.716929,9.743454,,,,,no_data,no_data,no_data
DTXSID5020867,838-88-0,"""4,4'-methylene bis(2-methylaniline)""",226.3,2.182,0.2257,1.0,,3.984,18.7002,25.7835,1.485558,1.4969,1.49775,8.068365,8.129962,8.134581,,,,,no_data,no_data,no_data
DTXSID7041097,85532-75-8,Pk 11195,352.9,4.793,0.01614,1.0,,42.12,4.3031,5.6464,1.480957,1.332314,1.368716,12.543117,11.28417,11.592476,,,,,no_data,no_data,no_data
DTXSID6021030,86-30-6,N-nitrosodiphenylamine,198.2,3.13,0.04368,1.0,,8.288,2.3538,0.0063,1.464635,1.382463,0.04578,6.966977,6.576099,0.217768,,,,,no_data,no_data,no_data
DTXSID3020627,86386-73-4,Fluconazole ,306.3,0.5014,0.7109,1.0,,1.832,0.0025,20.2377,1.489999,0.253446,1.499089,10.953284,1.863133,11.020104,,,,,no_data,no_data,no_data
DTXSID8026307,87-62-7,"""2,6-dimethylaniline""",121.2,1.839,0.4311,1.0,,8.96,28.3141,7.77,1.496613,1.498927,1.496096,4.353348,4.360078,4.351843,,,,,no_data,no_data,no_data
DTXSID7021106,87-86-5,Pentachlorophenol,266.3,5.119,0.05441,1.0,,8.764,16.3461,8.6702,1.472998,1.485401,1.472711,9.414225,9.493495,9.412392,,,,,no_data,no_data,no_data
DTXSID5021386,88-06-2,"""2,4,6-trichlorophenol""",197.4,3.691,0.01512,1.0,,18.76,11.021,0.0225,1.455157,1.425237,0.056191,6.89395,6.752202,0.266212,,,,,no_data,no_data,no_data
DTXSID3020207,88-85-7,Dinoseb,240.2,3.559,0.00043,1.0,,0.0,16.2588,47.4781,0.0,0.666575,1.050298,0.0,3.842674,6.054758,,,,,no_data,no_data,no_data
DTXSID5023877,90-04-0,2-anisidine,123.2,1.18,0.4532,1.0,,0.0,10.4914,6.594,0.0,1.497247,1.495625,0.0,4.427061,4.422265,,,,,no_data,no_data,no_data
DTXSID1021798,91-22-5,Quinoline,129.2,2.031,0.2036,1.0,,38.6,0.2265,6.0941,1.498333,1.260979,1.489506,4.646032,3.910044,4.618661,,,,,no_data,no_data,no_data
DTXSID9020582,91-53-2,Ethoxyquin,217.3,3.106,0.01069,1.0,,15.16,8.2021,0.0086,1.423233,1.364015,0.015612,7.422446,7.113612,0.081418,,,,,no_data,no_data,no_data
DTXSID2020921,91-59-8,2-naphthylamine,143.2,2.281,0.1099,1.0,,18.5,5.1102,7.4345,1.493579,1.477011,1.484122,5.133131,5.076191,5.100631,,,,,no_data,no_data,no_data
DTXSID7020348,91-64-5,Coumarin,146.1,1.391,0.1922,1.0,,0.0,6.0288,3.8231,0.0,1.488769,1.482366,0.0,5.22022,5.197767,,,,,no_data,no_data,no_data
DTXSID2020137,92-87-5,Benzidine,184.2,1.34,0.1977,1.0,,6.91,5.7231,3.8231,1.490463,1.4885,1.482851,6.589039,6.580362,6.555386,,,,,no_data,no_data,no_data
DTXSID4022527,94-13-3,Propylparaben,180.2,3.036,0.07639,1.0,,38.0,39.2443,0.0213,1.495497,1.495639,0.235395,6.467724,6.468339,1.018036,,,,,no_data,no_data,no_data
DTXSID3020209,94-26-8,Butylparaben,194.2,3.565,0.0191,1.0,,39.3,38.7957,0.0156,1.482733,1.482511,0.049445,6.910723,6.909689,0.230451,,,,,no_data,no_data,no_data
DTXSID3026564,94-28-0,Tri(ethylene glycol) bis(2-ethylhexanoate),402.6,3.6,0.005,1.0,,22.62,51.3453,14.5845,1.392385,1.450608,1.339441,13.453785,14.016358,12.94221,,,,,no_data,no_data,no_data
DTXSID8021808,95-48-7,2-methylphenol,108.1,1.951,0.38,1.0,,27.48,21.9275,7.6469,1.498745,1.498428,1.495501,3.888345,3.887522,3.879928,,,,,no_data,no_data,no_data
DTXSID4024359,95-95-4,"""2,4,5-trichlorophenol""",197.4,3.722,0.005322,1.0,,26.24,10.1615,0.0479,1.411639,1.291281,0.042505,6.687782,6.117573,0.201373,,,,,no_data,no_data,no_data
DTXSID9020617,97-53-0,Eugenol,164.2,2.272,0.1922,1.0,,103.6,28.1597,10.7715,1.499342,1.497581,1.493693,5.908606,5.901668,5.886346,,,,,no_data,no_data,no_data
DTXSID7022413,97-54-1,Isoeugenol,164.2,3.035,0.005,1.0,,71.78,21.9661,22.1337,1.464335,1.389418,1.390194,5.770652,5.475419,5.478477,,,,,no_data,no_data,no_data
DTXSID1020221,98-54-4,4-tert-butylphenol,150.2,3.31,0.1052,1.0,,26.8,26.9201,14.8383,1.495364,1.495384,1.491647,5.390487,5.390561,5.377089,,,,,no_data,no_data,no_data
DTXSID3020964,98-95-3,Nitrobenzene,123.1,1.851,0.3844,1.0,,8.168,8.1324,7.77,1.495836,1.495817,1.495623,4.419297,4.419243,4.418668,,,,,no_data,no_data,no_data
DTXSID5021831,99-08-1,3-nitrotoluene,137.1,2.449,0.07728,1.0,,16.82,14.7449,9.5613,1.48998,1.488581,1.482462,4.902631,4.898026,4.877894,,,,,no_data,no_data,no_data
DTXSID0020943,99-59-2,2-methoxy-5-nitroaniline,168.2,1.471,0.3359,1.0,,12.03,10.3781,6.7557,1.496762,1.496248,1.494244,6.04213,6.040054,6.031964,,,,,no_data,no_data,no_data
DTXSID7022332,99-71-8,4-(butan-2-yl)phenol,150.2,3.083,0.0608,1.0,,19.03,26.0208,17.2552,1.488753,1.491758,1.487605,5.366655,5.377488,5.362519,,,,,no_data,no_data,no_data
DTXSID4022529,99-76-3,Methylparaben,152.1,1.958,0.07056,1.0,,107.5,45.1187,6.7952,1.498273,1.495893,1.473143,5.469297,5.460607,5.377561,,,,,no_data,no_data,no_data
DTXSID5023792,99-99-0,4-nitrotoluene,137.1,2.371,0.0679,1.0,,19.32,16.059,9.5613,1.490071,1.488071,1.480072,4.90293,4.896348,4.870028,,,,,no_data,no_data,no_data
DTXSID8040147,33286-22-5,Diltiazem hydrochloride,451.0,1.746,0.22,1.0,,23.48,31.0783,5.5942,1.497466,1.498085,1.489421,16.208572,16.215269,16.121497,,,,,no_data,no_data,no_data
DTXSID3020384,50-02-2,Dexamethasone,392.5,1.92,0.32,1.0,,1.791,29.3333,13.1464,1.477466,1.498604,1.49689,13.917726,14.116854,14.100701,,,,,no_data,no_data,no_data
DTXSID6022923,15307-86-5,Diclofenac,296.2,4.52,0.005,1.0,,65.42,6.3594,11.5434,1.460958,1.176555,1.302705,10.385659,8.363896,9.260669,,,,,no_data,no_data,no_data
DTXSID5020732,15687-27-1,Ibuprofen,206.3,3.735,0.01,1.0,,10.12,34.4462,0.0095,1.380737,1.462877,0.016127,6.836307,7.242998,0.079847,,,,,no_data,no_data,no_data
DTXSID8021359,64-77-7,Tolbutamide,270.4,2.339,0.04,1.0,,1.324,39.7039,2.2062,1.287494,1.491789,1.364811,8.355321,9.681115,8.857077,,,,,no_data,no_data,no_data
DTXSID4040686,22204-53-1,Naproxen,230.3,3.18,0.002,1.0,,26.48,21.5253,43.6615,1.287494,1.246835,1.363509,7.116237,6.891506,7.536388,,,,,no_data,no_data,no_data
DTXSID2022628,29122-68-7,Atenolol,266.3,0.1596,0.94,1.0,,1.986,26.0954,15.3104,1.493009,1.499466,1.499089,9.54212,9.583385,9.580981,,,,,no_data,no_data,no_data
DTXSID3037208,15307-79-6,Diclofenac sodium,318.1,0.7004,0.004131,1.0,,38.84,13.3765,39.3052,1.422502,1.295125,1.423372,10.859947,9.887505,10.866592,,,,,no_data,no_data,no_data
DTXSID5020108,50-78-2,Aspirin,180.2,1.193,0.532,1.0,,0.0,40.4508,6.5848,0.0,1.499391,1.496266,0.0,6.484566,6.471053,,,,,no_data,no_data,no_data
DTXSID2022707,36505-84-7,Buspirone,385.5,2.629,0.05,1.0,,7.66,2.1722,4.1962,1.466529,1.388268,1.440005,13.568328,12.844256,13.32293,,,,,no_data,no_data,no_data
DTXSID2023309,51384-51-1,Metoprolol,267.4,1.881,0.883,1.0,,6.231,21.5455,76.2699,1.497621,1.499311,1.499805,9.61113,9.621979,9.625151,,,,,no_data,no_data,no_data
DTXSID6021117,60-80-0,Antipyrine,188.2,0.3107,0.97,1.0,,0.5062,2.9301,1.365,1.473763,1.495401,1.490162,6.656694,6.754427,6.730764,,,,,no_data,no_data,no_data
DTXSID1021116,62-44-2,Phenacetin,179.2,1.58,0.6,1.0,,9.346,20.6865,8.9678,1.497665,1.498944,1.497567,6.441159,6.44666,6.440737,,,,,no_data,no_data,no_data
DTXSID6020648,54-31-9,Furosemide,330.7,2.029,0.012,1.0,,0.0,16.194,5.0547,0.0,1.435431,1.311062,0.0,11.392732,10.405633,,,,,no_data,no_data,no_data
DTXSID5021336,58-55-9,Theophylline,180.2,-0.02058,0.61,1.0,,0.7788,0.0642,0.58,1.472899,1.226284,1.463833,6.369992,5.303433,6.330787,,,,,no_data,no_data,no_data
DTXSID1021087,604-75-1,Oxazepam,286.7,2.239,0.04,1.0,,3.271,2.9523,2.2062,1.406063,1.396621,1.364811,9.674836,9.60987,9.390991,,,,,no_data,no_data,no_data
DTXSID1042574,15676-16-1,Sulpiride,341.4,0.5712,1.0,1.0,,0.0,44.095,24.3797,0.0,1.499703,1.499462,0.0,12.287964,12.285995,,,,,no_data,no_data,no_data
DTXSID7023300,83-43-2,Methylprednisolone,374.5,1.721,0.23,1.0,,5.452,30.0252,5.0079,1.489616,1.498104,1.488702,13.388669,13.464956,13.380454,,,,,no_data,no_data,no_data
DTXSID9021184,50-24-8,Prednisolone,360.4,1.62,0.25,1.0,,5.841,30.7526,2.7407,1.491074,1.498296,1.481105,12.897196,12.959665,12.810962,,,,,no_data,no_data,no_data
DTXSID8023719,97322-87-7,Troglitazone,441.5,4.36,0.000941,1.0,,21.85,40.5587,27.2902,1.052527,1.220471,1.119077,11.152581,12.932106,11.857737,,,,,no_data,no_data,no_data
DTXSID0020365,59865-13-3,Cyclosporin a,1203.0,2.92,1e-06,1.0,,8.591,37.8943,20.4339,0.134229,0.453618,0.284208,3.87547,13.096857,8.205658,,,,,no_data,no_data,no_data
DTXSID5020576,57-63-6,Ethinylestradiol,296.4,3.669,0.014,1.0,,0.0,26.6884,13.9203,0.0,1.46571,1.435608,0.0,10.426472,10.21234,,,,,no_data,no_data,no_data
DTXSID5023039,76824-35-6,Famotidine,337.4,-0.6389,0.84,1.0,,0.0,13.4483,2.3557,0.0,1.49884,1.493403,0.0,12.137008,12.092979,,,,,no_data,no_data,no_data
DTXSID6021080,73590-58-6,Omeprazole,345.4,2.231,0.16,1.0,,3.271,2.3894,8.1165,1.475358,1.46647,1.489971,12.23013,12.156447,12.351263,,,,,no_data,no_data,no_data
DTXSID6023523,2078-54-8,Propofol,178.3,3.791,0.016,1.0,,107.0,26.7223,0.0389,1.49238,1.469947,0.099705,6.386193,6.290199,0.426656,,,,,no_data,no_data,no_data
DTXSID9023752,111406-87-2,Zileuton,236.3,0.1828,0.07,1.0,,2.298,21.762,5.4662,1.42269,1.491442,1.466498,8.068359,8.458265,8.316803,,,,,no_data,no_data,no_data
DTXSID2020341,76-57-3,Codeine,299.4,1.14,1.0,1.0,,24.53,24.0564,73.6764,1.499466,1.499455,1.499822,10.77456,10.774485,10.777121,,,,,no_data,no_data,no_data
DTXSID8045191,66357-35-5,Ranitidine,314.4,0.2691,0.95,1.0,,1.324,35.991,14.5422,1.489647,1.499617,1.499052,11.240284,11.315507,11.311243,,,,,no_data,no_data,no_data
DTXSID7020504,58-15-1,Aminopyrine,231.3,0.9955,1.0,1.0,,4.1,8.3798,12.7824,1.496809,1.498437,1.498975,8.309085,8.318123,8.32111,,,,,no_data,no_data,no_data
DTXSID7029879,65277-42-1,Ketoconazole,531.4,4.348,0.062,1.0,,55.0,3.58,11.9067,1.496165,1.443165,1.482446,19.081486,18.40555,18.906527,,,,,no_data,no_data,no_data
DTXSID1037272,321-64-2,Tacrine,198.3,2.707,1.0,1.0,,1000.0,2.5019,0.0093,1.499987,1.494777,0.773228,7.138738,7.113945,3.679945,,,,,no_data,no_data,no_data
DTXSID5022934,20830-75-5,Digoxin,780.9,1.263,0.7,1.0,,0.0,27.931,14.9569,0.0,1.49933,1.498749,0.0,28.099837,28.088949,,,,,no_data,no_data,no_data
DTXSID4020822,59-05-2,Methotrexate,454.4,-1.847,0.432,1.0,,0.0,0.2128,3.1039,0.0,1.369755,1.490285,0.0,14.937999,16.25245,,,,,no_data,no_data,no_data
DTXSID1020930,54-11-5,Nicotine,162.2,1.171,0.406,1.0,,4.44,1.838,6.6903,1.492761,1.482633,1.495188,5.811022,5.771592,5.820469,,,,,no_data,no_data,no_data
DTXSID7023645,60-54-8,Tetracycline,444.4,-1.295,0.468,1.0,,0.0,42.7041,3.1039,0.0,1.499344,1.491028,0.0,15.991406,15.902705,,,,,no_data,no_data,no_data
DTXSID6023733,99-66-1,Valproic acid,144.2,2.748,0.214,1.0,,0.4366,36.9287,10.5434,1.371671,1.498343,1.494211,4.747077,5.185464,5.171166,,,,,no_data,no_data,no_data
DTXSID3020910,55-98-1,Busulphan,246.3,-0.5186,1.0,1.0,,1.39,140.0177,1.6817,1.490626,1.499906,1.492244,8.811388,8.866246,8.82095,,,,,no_data,no_data,no_data
DTXSID7020263,305-03-3,Chlorambucil,304.2,1.707,0.01,1.0,,44.0,36.2739,5.3353,1.470781,1.464704,1.288839,10.737876,10.693509,9.409555,,,,,no_data,no_data,no_data
DTXSID7020265,56-75-7,Chloramphenicol,323.1,1.139,0.34,1.0,,0.723,23.7587,30.9651,1.448492,1.498379,1.498756,11.232188,11.619027,11.621951,,,,,no_data,no_data,no_data
DTXSID8022824,85721-33-1,Ciprofloxacin,331.3,0.2801,0.7,1.0,,4.17,7.8104,14.5422,1.495522,1.497606,1.498713,11.891191,11.907761,11.916567,,,,,no_data,no_data,no_data
DTXSID5024845,64-86-8,Colchicine,399.4,1.3,0.61,1.0,,0.698,33.9804,14.3708,1.469825,1.499368,1.498506,14.08915,14.372339,14.364077,,,,,no_data,no_data,no_data
DTXSID4020371,80-08-0,Dapsone,248.3,0.9717,0.295,1.0,,0.0,14.4899,7.5051,0.0,1.496939,1.494101,0.0,8.920558,8.903647,,,,,no_data,no_data,no_data
DTXSID6022927,69655-05-6,Didanosine,236.2,-1.238,0.951,1.0,,0.0,0.0129,2.2117,0.0,0.875897,1.493792,0.0,4.965282,8.468008,,,,,no_data,no_data,no_data
DTXSID9021130,89-25-8,Edaravone,174.2,1.783,0.89,1.0,,2.0,4.227,12.3783,1.49267,1.496523,1.498811,6.240554,6.256662,6.266228,,,,,no_data,no_data,no_data
DTXSID0020573,50-28-2,Estradiol,272.4,3.909,4.95e-06,1.0,,56.9,28.3798,52.8077,0.591425,0.367638,0.564908,3.866497,2.403471,3.693142,,,,,no_data,no_data,no_data
DTXSID3020625,98319-26-7,Finasteride,372.6,3.03,0.095,1.0,,4.5,27.6727,14.0352,1.469943,1.495029,1.49023,13.144823,13.369147,13.326235,,,,,no_data,no_data,no_data
DTXSID0038887,2321-07-5,Fluorescein,332.3,2.531,0.151,1.0,,0.0,5.9805,8.26,0.0,1.48562,1.489561,0.0,11.848114,11.879544,,,,,no_data,no_data,no_data
DTXSID0040676,29094-61-9,Glipizide,445.5,1.91,0.02,1.0,,1.597,5.9601,2.9513,1.177692,1.397518,1.306516,12.591885,14.942262,13.969268,,,,,no_data,no_data,no_data
DTXSID0037237,10238-21-8,Glyburide,494.0,1.786,0.021,1.0,,6.62,33.7149,2.4035,1.411263,1.481707,1.278571,16.731934,17.567113,15.158733,,,,,no_data,no_data,no_data
DTXSID9020740,53-86-1,Indomethacin,357.8,4.267,0.0103,1.0,,9.35,18.4347,7.3515,1.37518,1.433985,1.344759,11.808945,12.313913,11.547718,,,,,no_data,no_data,no_data
DTXSID8020755,54-85-3,Isoniazide,137.1,-0.6985,1.0,1.0,,1.11,0.6158,0.5829,1.48828,1.479006,1.477838,4.897036,4.86652,4.862679,,,,,no_data,no_data,no_data
DTXSID3036496,797-63-7,Levonorgestrel,312.5,3.067,0.0369,1.0,,9.89,32.6256,8.1571,1.464912,1.489187,1.457668,10.986837,11.168904,10.932509,,,,,no_data,no_data,no_data
DTXSID1022421,73-31-4,Melatonin,232.3,0.6118,0.498,1.0,,0.0,7.2862,5.8571,0.0,1.496395,1.495518,0.0,8.342702,8.337813,,,,,no_data,no_data,no_data
DTXSID2020892,443-48-1,Metronidazole,171.2,-0.02363,0.96,6.75647991262135,,3.0,0.8336,0.563,1.495461,1.483792,1.476126,41.515531,41.191598,40.978781,,,,,no_data,no_data,no_data
DTXSID5023322,84371-65-3,Mifepristone,429.6,4.814,0.0167,1.0,,33.2,38.9642,5.5716,1.476718,1.480117,1.371183,15.225555,15.260596,14.137446,,,,,no_data,no_data,no_data
DTXSID7020972,67-20-9,Nitrofurantoin,238.2,-0.4691,0.415,1.0,,0.0,2.2504,1.5492,0.0,1.486091,1.479879,0.0,8.495682,8.460174,,,,,no_data,no_data,no_data
DTXSID3023471,57-47-6,Physostigmine,275.4,1.58,0.64,1.0,,1.64,20.804,76.4271,1.487611,1.499016,1.499732,9.832513,9.907895,9.912629,,,,,no_data,no_data,no_data
DTXSID4021218,117-39-5,Quercetin,302.2,1.24,0.0176,1.0,,75.2,14.8724,26.925,1.490158,1.451526,1.472832,10.807819,10.527631,10.682155,,,,,no_data,no_data,no_data
DTXSID9022524,50-35-1,Thalidomide,258.2,0.3288,0.4,0.2730024177255,,4.0,20.0371,10.1331,1.49185,1.498366,1.496772,2.523824,2.534847,2.532151,,,,,no_data,no_data,no_data
DTXSID3023685,134308-13-7,Tolcapone,273.2,2.798,0.0133,1.0,,22.0,25.0049,5.2522,1.456488,1.461583,1.333173,9.549902,9.583309,8.741346,,,,,no_data,no_data,no_data
DTXSID6021371,76-25-5,Triamcinolone acetonide,434.5,2.531,0.2,1.0,,9.0,30.9772,10.3698,1.492751,1.497887,1.493704,15.566406,15.619962,15.576349,,,,,no_data,no_data,no_data
DTXSID6021373,396-01-0,Triamterene,253.3,0.9803,0.333,1.0,,0.0,0.0004,6.6968,0.0,0.022514,1.494143,0.0,0.136867,9.083196,,,,,no_data,no_data,no_data
DTXSID6020690,70-30-4,Hexachlorophene,406.9,7.538,1e-06,1.0,,0.0,16.7284,15.5286,0.0,0.240948,0.226274,0.0,2.353005,2.2097,,,,,no_data,no_data,no_data
DTXSID8022589,125-84-8,Aminoglutethimide,232.3,-1.471,0.563,1.0,,0.723,13.2275,2.0084,1.468465,1.498241,1.488493,8.186987,8.352995,8.298646,,,,,no_data,no_data,no_data
DTXSID3022588,54-62-6,Aminopterin,440.4,-0.05046,0.75,1.0,,0.0,0.1211,2.4592,0.0,1.36831,1.492925,0.0,14.462489,15.779615,,,,,no_data,no_data,no_data
DTXSID6024882,66-81-9,Cycloheximide,281.4,0.5478,0.629,1.0,,1.74,31.8912,19.3889,1.488115,1.499347,1.498926,10.050131,10.125987,10.123144,,,,,no_data,no_data,no_data
DTXSID7021780,84-66-2,Diethylphthalate,222.2,2.444,0.19,1.0,,42.5,42.8187,0.0079,1.498378,1.49839,0.219825,7.99055,7.990614,1.17228,,,,,no_data,no_data,no_data
DTXSID0024002,39515-41-8,Fenpropathrin,349.4,5.698,0.00458,1.0,,19.7,22.0022,5.4331,1.367513,1.380269,1.110054,11.467416,11.574385,9.308466,,,,,no_data,no_data,no_data
DTXSID3020621,67614-33-9,Fenvalerate,419.9,6.2,0.005,1.0,,0.766,20.1433,5.4331,0.456995,1.380211,1.134835,4.605411,13.90921,11.436414,,,,,no_data,no_data,no_data
DTXSID0020656,77-06-5,Gibberellic_acid,346.4,0.2422,0.24,1.0,,0.0,29.4994,3.224,0.0,1.49815,1.483244,0.0,12.455022,12.331094,,,,,no_data,no_data,no_data
DTXSID3020912,389-08-2,Nalidixic_acid,232.2,1.59,0.749,1.0,,1.1,3.2612,31.8628,1.484253,1.494651,1.499451,8.271443,8.329392,8.356139,,,,,no_data,no_data,no_data
DTXSID6023600,57-24-9,Strychnine,334.4,1.929,0.457,1.0,,2.0,16.9536,14.8592,1.48579,1.49831,1.498072,11.924359,12.024833,12.022924,,,,,no_data,no_data,no_data
DTXSID2021781,84-74-2,Dibutylphthalate,278.3,4.609,0.028,1.0,,42.5,40.1818,11.8055,1.489062,1.488436,1.461356,9.945743,9.94156,9.760686,,,,,no_data,no_data,no_data
DTXSID0020652,25812-30-0,Gemfibrozil,250.3,4.431,0.03,1.0,,52.18,42.249,10.1874,1.49167,1.489726,1.458291,8.960763,8.949082,8.760244,,,,,no_data,no_data,no_data
DTXSID2020713,58-93-5,Hydrochlorothiazide,297.7,-0.07002,0.274,1.0,,0.0,8.3792,2.8595,0.0,1.494311,1.48345,0.0,10.676551,10.598951,,,,,no_data,no_data,no_data
DTXSID7020687,608-73-1,"1,2,3,4,5,6-hexachlorocyclohexane",290.8,3.719,0.0174,1.0,,0.0,37.9017,14.8425,0.0,1.480378,1.450892,0.0,10.331856,10.126065,,,,,no_data,no_data,no_data
DTXSID9024065,99-65-0,"1,3-dinitrobenzene",168.1,1.492,0.391,0.841656436904279,,0.0,8.656,6.7557,0.0,1.496136,1.495053,0.0,5.080247,5.076569,,,,,no_data,no_data,no_data
DTXSID9022310,486-66-8,Daidzein,254.2,3.243,0.0553,1.0,,15.4,9.549,13.8445,1.48476,1.475574,1.483067,9.058224,9.002182,9.047896,,,,,no_data,no_data,no_data
DTXSID8021301,54965-24-1,Tamoxifen citrate,563.6,0.8373,0.0012,1.0,,0.0,30.8051,65.6489,0.0,1.213134,1.350184,0.0,16.409337,18.263129,,,,,no_data,no_data,no_data
DTXSID2022381,84-16-2,Meso-hexestrol,270.4,4.274,0.00772,1.0,,0.0,26.3908,8.7219,0.0,1.438291,1.327644,0.0,9.333931,8.615877,,,,,no_data,no_data,no_data
DTXSID4021717,59-50-7,4-chloro-3-methylphenol,142.6,3.091,0.0723,1.0,,0.0,23.7397,17.2552,0.0,1.492399,1.489563,0.0,5.107588,5.097881,,,,,no_data,no_data,no_data
DTXSID4022367,53-16-7,Estrone,270.4,3.132,0.0308,1.0,,0.0,35.1325,8.8397,0.0,1.48798,1.453339,0.0,9.656394,9.43159,,,,,no_data,no_data,no_data
DTXSID7020768,520-18-3,Kaempferol,286.2,2.158,0.02973,1.0,,95.7,14.12,0.9989,1.495406,1.469403,1.158887,10.271642,10.093032,7.960164,,,,,no_data,no_data,no_data
DTXSID0021460,17924-92-4,Zearalenone,318.4,3.745,0.004899,1.0,,209.0,35.0687,16.5165,1.487302,1.427375,1.353753,11.36537,10.90743,10.344837,,,,,no_data,no_data,no_data
DTXSID9022364,521-18-6,5alpha-dihydrotestosterone,290.4,3.551,0.0313,1.0,,70.7,33.5223,8.6975,1.494098,1.487607,1.453334,10.413266,10.368024,10.129157,,,,,no_data,no_data,no_data
DTXSID6022391,520-36-5,Apigenin,270.2,3.02,9.57e-05,1.0,,138.0,10.7666,63.6889,0.918316,0.164494,0.632246,5.955096,1.066712,4.099991,,,,,no_data,no_data,no_data
DTXSID1021403,512-56-1,Trimethyl phosphate,140.1,-0.6486,1.084,1.0,,3.43,75.7343,0.5829,1.496482,1.49984,1.479532,5.03177,5.043063,4.974778,,,,,no_data,no_data,no_data
DTXSID5022437,500-38-9,Nordihydroguaiaretic acid,302.4,3.091,1e-06,1.0,,270.0,26.9459,147.8965,1.133144,0.35344,0.94278,8.223907,2.565125,6.842322,,,,,no_data,no_data,no_data
DTXSID4022446,2467-02-9,"2,2'-bisphenol f",200.2,3.4,0.041,1.0,,83.5,19.947,0.0191,1.49618,1.484137,0.123331,7.188845,7.130981,0.592581,,,,,no_data,no_data,no_data
DTXSID4022525,5153-25-3,2-ethylhexylparaben,250.3,4.101,0.01318,1.0,,128.0,35.3675,9.4468,1.492268,1.472389,1.401599,8.964352,8.844937,8.419688,,,,,no_data,no_data,no_data
DTXSID4020240,105-60-2,Caprolactam,113.2,-1.193,0.761,1.0,,0.0,32.0947,0.7679,0.0,1.499463,1.477893,0.0,4.073742,4.01514,,,,,no_data,no_data,no_data
DTXSID5021388,93-76-5,"2,4,5-trichlorophenoxyacetic acid",255.5,3.31,0.0127,1.0,,0.0,14.8202,9.9386,0.0,1.433428,1.402847,0.0,8.78978,8.602259,,,,,no_data,no_data,no_data
DTXSID6032354,105512-06-9,Clodinafop-propargyl,349.7,3.899,0.0148,1.0,,1010.0,6.1573,8.944,1.499123,1.36871,1.407082,12.581842,11.487305,11.809358,,,,,no_data,no_data,no_data
DTXSID8022406,131-56-6,"2,4-dihydroxybenzophenone",214.2,2.595,0.0113,1.0,,39.3,21.4345,0.0005,1.471045,1.447751,0.000969,7.562346,7.442599,0.004981,,,,,no_data,no_data,no_data
DTXSID9023380,68-22-4,Norethindrone,298.4,2.97,0.0516,1.0,,0.0,33.0363,24.2927,0.0,1.492348,1.489612,0.0,10.687596,10.668007,,,,,no_data,no_data,no_data
DTXSID1033664,58-18-4,17-methyltestosterone,302.5,3.361,0.0329,1.0,,12.7,32.9308,8.1571,1.469262,1.487995,1.452683,10.666843,10.802841,10.546482,,,,,no_data,no_data,no_data
DTXSID3022409,80-09-1,"4,4'-sulfonyldiphenol",250.3,-0.1034,0.0576,1.0,,0.0,31.4964,4.8555,0.0,1.492807,1.454539,0.0,8.967592,8.737704,,,,,no_data,no_data,no_data
DTXSID5021411,115-96-8,Tris(2-chloroethyl) phosphate,285.5,1.441,0.44,1.0,,0.0,64.6465,68.4256,0.0,1.499539,1.499565,0.0,10.274842,10.275017,,,,,no_data,no_data,no_data
DTXSID9022526,94-18-8,Benzylparaben,228.2,3.556,0.00674,1.0,,633.0,27.5975,11.1605,1.496933,1.432673,1.343837,8.198403,7.846462,7.359928,,,,,no_data,no_data,no_data
DTXSID2022121,791-28-6,Triphenylphosphine oxide,278.3,2.835,0.101,1.0,,0.0,6.9997,7.011,0.0,1.48168,1.481709,0.0,9.896436,9.896631,,,,,no_data,no_data,no_data
DTXSID3041035,23513-14-6,(6)-gingerol,294.4,3.431,0.141,1.0,,146.0,36.3659,84.7671,1.499363,1.497447,1.498904,10.593902,10.580363,10.590654,,,,,no_data,no_data,no_data
DTXSID8044593,15619-48-4,1-benzylquinolinium chloride,255.8,0.4384,0.599,1.0,,7.31,2.8001,6.2441,1.497011,1.492223,1.496503,9.190453,9.161056,9.187328,,,,,no_data,no_data,no_data
DTXSID4042206,2687-96-9,1-dodecyl-2-pyrrolidinone,253.4,4.203,0.0125,1.0,,19.1,42.9078,8.4719,1.447021,1.475945,1.385626,8.800202,8.97611,8.42682,,,,,no_data,no_data,no_data
DTXSID6021793,90-15-3,1-naphthol,144.2,2.85,0.0682,1.0,,0.0,9.141,9.4001,0.0,1.479259,1.479823,0.0,5.119418,5.12137,,,,,no_data,no_data,no_data
DTXSID7025132,83-41-0,"1,2-dimethyl-3-nitrobenzene",151.2,2.83,1e-06,1.0,,523.0,25.2799,99.2313,1.285196,0.33649,0.797492,4.66372,1.221053,2.893938,,,,,no_data,no_data,no_data
DTXSID6020147,95-14-7,"1,2,3-benzotriazole",119.1,1.439,0.287,1.0,,0.0,0.0,5.8381,0.0,0.0,1.492215,0.0,0.0,4.265348,,,,,no_data,no_data,no_data
DTXSID2041250,14233-37-5,"1,4-bis(n-isopropylamino)anthraquinone",322.4,3.459,0.00728,1.0,,0.0,10.2557,10.8489,0.0,1.342788,1.350528,0.0,10.389959,10.449844,,,,,no_data,no_data,no_data
DTXSID8022377,57-91-0,17alpha-estradiol,272.4,3.909,3.98e-05,1.0,,55.6,28.3798,52.8077,0.583165,0.367638,0.564908,3.812502,2.403471,3.693142,,,,,no_data,no_data,no_data
DTXSID0034192,10161-33-8,17beta-trenbolone,270.4,2.948,0.0999,1.0,,37.4,37.0131,19.0593,1.496499,1.496462,1.493145,9.711679,9.711442,9.689914,,,,,no_data,no_data,no_data
DTXSID3044590,15086-94-9,"2',4',5',7'-tetrabromofluorescein",647.9,5.861,0.003,1.0,,0.0,10.1983,5.3964,0.0,1.166671,0.974061,0.0,18.141265,15.146267,,,,,no_data,no_data,no_data
DTXSID2044890,2467-03-0,2-(4-hydroxybenzyl)phenol,200.2,3.15,0.0426,1.0,,56.8,22.9352,0.017,1.494601,1.486699,0.114765,7.181257,7.143291,0.551421,,,,,no_data,no_data,no_data
DTXSID6032647,21564-17-0,2-(thiocyanomethylthio)benzothiazole,238.3,3.299,0.331,1.0,,0.0,7.1908,20.3734,0.0,1.494511,1.498058,0.0,8.547409,8.567694,,,,,no_data,no_data,no_data
DTXSID4027604,5809-23-4,2-[4-(diethylamino)-2-hydroxybenzoyl]benzoic acid,313.4,3.279,0.00517,1.0,,2.0,27.0037,21.5234,0.812839,1.411615,1.39075,6.113853,10.617606,10.460665,,,,,no_data,no_data,no_data
DTXSID1020069,97-56-3,2-amino-5-azotoluene,225.3,3.783,0.00696,1.0,,6.89,1.6538,5.5283,1.268732,0.852554,1.222313,6.860288,4.60993,6.609291,,,,,no_data,no_data,no_data
DTXSID6020068,117-79-3,2-aminoanthraquinone,223.2,3.307,0.0305,1.0,,30.8,10.7779,0.0124,1.486171,1.461146,0.062208,7.961121,7.827068,0.333234,,,,,no_data,no_data,no_data
DTXSID0022353,92-04-6,2-chloro-4-phenylphenol,204.6,4.165,1e-06,1.0,,0.0,8.7809,0.1818,0.0,0.136926,0.003113,0.0,0.672359,0.015287,,,,,no_data,no_data,no_data
DTXSID3041409,587-65-5,2-chloro-n-phenylacetamide,169.6,1.63,0.401,1.0,,38.9,14.594,8.6212,1.49916,1.497763,1.496217,6.10218,6.096494,6.090201,,,,,no_data,no_data,no_data
DTXSID5041516,4940-11-8,2-ethyl-3-hydroxy-4h-pyran-4-one,140.1,0.6281,0.606,1.0,,81.0,21.6752,1.8396,1.499733,1.499002,1.48833,5.042702,5.040246,5.00436,,,,,no_data,no_data,no_data
DTXSID3022405,131-57-7,2-hydroxy-4-methoxybenzophenone,228.2,3.785,0.00952,1.0,,15.7,22.7737,10.1964,1.417121,1.441866,1.376082,7.761288,7.896813,7.536526,,,,,no_data,no_data,no_data
DTXSID9025536,583-39-1,2-mercaptobenzimidazole,150.2,1.66,0.4,1.0,,0.0,0.1757,7.3519,0.0,1.334071,1.495555,0.0,4.809061,5.391175,,,,,no_data,no_data,no_data
DTXSID1020807,149-30-4,2-mercaptobenzothiazole,167.2,2.418,0.0215,1.0,,37.3,3.1087,3.5831,1.483826,1.326513,1.347141,5.954298,5.32303,5.405809,,,,,no_data,no_data,no_data
DTXSID2047199,2785-87-7,2-methoxy-4-propylphenol,166.2,2.648,0.0707,1.0,,24.6,31.9354,6.9505,1.492499,1.494215,1.473784,5.953279,5.960125,5.878628,,,,,no_data,no_data,no_data
DTXSID0023113,90-05-1,2-methoxyphenol,124.1,1.32,0.569,1.0,,44.9,21.5009,7.0372,1.499487,1.498929,1.496733,4.466072,4.46441,4.457868,,,,,no_data,no_data,no_data
DTXSID1026164,95-53-4,2-methylaniline,107.2,1.322,0.713,1.0,,0.0,12.2498,6.9862,0.0,1.4985,1.497372,0.0,3.855342,3.852439,,,,,no_data,no_data,no_data
DTXSID4044581,96-70-8,2-tert-butyl-4-ethylphenol,178.3,3.812,0.0454,1.0,,102.0,31.6921,0.0518,1.497174,1.490942,0.318001,6.406706,6.380039,1.360791,,,,,no_data,no_data,no_data
DTXSID2020212,2409-55-4,2-tert-butyl-4-methylphenol,164.2,3.433,0.0272,1.0,,20.9,32.7916,0.0081,1.477284,1.485442,0.036877,5.821683,5.85383,0.145327,,,,,no_data,no_data,no_data
DTXSID2026529,88-60-8,2-tert-butyl-5-methylphenol,164.2,3.343,0.0264,1.0,,36.0,31.2123,0.0081,1.48633,1.484255,0.035819,5.857328,5.849151,0.141154,,,,,no_data,no_data,no_data
DTXSID2026525,88-18-6,2-tert-butylphenol,150.2,3.31,0.000115,1.0,,59.7,22.2048,41.8945,0.659858,0.339123,0.532984,2.378657,1.22247,1.921302,,,,,no_data,no_data,no_data
DTXSID4020870,119-47-1,"2,2'-methylenebis(4-methyl-6-tert-butylphenol)",340.5,6.251,1e-06,1.0,,22.4,35.8982,15.5286,0.305976,0.43668,0.226274,2.500435,3.568545,1.84911,,,,,no_data,no_data,no_data
DTXSID7038864,88-24-4,"2,2'-methylenebis(ethyl-6-tert-butylphenol)",368.6,7.47,0.00513,1.0,,0.0,34.5936,5.4331,0.0,1.429584,1.141879,0.0,12.646673,10.101523,,,,,no_data,no_data,no_data
DTXSID5041306,131-55-5,"2,2',4,4'-tetrahydroxybenzophenone",246.2,2.598,0.0354,1.0,,19.2,29.8129,1.7248,1.480954,1.487678,1.312148,8.750659,8.790393,7.753222,,,,,no_data,no_data,no_data
DTXSID3021770,79-95-8,"2,2',6,6'-tetrachlorobisphenol a",366.1,7.151,0.00598,1.02696470419096,,18.7,14.9089,3.1639,1.391248,1.366064,1.025986,12.553683,12.326434,9.257801,,,,,no_data,no_data,no_data
DTXSID1027635,6846-50-0,"2,2,4-trimethyl-1,3-pentanediol diisobutyrate",286.4,4.777,1e-06,1.0,,9.95,57.2148,74.7687,0.153293,0.593402,0.691529,1.053675,4.078809,4.753293,,,,,no_data,no_data,no_data
DTXSID2027414,1563-38-8,"2,3-dihydro-2,2-dimethyl-7-benzofuranol",164.2,2.083,0.364,1.0,,0.0,19.0771,11.918,0.0,1.498114,1.496984,0.0,5.903768,5.899313,,,,,no_data,no_data,no_data
DTXSID6037728,1143-72-2,"2,3,4-trihydroxbenzophenone",230.2,2.833,0.0185,1.0,,94.1,22.5416,3.2154,1.492506,1.469204,1.307817,8.245796,8.117056,7.225429,,,,,no_data,no_data,no_data
DTXSID6022187,2416-94-6,"2,3,6-trimethylphenol",136.2,2.671,0.0908,1.0,,106.0,44.9569,7.0426,1.498639,1.496795,1.479772,4.898751,4.892723,4.837079,,,,,no_data,no_data,no_data
DTXSID2026602,96-76-4,"2,4-di-tert-butylphenol",206.3,5.186,0.144,1.0,,2.52,29.7472,0.0197,1.464717,1.496945,0.367523,7.252107,7.411675,1.819679,,,,,no_data,no_data,no_data
DTXSID8044836,1470-79-7,"2,4,4'-trihydroxybenzophenone",230.2,2.707,0.0196,1.0,,21.1,28.6741,3.1018,1.468951,1.477027,1.311439,8.115662,8.160279,7.245437,,,,,no_data,no_data,no_data
DTXSID7022049,527-60-6,"2,4,6-trimethylphenol",136.2,2.729,0.109,1.0,,163.0,37.9365,7.0426,1.499262,1.496836,1.483112,4.900789,4.892857,4.847995,,,,,no_data,no_data,no_data
DTXSID5044992,79-74-3,"2,5-bis(2-methylbutan-2-yl)benzene-1,4-diol",250.4,4.911,0.0166,1.0,,11.4,29.7387,4.5064,1.433772,1.473902,1.343061,8.616397,8.85756,8.071257,,,,,no_data,no_data,no_data
DTXSID8041248,88-58-4,"2,5-di-tert-butylbenzene-1,4-diol",222.3,4.59,1e-06,1.0,,117.0,33.29,0.1924,0.858558,0.413703,0.003294,4.580577,2.207187,0.017576,,,,,no_data,no_data,no_data
DTXSID1044564,3855-32-1,"2,6,10-trimethyl-2,6,10-triazaundecane",201.4,0.2133,0.0383,1.0,,0.0,91.7084,0.6388,0.0,1.496276,1.10515,0.0,7.232401,5.341855,,,,,no_data,no_data,no_data
DTXSID0020286,95-74-9,3-chloro-4-methylaniline,141.6,1.926,0.145,1.0,,65.3,11.8497,6.7526,1.498616,1.492407,1.486727,5.092898,5.071798,5.052493,,,,,no_data,no_data,no_data
DTXSID0025101,99-07-0,3-dimethylaminophenol,137.2,1.561,0.242,1.0,,0.0,28.6874,2.8091,0.0,1.498114,1.480957,0.0,4.932989,4.876495,,,,,no_data,no_data,no_data
DTXSID0028038,55406-53-6,3-iodo-2-propynyl-n-butylcarbamate,281.1,2.091,0.719,1.0,,486.0,67.7443,5.5806,1.499962,1.499731,1.496739,10.119347,10.117784,10.097602,,,,,no_data,no_data,no_data
DTXSID0044571,618-45-1,3-isopropylphenol,136.2,3.015,0.14,1.0,,19.9,24.1604,20.8833,1.495308,1.496134,1.495529,4.887864,4.890561,4.888584,,,,,no_data,no_data,no_data
DTXSID1026792,108-44-1,3-methylaniline,107.2,1.4,0.549,1.0,,32.9,11.7488,7.0372,1.499274,1.49797,1.496614,3.857333,3.853977,3.850488,,,,,no_data,no_data,no_data
DTXSID9044825,585-34-2,3-tert-butylphenol,150.2,3.301,0.116,1.0,,40.2,24.7459,9.3299,1.497193,1.495446,1.487982,5.397083,5.390784,5.363877,,,,,no_data,no_data,no_data
DTXSID1020485,20325-40-0,"3,3'-dimethoxybenzidine dihydrochloride",317.2,-0.2588,0.201,1.0,,0.0,7.7879,2.8595,0.0,1.49167,1.477529,0.0,11.355788,11.248132,,,,,no_data,no_data,no_data
DTXSID6020511,612-82-8,"3,3'-dimethylbenzidine dihydrochloride",285.2,-0.9007,0.115,1.0,,25.4,8.8054,5.2863,1.495525,1.487162,1.478737,10.236566,10.179329,10.121662,,,,,no_data,no_data,no_data
DTXSID1026081,79-94-7,"3,3',5,5'-tetrabromobisphenol a",543.9,6.663,0.00107,1.0,,50.5,27.2438,11.8867,1.291133,1.153968,0.889009,16.853934,15.063437,11.604765,,,,,no_data,no_data,no_data
DTXSID8024999,99-54-7,"3,4-dichloronitrobenzene",192.0,3.119,1e-06,1.0,,387.0,7.685,0.0834,1.223618,0.121218,0.00143,5.638434,0.558571,0.006588,,,,,no_data,no_data,no_data
DTXSID7030307,626-43-7,"3,5-dichloroaniline",162.0,2.899,0.0522,1.0,,86.1,5.4322,7.1695,1.497088,1.455143,1.465764,5.820679,5.657595,5.698892,,,,,no_data,no_data,no_data
DTXSID4040767,1154-59-2,"3,5-dichlorosalicyl-3,4-dichloroanullide",351.0,5.109,1e-06,1.0,,0.0,9.5051,15.5286,0.0,0.147111,0.226274,0.0,1.239262,1.906131,,,,,no_data,no_data,no_data
DTXSID8023216,6893-02-3,"3,5,3'-triiodothyronine",651.0,3.769,3.46e-05,1.0,,0.0,26.6584,34.2776,0.0,0.35055,0.422519,0.0,5.476995,6.601435,,,,,no_data,no_data,no_data
DTXSID0027721,10081-67-1,4-(2-phenylpropan-2-yl)-n-[4-(2-phenylpropan-2-yl)phenyl]aniline,405.6,9.246,1e-06,1.0,,0.0,8.2367,15.5286,0.0,0.12917,0.226274,0.0,1.257396,2.20264,,,,,no_data,no_data,no_data
DTXSID4048195,18979-55-0,4-(hexyloxy)phenol,194.3,3.355,0.00077,1.0,,83.6,27.0872,0.0714,1.320663,1.057007,0.009375,6.158517,4.929035,0.043719,,,,,no_data,no_data,no_data
DTXSID6024466,150-13-0,4-aminobenzoic acid,137.1,0.8241,0.766,1.0,,0.0,16.5218,4.6682,0.0,1.498965,1.496342,0.0,4.932193,4.923564,,,,,no_data,no_data,no_data
DTXSID5037739,122-37-2,4-anilinophenol,185.2,2.822,0.0582,1.0,,75.1,4.1171,0.0077,1.497006,1.447205,0.073151,6.653893,6.432538,0.32514,,,,,no_data,no_data,no_data
DTXSID8021856,104-13-2,4-butylaniline,149.2,3.048,0.0599,1.0,,26.4,16.0749,17.2552,1.491754,1.486505,1.487421,5.341673,5.322878,5.326156,,,,,no_data,no_data,no_data
DTXSID4048199,4344-55-2,4-butyloxyaniline,165.2,1.459,0.165,1.0,,28.4,14.9027,3.8231,1.497207,1.494687,1.479498,5.936127,5.926133,5.865915,,,,,no_data,no_data,no_data
DTXSID3047425,1638-22-8,4-butylphenol,150.2,3.647,0.0358,1.0,,127.0,28.064,0.0204,1.497122,1.487062,0.11566,5.396824,5.360561,0.41693,,,,,no_data,no_data,no_data
DTXSID5020283,95-83-0,"4-chloro-1,2-diaminobenzene",142.6,1.277,0.373,1.0,,31.6,4.2359,6.594,1.498888,1.491747,1.494688,5.129796,5.105355,5.11542,,,,,no_data,no_data,no_data
DTXSID9020295,106-47-8,4-chloroanulline,127.6,1.832,0.264,1.0,,0.0,7.3648,7.7139,0.0,1.493286,1.493589,0.0,4.57304,4.573967,,,,,no_data,no_data,no_data
DTXSID3022536,599-64-4,4-cumylphenol,212.3,3.691,0.0231,1.0,,27.2,16.9689,0.0058,1.479418,1.467279,0.022644,7.537931,7.476082,0.115375,,,,,no_data,no_data,no_data
DTXSID0025864,156-43-4,4-ethoxyaniline,137.2,1.238,0.485,1.0,,13.8,12.8034,6.594,1.498044,1.497891,1.495911,4.932758,4.932257,4.925737,,,,,no_data,no_data,no_data
DTXSID2037714,1987-50-4,4-heptylphenol,192.3,4.028,0.00365,1.0,,42.5,29.6001,0.0458,1.419984,1.387723,0.028148,6.553511,6.404619,0.129909,,,,,no_data,no_data,no_data
DTXSID5040708,33228-45-4,4-hexylanilline,177.3,4.207,0.00695,1.0,,440.0,18.1769,0.0462,1.495724,1.402926,0.053147,6.364607,5.96973,0.22615,,,,,no_data,no_data,no_data
DTXSID4022288,39905-57-2,4-hexyloxyanilline,193.3,3.635,0.0252,1.0,,79.3,16.9119,0.0117,1.493467,1.469852,0.048944,6.928493,6.818939,0.22706,,,,,no_data,no_data,no_data
DTXSID0021969,121-33-5,4-hydroxy-3-methoxybenzaldehyde,152.1,1.193,0.322,1.0,,234.0,29.834,2.788,1.499826,1.498636,1.485535,5.474965,5.470622,5.422798,,,,,no_data,no_data,no_data
DTXSID3037094,68392-35-8,4-hydroxytamoxifen,387.5,5.454,0.0153,1.0,,16.0,28.6276,3.8311,1.448285,1.47065,1.305338,13.46905,13.677046,12.13964,,,,,no_data,no_data,no_data
DTXSID9037741,134-84-9,4-methylbenzophenone,196.2,3.306,0.0188,1.0,,118.0,21.2596,0.0139,1.494113,1.467896,0.043541,7.035478,6.91203,0.205025,,,,,no_data,no_data,no_data
DTXSID0021834,100-02-7,4-nitrophenol,139.1,1.912,0.141,1.0,,14.0,14.7212,5.7235,1.493387,1.49371,1.483927,4.985523,4.9866,4.953941,,,,,no_data,no_data,no_data
DTXSID1021031,156-10-5,4-nitrosodiphenylamine,198.2,3.043,0.123,1.0,,839.0,2.0541,0.0068,1.499873,1.449839,0.130992,7.134596,6.896594,0.623104,,,,,no_data,no_data,no_data
DTXSID5029055,84852-15-3,"4-nonylphenol, branched",220.2,5.034,1e-06,1.0,,104.0,28.6947,0.1243,0.814993,0.370709,0.00213,4.307077,1.959124,0.011256,,,,,no_data,no_data,no_data
DTXSID0040707,33228-44-3,4-pentylaniline,163.3,3.39,0.0234,1.0,,18.2,17.1474,0.0081,1.469831,1.468019,0.031835,5.760563,5.75346,0.124767,,,,,no_data,no_data,no_data
DTXSID5048180,2696-84-6,4-propylanilline,135.2,2.4,0.136,1.0,,17.3,14.935,7.0026,1.494448,1.493572,1.486357,4.849184,4.846343,4.822932,,,,,no_data,no_data,no_data
DTXSID0048181,769-92-6,4-tert-butylaniline,149.2,2.7,0.155,1.0,,10.7,14.7578,9.5917,1.492136,1.49429,1.491232,5.343039,5.350753,5.339804,,,,,no_data,no_data,no_data
DTXSID5037731,3236-71-3,"4,4'-(9h-fluorene-9,9-diyl)diphenol",350.4,3.674,1e-06,1.0,,22.4,5.8084,41.9647,0.305976,0.093462,0.486539,2.573135,0.785976,4.091595,,,,,no_data,no_data,no_data
DTXSID5051650,13080-86-9,"4,4'-(isopropylidenebis(4,1-phenyleneoxy))dianiline",410.5,6.357,1e-06,1.0,,0.0,10.1535,15.5286,0.0,0.156102,0.226274,0.0,1.537916,2.22925,,,,,no_data,no_data,no_data
DTXSID4048191,13680-35-8,"4,4'-methylenebis(2,6-diethylaniline)",310.5,5.139,0.00874,1.0,,8.2,29.8653,4.6485,1.336936,1.451395,1.234411,9.962844,10.815795,9.198833,,,,,no_data,no_data,no_data
DTXSID6022422,101-77-9,"4,4'-methylenedianiline",198.3,1.589,0.261,1.0,,3.37,11.6044,5.039,1.48524,1.495683,1.490096,7.068552,7.118256,7.091666,,,,,no_data,no_data,no_data
DTXSID2037712,27955-94-8,"4,4',4''-ethane-1,1,1-triyltriphenol",306.4,3.301,0.0141,1.0,,30.8,19.1152,15.2811,1.470403,1.45288,1.441518,10.812759,10.683898,10.600349,,,,,no_data,no_data,no_data
DTXSID9024489,2835-95-2,5-amino-2-methylphenol,123.2,0.7676,0.604,1.0,,16.0,16.18,4.7022,1.498644,1.49866,1.495398,4.431192,4.431236,4.421591,,,,,no_data,no_data,no_data
DTXSID1046970,105624-86-0,5hpp-33,323.4,4.28,0.0415,1.0,,47.0,,15.8012,1.493308,,1.480268,11.590457,,11.489246,,,,,no_data,no_data,no_data
DTXSID6023652,154-42-7,6-thioguanine,167.2,-0.06896,0.804,1.0,,0.0,0.0,0.563,0.0,0.0,1.471582,0.0,0.0,5.905164,,,,,no_data,no_data,no_data
DTXSID6021828,98-86-2,Acetophenone,120.2,1.582,0.326,1.0,,0.0,28.2621,6.8166,0.0,1.498578,1.494123,0.0,4.323098,4.310245,,,,,no_data,no_data,no_data
DTXSID2026446,77-90-7,Acetyl tributyl citrate,402.5,4.366,0.00942,1.0,,261.0,82.6205,6.1863,1.494686,1.48334,1.304347,14.438665,14.329064,12.599997,,,,,no_data,no_data,no_data
DTXSID1032519,135158-54-2,Acibenzolar-s-methyl,210.3,3.098,0.0232,1.0,,863.0,0.1233,0.0051,1.499345,0.369842,0.020033,7.567496,1.866667,0.101108,,,,,no_data,no_data,no_data
DTXSID3030636,25316-40-9,Adriamycin hydrochloride,580.0,1.473,0.157,1.0,,0.0,27.2819,6.378,0.0,1.496945,1.487019,0.0,20.837475,20.699305,,,,,no_data,no_data,no_data
DTXSID6023862,1646-88-4,Aldoxycarb,222.3,-0.5679,0.948,1.0,,0.0,61.8714,0.3655,0.0,1.499776,1.46309,0.0,8.001608,7.805875,,,,,no_data,no_data,no_data
DTXSID4024436,25956-17-6,Allura red c.i.16035,496.4,2.328,0.0137,1.0,,0.0,13.2969,2.881,0.0,1.431319,1.228031,0.0,17.052157,14.63027,,,,,no_data,no_data,no_data
DTXSID7037185,19774-82-4,Amiodarone hydrochloride,681.8,2.244,1e-06,1.0,,4.537,21.5072,17.3121,0.074013,0.296189,0.247966,1.211096,4.846593,4.057515,,,,,no_data,no_data,no_data
DTXSID0048185,41372-20-7,Apomorphine hydrochloride hydrate,625.6,0.1058,0.0723,1.0,,17.4,,6.0538,1.489649,,1.47063,22.36619,,22.08062,,,,,no_data,no_data,no_data
DTXSID8023890,3337-71-1,Asulam,230.2,-0.2672,0.456,1.0,,0.0,36.1907,1.5159,0.0,1.499206,1.481269,0.0,8.282813,8.183712,,,,,no_data,no_data,no_data
DTXSID9020114,2465-27-2,Auramine hydrochloride,303.8,0.5336,0.107,1.0,,8.66,17.1924,6.1499,1.485982,1.492906,1.480336,10.834592,10.885077,10.793422,,,,,no_data,no_data,no_data
DTXSID9034818,35575-96-3,Azamethiphos,324.7,1.05,0.553,1.0,,429.0,2.1516,48.7361,1.499945,1.48906,1.499514,11.688769,11.60395,11.68541,,,,,no_data,no_data,no_data
DTXSID4020119,446-86-6,Azathioprine,277.3,0.101,0.32,1.0,,0.0,0.0004,2.8571,0.0,0.021648,1.485794,0.0,0.14407,9.888259,,,,,no_data,no_data,no_data
DTXSID5038888,2390-60-5,Basic blue 7,514.2,2.876,1e-06,1.0,,3.21,9.7745,21.6089,0.053132,0.150861,0.297312,0.655697,1.861747,3.669063,,,,,no_data,no_data,no_data
DTXSID8021804,94-09-7,Benzocaine,165.2,1.86,0.338,1.0,,132.0,23.2999,12.8013,1.499706,1.498337,1.496976,5.946035,5.940606,5.935209,,,,,no_data,no_data,no_data
DTXSID1024598,118-58-1,Benzyl salicylate,228.2,3.106,1e-06,1.0,,841.0,23.9939,139.015,1.358771,0.323059,0.920924,7.441716,1.769329,5.043714,,,,,no_data,no_data,no_data
DTXSID2047270,253450-09-8,Besonprodil,402.5,4.239,0.0385,1.0,,5.31,12.1128,15.7236,1.438493,1.472401,1.478649,13.89584,14.223393,14.283746,,,,,no_data,no_data,no_data
DTXSID2022678,90357-06-5,Bicalutamide,430.4,3.477,0.0323,1.0,,0.0,22.4296,5.5272,0.0,1.482117,1.429984,0.0,15.309679,14.771162,,,,,no_data,no_data,no_data
DTXSID1022394,491-80-5,Biochanin a,284.3,3.138,0.0203,1.0,,230.0,12.4227,9.4946,1.497197,1.449748,1.434923,10.215674,9.89192,9.790764,,,,,no_data,no_data,no_data
DTXSID00872663,33171-05-0,Bisdemethoxycurcumin,308.3,3.242,1e-06,1.0,,112.0,34.9276,61.9293,0.842474,0.428244,0.622022,6.233637,3.16866,4.602466,,,,,no_data,no_data,no_data
DTXSID7037717,1478-61-1,Bisphenol af,336.2,4.017,0.00685,1.0,,125.0,29.0303,9.132,1.484842,1.43684,1.316091,11.98089,11.593577,10.619274,,,,,no_data,no_data,no_data
DTXSID7034383,125401-92-5,Bispyribac-sodium,452.4,-1.027,0.0106,1.0,,0.0,,15.4047,0.0,,1.423782,0.0,,15.458854,,,,,no_data,no_data,no_data
DTXSID3044704,62625-32-5,Bromocresol green sodium salt,720.0,1.581,0.00511,1.0,,0.0,21.1493,6.8548,0.0,1.387754,1.200432,0.0,23.980395,20.743461,,,,,no_data,no_data,no_data
DTXSID6020197,22260-51-1,Bromocriptine mesylate,750.7,0.6293,0.00955,1.0,,178.0,17.7483,23.2723,1.492326,1.426436,1.443237,26.886941,25.69981,26.002504,,,,,no_data,no_data,no_data
DTXSID1021247,569-61-9,C.i. basic red 9 monohydrochloride,323.8,-0.8487,0.235,1.0,,3.23,8.3598,2.9601,1.482923,1.493355,1.481385,11.524088,11.605163,11.512138,,,,,no_data,no_data,no_data
DTXSID9044538,13301-61-6,C.i. disperse orange 37,392.2,3.178,0.00145,1.0,,0.0,3.0164,32.1232,0.0,0.50024,1.262981,0.0,4.708661,11.888184,,,,,no_data,no_data,no_data
DTXSID5040706,3118-97-6,C.i. solvent orange 7,276.3,4.442,1e-06,1.0,,0.0,5.063,98.9346,0.0,0.082124,0.796373,0.0,0.544583,5.28091,,,,,no_data,no_data,no_data
DTXSID3041744,509-34-2,C.i. solvent red 49,442.6,6.086,0.0456,1.0,,13.9,7.7119,6.0453,1.479595,1.463619,1.453897,15.71685,15.547145,15.44388,,,,,no_data,no_data,no_data
DTXSID4021135,842-07-9,C.i. solvent yellow 14,248.3,3.866,0.00277,1.0,,0.0,2.5037,22.5678,0.0,0.663596,1.315984,0.0,3.954503,7.842212,,,,,no_data,no_data,no_data
DTXSID1048122,63449-41-2,C8-18-alkydimethylbenzyl ammonium chlorides,276.3,3.16,0.0104,1.0,,63.1,19.7219,13.9352,1.480282,1.438686,1.414674,9.816048,9.540216,9.380983,,,,,no_data,no_data,no_data
DTXSID6047319,184653-84-7,Carabersat,357.4,3.204,0.187,1.0,,0.0,24.2521,38.7905,0.0,1.497114,1.498195,0.0,12.841648,12.850914,,,,,no_data,no_data,no_data
DTXSID3047344,159138-81-5,Cariporide mesylate,379.4,0.5727,0.451,1.0,,0.0,66.771,10.2955,0.0,1.499565,1.497181,0.0,13.654436,13.632735,,,,,no_data,no_data,no_data
DTXSID9022817,1260-17-9,Carminic acid,492.4,0.573,1e-06,1.0,,88.8,34.5483,90.1862,0.755905,0.42491,0.761713,8.932985,5.021421,9.001619,,,,,no_data,no_data,no_data
DTXSID3020257,120-80-9,Catechol,110.1,0.8794,0.0268,1.0,,42.3,18.5984,1.3358,1.488522,1.474147,1.20562,3.933271,3.895287,3.18573,,,,,no_data,no_data,no_data
DTXSID7032345,56-95-1,Chlorhexidine diacetate,625.6,1.33,0.00236,1.0,,0.0,14.9118,7.7318,0.0,1.201549,1.014164,0.0,18.040534,15.227066,,,,,no_data,no_data,no_data
DTXSID2032348,3691-35-8,Chlorophacinone,374.8,4.064,1e-06,1.0,,0.0,22.0023,29.7947,0.0,0.301636,0.381308,0.0,2.713275,3.42994,,,,,no_data,no_data,no_data
DTXSID0020319,1897-45-6,Chlorothalonil,265.9,2.976,0.378,1.0,,0.0,7.4125,42.734,0.0,1.495335,1.499189,0.0,9.54263,9.567223,,,,,no_data,no_data,no_data
DTXSID1021299,569-57-3,Chlorotrianisene,380.9,5.725,1e-06,1.0,,0.0,29.3026,15.5286,0.0,0.376591,0.226274,0.0,3.442645,2.068505,,,,,no_data,no_data,no_data
DTXSID7024827,69-09-0,Chlorpromazine hydrochloride,355.3,1.32,0.0235,1.0,,0.0,9.5683,18.0408,0.0,1.443869,1.469698,0.0,12.312164,12.532405,,,,,no_data,no_data,no_data
DTXSID1022396,480-40-0,Chrysin,254.2,3.519,0.00263,1.0,,204.0,7.9834,24.2836,1.475953,1.05908,1.319413,9.004494,6.461238,8.049476,,,,,no_data,no_data,no_data
DTXSID2047272,249296-43-3,Cj-013610,489.6,0.4695,0.0645,1.0,,0.0,,5.7463,0.0,,1.465438,0.0,,17.219488,,,,,no_data,no_data,no_data
DTXSID3020336,637-07-0,Clofibrate,242.7,3.456,1e-06,1.0,,868.0,32.8128,127.6926,1.362762,0.409391,0.890443,7.937816,2.384621,5.186652,,,,,no_data,no_data,no_data
DTXSID3042633,17321-77-6,Clomipramine hydrochloride,351.3,1.822,0.041,1.0,,0.0,12.0589,2.2108,0.0,1.473941,1.368068,0.0,12.427089,11.534459,,,,,no_data,no_data,no_data
DTXSID9029221,1702-17-6,Clopyralid,192.0,1.062,0.438,0.0008511380382023,,0.0,1.8143,2.2522,0.0,1.48368,1.486825,0.0,0.005819,0.005831,,,,,no_data,no_data,no_data
DTXSID6034265,57754-85-5,Clopyralid-olamine,253.1,1.453,0.464,1.0,,0.0,2.9991,28.6861,0.0,1.490637,1.499016,0.0,9.054723,9.10562,,,,,no_data,no_data,no_data
DTXSID7029871,23593-75-1,Clotrimazole,344.8,4.8,0.00953,1.0,,77.1,0.4168,5.6464,1.482365,0.468653,1.290382,12.266865,3.878198,10.678172,,,,,no_data,no_data,no_data
DTXSID6022474,50-22-6,Corticosterone,346.5,1.942,0.137,1.0,,12.1,35.825,6.0987,1.492132,1.497333,1.484469,12.408568,12.451823,12.344848,,,,,no_data,no_data,no_data
DTXSID8047266,230954-09-3,Cp-544439,410.4,2.383,0.145,1.0,,2.27,,8.0065,1.461195,,1.48879,14.392186,,14.663988,,,,,no_data,no_data,no_data
DTXSID7047306,290352-28-2,Cp-634384,341.4,3.337,0.0126,1.0,,0.0,,9.0023,0.0,,1.392675,0.0,,11.411024,,,,,no_data,no_data,no_data
DTXSID6047282,445295-04-5,Cp-671305,454.4,3.118,0.0414,1.0,,0.0,,11.4861,0.0,,1.472924,0.0,,16.063122,,,,,no_data,no_data,no_data
DTXSID8031077,458-37-7,Curcumin,368.4,2.597,1e-06,1.0,,297.0,32.1754,21.0916,1.158911,0.403578,0.291578,10.246628,3.568277,2.578013,,,,,no_data,no_data,no_data
DTXSID9034492,120116-88-3,Cyazofamid,324.8,0.848,0.051,1.0,,10.0,2.5942,9.7493,1.474724,1.407038,1.474085,11.495766,10.968142,11.490787,,,,,no_data,no_data,no_data
DTXSID6043709,4449-51-8,Cyclopamine,411.6,5.248,0.0741,1.0,,29.4,33.3336,10.0655,1.494005,1.49471,1.482624,14.758383,14.765346,14.645952,,,,,no_data,no_data,no_data
DTXSID6024888,6055-19-2,Cyclophosphamide monohydrate,279.1,1.304,0.772,1.0,,0.0,27.8023,79.0634,0.0,1.499389,1.499785,0.0,10.04351,10.046161,,,,,no_data,no_data,no_data
DTXSID5035957,68359-37-5,Cyfluthrin,434.3,5.952,1e-06,1.0,,23.8,29.6299,15.5286,0.321007,0.379733,0.226274,3.345918,3.958029,2.358498,,,,,no_data,no_data,no_data
DTXSID6032358,57966-95-7,Cymoxanil,198.2,0.5879,0.437,1.0,,32.8,65.9468,1.2026,1.499086,1.499545,1.475459,7.130851,7.133036,7.018462,,,,,no_data,no_data,no_data
DTXSID5020366,427-51-0,Cyproterone acetate,416.9,3.409,0.0584,1.0,,4.46,53.9297,16.0327,1.451294,1.495848,1.486126,14.521068,14.96686,14.86958,,,,,no_data,no_data,no_data
DTXSID5024891,69-74-9,Cytarabine hydrochloride,279.7,-2.084,0.96,1.0,,16.8,0.9866,3.292,1.499187,1.486283,1.495863,10.063746,9.97712,10.041426,,,,,no_data,no_data,no_data
DTXSID9020370,1596-84-5,Daminozide,160.2,-1.495,0.939,1.0,,2.29,84.2954,0.739,1.493927,1.499834,1.48134,5.743851,5.766563,5.695455,,,,,no_data,no_data,no_data
DTXSID0047246,139340-56-0,Darbufelone mesylate,428.6,0.5448,0.00678,1.0,,0.0,38.0713,13.5509,0.0,1.450867,1.369684,0.0,14.924197,14.089121,,,,,no_data,no_data,no_data
DTXSID5037494,6190-65-4,Deethylatrazine,187.6,1.511,0.486,1.0,,0.0,0.0,4.5253,0.0,0.0,1.494062,0.0,0.0,6.726864,,,,,no_data,no_data,no_data
DTXSID9034361,90823-38-4,Denatonium saccharide,507.6,0.8279,0.488,1.0,,0.0,17.033,19.3977,0.0,1.498424,1.498616,0.0,18.254403,18.256741,,,,,no_data,no_data,no_data
DTXSID3047429,2392-39-4,Dexamethasone sodium phosphate,516.4,0.9792,0.0956,1.0,,9.63,31.8778,8.468,1.485892,1.49571,1.483976,18.415546,18.537229,18.391809,,,,,no_data,no_data,no_data
DTXSID1041847,109-43-3,Dibutyl decanedioate,314.5,5.972,1e-06,1.0,,134.0,58.1761,18.8409,0.907807,0.599388,0.26598,6.852131,4.524183,2.00762,,,,,no_data,no_data,no_data
DTXSID6021824,97-23-4,Dichlorophen,269.1,4.258,0.0045,1.0,,13.2,19.683,21.3109,1.307578,1.365263,1.374696,8.444861,8.817415,8.878334,,,,,no_data,no_data,no_data
DTXSID5020449,62-73-7,Dichlorvos,221.0,1.429,1e-06,1.0,,86.4,101.0999,81.6857,0.745631,0.804455,0.7246,3.954825,4.26683,3.843276,,,,,no_data,no_data,no_data
DTXSID1024049,35367-38-5,Diflubenzuron,310.7,3.877,0.0308,1.0,,0.0,17.6334,5.7927,0.0,1.47624,1.429942,0.0,11.008027,10.662788,,,,,no_data,no_data,no_data
DTXSID9022522,84-69-5,Diisobutyl phthalate,278.3,4.112,0.000435,1.0,,345.0,37.245,39.2026,1.41744,0.974322,0.991677,9.467364,6.507694,6.623607,,,,,no_data,no_data,no_data
DTXSID5031131,131-18-0,Dipentyl phthalate,306.4,5.616,0.0986,1.0,,301.0,39.7496,27.3895,1.499558,1.496662,1.49516,11.027152,11.005854,10.994812,,,,,no_data,no_data,no_data
DTXSID8024072,957-51-7,Diphenamid,239.3,2.808,0.301,1.0,,0.0,31.7985,6.8349,0.0,1.498631,1.493654,0.0,8.60694,8.578352,,,,,no_data,no_data,no_data
DTXSID0022436,126-00-1,Diphenolic acid,286.3,3.455,0.163,1.0,,0.0,26.554,52.6801,0.0,1.496977,1.498475,0.0,10.286027,10.296319,,,,,no_data,no_data,no_data
DTXSID8032544,136-45-8,"Dipropyl 2,5-pyridinedicarboxylate",251.3,3.565,0.865,1.0,,592.0,10.5339,17.9517,1.499974,1.498562,1.499156,9.046646,9.038129,9.04171,,,,,no_data,no_data,no_data
DTXSID1021322,97-77-8,Disulfiram,296.5,3.877,0.08601,1.0,,28.46,448.5725,18.065,1.494663,1.49966,1.491608,10.636019,10.671582,10.614286,,,,,no_data,no_data,no_data
DTXSID3047477,6533-00-2,Dl-norgestrel,312.5,3.067,0.0392,1.0,,11.0,32.6256,22.9771,1.470196,1.489817,1.485583,11.026472,11.17363,11.141869,,,,,no_data,no_data,no_data
DTXSID6025226,24169-02-6,Econazole nitrate,444.7,1.082,0.00553,1.0,,6.02,2.9137,48.6519,1.188049,0.972444,1.452799,12.679807,10.3787,15.505429,,,,,no_data,no_data,no_data
DTXSID7047277,361343-19-3,Elzasonan,448.4,4.692,0.0329,1.0,,21.1,,12.0769,1.481347,,1.46771,15.941662,,15.794912,,,,,no_data,no_data,no_data
DTXSID4047258,124378-77-4,Enadoline,396.5,2.894,0.263,1.0,,3.36,26.3909,14.7964,1.485308,1.498113,1.496638,14.134186,14.256046,14.242009,,,,,no_data,no_data,no_data
DTXSID7024081,145-73-3,Endothal,186.2,1.907,0.867,1.0,,0.0,45.4612,12.5521,0.0,1.499667,1.498796,0.0,6.701714,6.69782,,,,,no_data,no_data,no_data
DTXSID0048183,77756-20-8,Enterolactone,298.3,2.811,0.0121,1.0,,139.0,,5.255,1.492244,,1.318713,10.683276,,9.440931,,,,,no_data,no_data,no_data
DTXSID0025234,17372-87-1,Eosin,691.9,4.486,0.0524,1.0,,0.0,13.2094,8.811,0.0,1.481293,1.472128,0.0,24.597762,24.445574,,,,,no_data,no_data,no_data
DTXSID1040372,133855-98-8,Epoxiconazole,329.8,3.072,0.0575,1.0,,0.0,0.203,24.1111,0.0,0.857694,1.490602,0.0,6.788816,11.79841,,,,,no_data,no_data,no_data
DTXSID7047433,474-86-2,Equilin,268.4,3.531,0.0583,1.0,,9.74,35.3185,31.6417,1.477259,1.493659,1.492926,9.515914,9.621554,9.61683,,,,,no_data,no_data,no_data
DTXSID9044950,52479-85-3,Exifone,278.2,1.158,1e-06,1.0,,28.1,30.9539,729.085,0.364895,0.392263,1.339413,2.436333,2.619065,8.942993,,,,,no_data,no_data,no_data
DTXSID7048168,129299-90-7,Fabesetron hydrochloride,329.8,0.4345,0.0309,1.0,,7.56,2.3118,7.5865,1.445896,1.336461,1.446078,11.444555,10.578356,11.445997,,,,,no_data,no_data,no_data
DTXSID8034588,131807-57-3,Famoxadone,374.4,4.649,0.0097,1.29625565584147,,16.4,5.6514,5.6464,1.42187,1.293708,1.29355,16.561422,15.068638,15.066803,,,,,no_data,no_data,no_data
DTXSID3020673,2353-45-9,Fd&c green no. 3,808.8,4.633,0.0151,1.0,,0.0,27.3089,5.5716,0.0,1.468863,1.358818,0.0,28.512397,26.376293,,,,,no_data,no_data,no_data
DTXSID6021456,2783-94-0,Fd&c yellow 6,452.4,1.779,1e-06,1.0,,18.9,10.4562,27.3989,0.266666,0.160258,0.357964,2.895358,1.740022,3.886627,,,,,no_data,no_data,no_data
DTXSID2029874,49562-28-9,Fenofibrate,360.8,4.943,0.00815,1.0,,563.0,30.7259,3.2238,1.497148,1.449406,1.125538,12.964103,12.550694,9.746255,,,,,no_data,no_data,no_data
DTXSID0040755,113776-20-8,Fenoxaprop-(2s)-ethyl,361.8,4.579,0.00537,1.0,,723.0,,7.9532,1.49663,,1.245153,12.995541,,10.811908,,,,,no_data,no_data,no_data
DTXSID2034598,71283-80-2,Fenoxaprop-p-ethyl,361.8,4.579,0.00635,1.0,,519.0,3.1605,4.6632,1.496032,1.044891,1.158122,12.990345,9.072997,10.056208,,,,,no_data,no_data,no_data
DTXSID2032550,111812-58-9,"Fenpyroximate (z,e)",421.5,5.008,0.0046,1.0,,16.8,9.3458,5.3964,1.347574,1.246542,1.109355,13.632057,12.610016,11.222233,,,,,no_data,no_data,no_data
DTXSID7037551,101-42-8,Fenuron,164.2,0.9813,0.564,1.0,,2.89,20.9907,4.3995,1.491999,1.498893,1.494734,5.879668,5.906839,5.890449,,,,,no_data,no_data,no_data
DTXSID3034612,69806-50-4,Fluazifop-butyl,383.4,4.5,0.00862,1.0,,401.0,8.8529,5.3748,1.496216,1.345839,1.261914,13.767584,12.383873,11.611627,,,,,no_data,no_data,no_data
DTXSID3034618,188489-07-8,Flufenpyr-ethyl,408.7,4.075,0.769,1.0,,375.0,4.3332,23.0953,1.499955,1.496075,1.499262,14.712754,14.674705,14.705962,,,,,no_data,no_data,no_data
DTXSID7024112,72178-02-0,Fomesafen,438.8,2.902,0.017,1.0,,0.0,24.1418,3.9953,0.0,1.468718,1.328964,0.0,15.467364,13.995581,,,,,no_data,no_data,no_data
DTXSID6024123,69806-40-2,Haloxyfop-methyl,375.7,4.07,0.00819,1.0,,467.0,7.5186,6.1863,1.49658,1.313536,1.279287,13.494359,11.843891,11.535078,,,,,no_data,no_data,no_data
DTXSID6023868,67485-29-4,Hydramethylnon,494.5,2.313,1e-06,1.0,,4.38,5.9362,18.9144,0.071574,0.095387,0.266833,0.849445,1.132058,3.16678,,,,,no_data,no_data,no_data
DTXSID8033562,52806-53-8,Hydroxyflutamide,292.2,2.7,0.166,1.0,,0.0,17.6736,19.71,0.0,1.495544,1.496003,0.0,10.487951,10.491171,,,,,no_data,no_data,no_data
DTXSID6043915,630-56-8,Hydroxyprogesterone caproate,428.6,5.315,0.0175,1.0,,195.0,50.1562,2.6731,1.496168,1.485209,1.263837,15.390177,15.277453,13.000333,,,,,no_data,no_data,no_data
DTXSID7047356,473289-62-2,Ilepatril,432.5,2.475,0.319,1.0,,5.55,,10.9851,1.49263,,1.496268,15.493504,,15.531258,,,,,no_data,no_data,no_data
DTXSID4047252,186392-65-4,Ingliforib,457.9,0.4186,0.0234,1.0,,2.09,9.5699,6.9233,1.27255,1.443648,1.423208,13.984812,15.86511,15.640491,,,,,no_data,no_data,no_data
DTXSID7034674,125225-28-7,Ipconazole,333.9,4.208,0.0132,1.0,,101.0,0.3401,9.4326,1.490229,0.508971,1.401601,11.9421,4.078689,11.231866,,,,,no_data,no_data,no_data
DTXSID8032417,25311-71-1,Isofenphos,345.4,4.117,0.0105,1.0,,158.0,34.7017,6.542,1.492138,1.464858,1.330666,12.369227,12.143085,11.030692,,,,,no_data,no_data,no_data
DTXSID8024157,33820-53-0,Isopropalin,309.4,4.502,1e-06,1.0,,12.5,18.6611,33.2147,0.187664,0.263889,0.413025,1.393518,1.959532,3.066956,,,,,no_data,no_data,no_data
DTXSID6025486,51-30-9,Isoproterenol hydrochloride,247.7,-1.184,0.609,1.0,,0.0,15.7713,1.9302,0.0,1.498636,1.488928,0.0,8.909092,8.851379,,,,,no_data,no_data,no_data
DTXSID1042077,34123-59-6,Isoproturon,206.3,2.686,0.258,1.0,,0.0,30.8868,0.0049,0.0,1.498356,0.189527,0.0,7.418662,0.938384,,,,,no_data,no_data,no_data
DTXSID0042086,59227-89-3,Laurocapram,281.5,6.109,0.00275,1.0,,9.8,43.3621,10.0023,1.13263,1.397553,1.138269,7.65205,9.441868,7.690143,,,,,no_data,no_data,no_data
DTXSID0048189,1166-52-5,Lauryl gallate,338.4,4.638,1e-06,1.0,,0.0,38.4392,22.8849,0.0,0.458148,0.311225,0.0,3.720898,2.527646,,,,,no_data,no_data,no_data
DTXSID7031531,129-73-7,Leucomalachite green,330.5,5.525,1e-06,1.0,,0.0,23.72,18.8409,0.0,0.320158,0.26598,0.0,2.539494,2.109757,,,,,no_data,no_data,no_data
DTXSID8023214,51-48-9,Levothyroxine,776.9,4.927,1e-06,1.0,,0.0,27.3794,15.5286,0.0,0.35777,0.226274,0.0,6.670832,4.219012,,,,,no_data,no_data,no_data
DTXSID2023224,79794-75-5,Loratadine,382.9,5.197,0.00968,1.0,,33.9,9.3218,3.8311,1.46108,1.367525,1.213879,13.426741,12.567007,11.155059,,,,,no_data,no_data,no_data
DTXSID9020790,1634-78-2,Malaoxon,314.3,1.724,0.538,1.0,,55.9,111.8816,7.3722,1.499564,1.499782,1.496701,11.311512,11.313157,11.289918,,,,,no_data,no_data,no_data
DTXSID5048184,2919-66-6,Melengestrol acetate,396.5,3.327,0.0232,1.0,,41.4,60.2907,5.5272,1.486472,1.490684,1.404273,14.145265,14.185351,13.363066,,,,,no_data,no_data,no_data
DTXSID7047568,41394-05-2,Metamitron,202.2,0.8305,0.693,1.0,,0.0,0.0467,2.0364,0.0,1.18101,1.490766,0.0,5.731204,7.23439,,,,,no_data,no_data,no_data
DTXSID6020692,100-97-0,Methenamine,140.2,-0.1649,0.352,1.0,,0.0,8.4451,0.58,0.0,1.495602,1.438413,0.0,5.032402,4.839973,,,,,no_data,no_data,no_data
DTXSID1022267,16752-77-5,Methomyl,162.2,0.6005,0.716,1.0,,2.05,189.7457,3.3267,1.49112,1.499903,1.494515,5.804631,5.838824,5.817849,,,,,no_data,no_data,no_data
DTXSID6025567,134-20-3,Methyl 2-aminobenzoate,151.2,1.877,0.224,1.0,,246.0,20.5872,8.2261,1.499762,1.497162,1.492918,5.442337,5.432902,5.4175,,,,,no_data,no_data,no_data
DTXSID9041653,4707-47-5,"Methyl 2,4-dihydroxy-3,6-dimethylbenzoate",196.2,2.051,0.0335,6.30741604554564,,268.0,64.5279,1.9312,1.498541,1.493959,1.321453,44.507207,44.371116,39.247619,,,,,no_data,no_data,no_data
DTXSID1042154,493-52-7,Methyl red,269.3,3.345,0.0304,1.0,,11.1,2.7763,8.8397,1.462124,1.359225,1.452745,9.450001,8.784943,9.389378,,,,,no_data,no_data,no_data
DTXSID5025659,119-36-8,Methyl salicylate,152.1,2.547,0.107,1.0,,817.0,36.3421,6.0844,1.49985,1.496636,1.480127,5.475053,5.463319,5.403054,,,,,no_data,no_data,no_data
DTXSID0023296,61-73-4,Methylene blue,319.8,0.6257,0.38,1.0,,13.9,2.0196,11.4464,1.497522,1.483107,1.496992,11.493779,11.383146,11.48971,,,,,no_data,no_data,no_data
DTXSID2020894,90-94-8,Michler's ketone,268.4,3.869,0.00959,1.0,,39.2,31.0412,12.0369,1.465914,1.45721,1.394408,9.442831,9.386766,8.982219,,,,,no_data,no_data,no_data
DTXSID9034816,6923-22-4,Monocrotophos,223.2,-0.1994,0.898,0.0004347633096485,,0.0,81.3851,0.3816,0.0,1.499821,1.462689,0.0,0.003493,0.003407,,,,,no_data,no_data,no_data
DTXSID0037576,1746-81-2,Monolinuron,214.6,2.297,0.205,1.0,,0.0,24.2607,2.269,0.0,1.497368,1.472331,0.0,7.712045,7.583094,,,,,no_data,no_data,no_data
DTXSID9040001,4376-18-5,Monomethyl phthalate,180.2,1.139,0.372,1.0,,0.0,40.0239,5.4374,0.0,1.49912,1.493546,0.0,6.483394,6.459286,,,,,no_data,no_data,no_data
DTXSID3040776,654055-01-3,Morin hydrate,338.3,1.499,1e-06,1.0,,0.0,,175.0058,0.0,,1.000344,0.0,,8.121994,,,,,no_data,no_data,no_data
DTXSID7032630,1214-39-7,N-benzyladenine,225.3,1.567,0.138,1.0,,0.0,0.0004,30.3769,0.0,0.009413,1.496879,0.0,0.050897,8.093922,,,,,no_data,no_data,no_data
DTXSID1025271,103-69-5,N-ethylaniline,121.2,2.16,0.214,1.0,,21.8,5.225,6.4051,1.497195,1.488365,1.490495,4.35504,4.329355,4.335551,,,,,no_data,no_data,no_data
DTXSID6020856,872-50-4,N-methyl-2-pyrrolidone,99.13,-0.4585,0.888,1.0,,0.0412,69.3541,0.585,1.210896,1.499787,1.475177,2.880866,3.568174,3.509624,,,,,no_data,no_data,no_data
DTXSID2025892,90-30-2,N-phenyl-1-naphthylamine,219.3,4.201,0.006962,1.0,,57.9,2.5527,0.0163,1.468163,1.005457,0.019224,7.727234,5.291923,0.101178,,,,,no_data,no_data,no_data
DTXSID2021440,88-12-0,N-vinyl-2-pyrrolidone,111.1,0.3681,0.953,1.0,,0.0,43.4568,3.1729,0.0,1.499683,1.495676,0.0,3.998756,3.988071,,,,,no_data,no_data,no_data
DTXSID7047697,63449-68-3,Naphthalen-2-yl 2-aminobenzoate,263.3,3.48,0.00653,1.0,,846.0,10.7497,13.5842,1.49763,1.333894,1.365445,9.463825,8.429142,8.628518,,,,,no_data,no_data,no_data
DTXSID7047358,439687-69-1,Nelivaptan,630.1,2.791,0.0608,1.0,,35.3,,5.1695,1.493916,,1.459412,22.591588,,22.069809,,,,,no_data,no_data,no_data
DTXSID1020932,59-67-6,Nicotinic acid,123.1,0.358,0.594,1.0,,3.54,0.7155,2.5944,1.49379,1.469771,1.49154,4.413254,4.342291,4.406605,,,,,no_data,no_data,no_data
DTXSID3034165,63612-50-0,Nilutamide,317.2,3.114,0.167,1.0,,0.0,9.8974,50.4746,0.0,1.492109,1.498446,0.0,11.359127,11.40737,,,,,no_data,no_data,no_data
DTXSID5020944,59-87-0,Nitrofurazone,198.1,0.2287,0.856,1.0,,0.0,3.7042,1.2007,0.0,1.495876,1.48735,0.0,7.111994,7.071458,,,,,no_data,no_data,no_data
DTXSID5042243,110-25-8,Oleyl sarcosine,353.5,6.151,1e-06,1.0,,41.7,51.0805,15.5286,0.484461,0.553246,0.226274,4.110166,4.693739,1.919707,,,,,no_data,no_data,no_data
DTXSID5044528,125-13-3,Oxyphenisatin,317.3,3.339,0.0266,1.0,,0.0,4.6969,8.1571,0.0,1.401915,1.441911,0.0,10.675863,10.98044,,,,,no_data,no_data,no_data
DTXSID8026303,125-31-5,P-xylenol blue,410.5,4.034,0.0261,1.0,,0.0,18.2319,4.5145,0.0,1.472943,1.396406,0.0,14.51143,13.75739,,,,,no_data,no_data,no_data
DTXSID6024046,311-45-5,Paraoxon,275.2,1.981,0.46,1.0,,0.0,22.6271,7.5894,0.0,1.498741,1.496254,0.0,9.898887,9.882456,,,,,no_data,no_data,no_data
DTXSID2047307,501027-49-2,Pd-0333941,390.4,5.023,0.00409,1.0,,3.4,,5.3964,0.921039,,1.074463,8.629763,,10.067284,,,,,no_data,no_data,no_data
DTXSID8021199,1114-71-2,Pebulate,203.3,3.835,1e-06,1.0,,159.0,107.3407,0.2142,0.967889,0.826744,0.003667,4.722523,4.033848,0.01789,,,,,no_data,no_data,no_data
DTXSID0048505,NOCAS_48505,Pharmagsid_48505,353.8,3.169,0.0135,1.0,,0.0,,9.0023,0.0,,1.39935,0.0,,11.882162,,,,,no_data,no_data,no_data
DTXSID9048510,460081-99-6,Pharmagsid_48510,436.4,5.009,0.0142,1.0,,7.69,,3.7804,1.388825,,1.289951,14.545998,,13.510429,,,,,no_data,no_data,no_data
DTXSID0021123,57-30-7,Phenobarbital sodium,254.2,-1.405,0.247,1.0,,0.0,3.9983,2.328,0.0,1.48684,1.477539,0.0,9.070912,9.014169,,,,,no_data,no_data,no_data
DTXSID8022408,143-74-8,Phenol red,354.4,3.02,0.142,1.0,,1.1,11.2848,56.8546,1.420506,1.491862,1.498378,12.082253,12.689181,12.744601,,,,,no_data,no_data,no_data
DTXSID2044420,34487-61-1,Phenol red sodium salt,376.4,0.9263,0.0878,1.0,,0.0,10.4046,12.1178,0.0,1.485783,1.487777,0.0,13.421969,13.439978,,,,,no_data,no_data,no_data
DTXSID5022439,81-90-3,Phenolphthalin,320.3,2.612,0.00918,1.0,,1.85,24.3856,4.2876,0.990291,1.443629,1.227412,7.612564,11.097467,9.435359,,,,,no_data,no_data,no_data
DTXSID5021126,92-84-2,Phenothiazine,199.3,4.149,0.0043,1.0,,0.0,2.1232,0.0378,0.0,0.766304,0.027383,0.0,3.665387,0.130977,,,,,no_data,no_data,no_data
DTXSID4047882,17696-62-7,Phenylparaben,214.2,3.288,0.045,1.0,,865.0,22.7037,0.01,1.499663,1.487275,0.073439,7.709469,7.645784,0.377537,,,,,no_data,no_data,no_data
DTXSID9047542,117428-22-5,Picoxystrobin,367.3,3.702,0.007216,1.0,,57.1,,8.7134,1.468839,,1.316917,12.948107,,11.608886,,,,,no_data,no_data,no_data
DTXSID3044203,112529-15-4,Pioglitazone hydrochloride,392.9,-0.2365,0.0106,1.0,,8.92,12.1581,14.8814,1.373062,1.404722,1.421242,12.947421,13.245966,13.401747,,,,,no_data,no_data,no_data
DTXSID3048520,625114-41-2,Piragliatin,421.9,1.964,0.48,0.216404430228433,,6.26,,14.6929,1.495649,,1.498143,3.277303,,3.282768,,,,,no_data,no_data,no_data
DTXSID6047525,81131-70-6,Pravastatin sodium,446.5,-0.2281,0.361,1.0,,0.0,34.1357,2.1151,0.0,1.498937,1.483022,0.0,16.062606,15.892065,,,,,no_data,no_data,no_data
DTXSID9033923,32809-16-8,Procymidone,284.1,3.081,0.0499,1.0,,5.32,12.1078,26.9502,1.452183,1.478608,1.490313,9.901564,10.081738,10.16155,,,,,no_data,no_data,no_data
DTXSID4024274,1918-16-7,Propachlor,211.7,2.182,0.345,1.0,,69.7,28.2767,2.3812,1.499455,1.498657,1.484207,7.618431,7.614377,7.540961,,,,,no_data,no_data,no_data
DTXSID4024276,2312-35-8,Propargite,350.5,4.999,0.0133,1.0,,24.0,46.132,3.8311,1.460018,1.47893,1.280352,12.281668,12.440758,10.770317,,,,,no_data,no_data,no_data
DTXSID8024280,60207-90-1,Propiconazole,342.2,3.717,0.0508,1.0,,17.0,0.175,17.3455,1.484969,0.756327,1.485266,12.195756,6.211564,12.198191,,,,,no_data,no_data,no_data
DTXSID9034864,181274-15-7,Propoxycarbazone-sodium,420.4,1.191,0.00891,1.0,,0.0,7.1079,32.7581,0.0,1.318074,1.456383,0.0,13.298839,14.694324,,,,,no_data,no_data,no_data
DTXSID5021201,121-79-9,Propyl gallate,212.2,1.8,0.0258,1.0,,49.7,39.9393,1.2894,1.489844,1.487382,1.18787,7.587476,7.574941,6.049584,,,,,no_data,no_data,no_data
DTXSID8034871,129630-19-9,Pyraflufen-ethyl,413.2,3.491,0.435,1.0,,0.0,6.2359,32.1127,0.0,1.495182,1.499062,0.0,14.827419,14.865898,,,,,no_data,no_data,no_data
DTXSID1034181,82640-04-8,Raloxifene hydrochloride,510.0,1.57,0.0129,1.0,,43.7,19.0977,4.0796,1.477096,1.448601,1.28634,18.079655,17.73088,15.744806,,,,,no_data,no_data,no_data
DTXSID4031980,501-36-0,Resveratrol,228.2,3.304,1e-06,1.0,,62.9,23.9049,139.015,0.627692,0.322118,0.920924,3.437743,1.764175,5.043714,,,,,no_data,no_data,no_data
DTXSID1021243,989-38-8,Rhodamine 6g,479.0,1.207,1e-06,1.0,,0.0,8.0042,12.2792,0.0,0.12583,0.184757,0.0,1.446542,2.123972,,,,,no_data,no_data,no_data
DTXSID5047320,180084-01-9,Sb236057a,571.1,4.528,0.015,1.0,,4.65,,6.3026,1.332951,,1.373046,18.269959,,18.819512,,,,,no_data,no_data,no_data
DTXSID8037594,26259-45-0,Secbumeton,225.3,3.103,0.0461,1.0,,6.53,0.0099,6.4014,1.457673,0.07443,1.456847,7.881928,0.40246,7.877463,,,,,no_data,no_data,no_data
DTXSID1026035,2492-26-4,Sodium 2-mercaptobenzothiolate,189.2,1.009,0.0368,1.0,,41.7,1.4972,0.6454,1.491504,1.294608,1.096458,6.772621,5.878554,4.978795,,,,,no_data,no_data,no_data
DTXSID3027320,824-78-2,Sodium 4-nitrophenolate,161.1,-1.518,0.17,1.0,,48.1,11.8627,0.7681,1.498398,1.493526,1.405885,5.793407,5.77457,5.435715,,,,,no_data,no_data,no_data
DTXSID7026029,4418-26-2,Sodium dehydroacetate,190.1,-2.545,0.062,1.0,,0.0,41.008,0.5679,0.0,1.494861,1.201671,0.0,6.820152,5.482502,,,,,no_data,no_data,no_data
DTXSID7021992,82385-42-0,Sodium saccharin hydrate,223.2,-2.005,0.698,1.0,,0.0,9.7703,0.4465,0.0,1.49808,1.459076,0.0,8.024914,7.81598,,,,,no_data,no_data,no_data
DTXSID6021290,57-68-1,Sulfamethazine,278.3,0.1913,0.175,1.0,,0.0,1.3676,3.3438,0.0,1.447145,1.477923,0.0,9.665769,9.871341,,,,,no_data,no_data,no_data
DTXSID8042424,59-40-5,Sulfaquinoxaline,300.3,1.68,0.0037,1.0,,0.0,0.2469,99.9658,0.0,0.141929,1.465369,0.0,1.022911,10.561206,,,,,no_data,no_data,no_data
DTXSID7024328,3689-24-5,Sulfotepp,322.3,3.988,0.0206,1.0,,101.0,92.3181,6.2399,1.493724,1.493137,1.40449,11.554257,11.549713,10.864013,,,,,no_data,no_data,no_data
DTXSID2042436,4065-45-6,Sulisobenzone,308.3,2.43,0.00942,1.0,,1.05,32.149,4.4797,0.79628,1.457919,1.242601,5.891837,10.787432,9.194257,,,,,no_data,no_data,no_data
DTXSID2047357,288104-79-0,Surinabant,522.3,5.451,1e-06,1.0,,0.0,,15.5286,0.0,,0.226274,0.0,,2.836388,,,,,no_data,no_data,no_data
DTXSID5047037,335104-84-2,Tembotrione,440.8,1.926,0.0919,1.0,,0.0,,6.3235,0.0,,1.477772,0.0,,15.633641,,,,,no_data,no_data,no_data
DTXSID2022254,13071-79-9,Terbufos,288.4,4.478,0.0306,1.0,,32.5,148.8808,13.1394,1.48693,1.497127,1.468083,10.291938,10.362517,10.161481,,,,,no_data,no_data,no_data
DTXSID9036515,57-85-2,Testosterone propionate,344.5,4.102,1e-06,1.0,,427.0,45.1432,31.508,1.24511,0.51084,0.397425,10.294565,4.223625,3.285909,,,,,no_data,no_data,no_data
DTXSID5044520,1176-74-5,Tetrabromophenolphthalein ethyl ester,662.0,5.769,0.0114,1.0,,0.0,34.9368,3.7804,0.0,1.467786,1.247059,0.0,23.320179,19.81328,,,,,no_data,no_data,no_data
DTXSID30865801,36062-04-1,Tetrahydrocurcumin,372.4,2.343,0.0501,1.0,,173.0,48.3752,1.8204,1.498489,1.494609,1.368807,13.392893,13.358221,12.233847,,,,,no_data,no_data,no_data
DTXSID9026132,83-67-0,Theobromine,180.2,-0.7743,0.955,1.0,,396.0,0.0519,0.5829,1.499965,1.275118,1.47681,6.48705,5.514632,6.386908,,,,,no_data,no_data,no_data
DTXSID5021332,137-26-8,Thiram,240.4,1.73,1e-06,1.0,,816.0,1573.5656,693.1424,1.354863,1.421059,1.332018,7.817016,8.198943,7.685213,,,,,no_data,no_data,no_data
DTXSID3021358,1156-19-0,Tolazamide,311.4,2.687,0.065,1.0,,0.0,34.5839,8.9234,0.0,1.49419,1.47773,0.0,11.166977,11.043961,,,,,no_data,no_data,no_data
DTXSID1034973,87820-88-0,Tralkoxydim,329.4,4.461,0.169,1.0,,0.0,,33.2528,0.0,,1.49767,0.0,,11.839983,,,,,no_data,no_data,no_data
DTXSID2047355,189003-92-7,Trelanserin,465.6,2.729,0.0607,1.0,,7.06,,5.4189,1.470015,,1.461169,16.426537,,16.327691,,,,,no_data,no_data,no_data
DTXSID9037612,24017-47-8,Triazophos,313.3,3.341,0.049,1.0,,30.2,0.1393,25.5979,1.491191,0.65771,1.489619,11.212567,4.945456,11.200741,,,,,no_data,no_data,no_data
DTXSID0021389,52-68-6,Trichlorfon,257.4,0.5114,0.696,1.0,,31.7,52.9079,22.4137,1.499406,1.499644,1.49916,9.26273,9.264201,9.261211,,,,,no_data,no_data,no_data
DTXSID8026224,112-49-2,Triethylene glycol dimethyl ether,178.2,-0.1647,0.66,1.0,,0.0,48.283,0.5503,0.0,1.499589,1.464747,0.0,6.413441,6.264431,,,,,no_data,no_data,no_data
DTXSID4032580,141517-21-7,Trifloxystrobin,408.4,3.474,0.0072,1.0,,466.0,49.0847,8.6547,1.496102,1.463794,1.315469,14.664196,14.347527,12.893698,,,,,no_data,no_data,no_data
DTXSID4026262,2451-62-9,Triglycidyl isocyanurate,297.3,-0.2031,0.402,1.0,,180.0,11.0856,2.3516,1.499819,1.497064,1.486257,10.701507,10.681848,10.604742,,,,,no_data,no_data,no_data
DTXSID9032535,95266-40-3,Trinexapac-ethyl,252.3,0.968,0.137,1.0,,3.82,,10.044,1.475357,,1.490531,8.933584,,9.025465,,,,,no_data,no_data,no_data
DTXSID4026214,101-20-2,Triclocarban,315.6,4.666,0.003883,1.0,,9.45,5.483,14.6201,1.211418,1.063399,1.299852,9.175766,8.05461,9.845602,,,,,no_data,no_data,no_data
DTXSID5026706,104-66-5,"1,2-diphenoxyethane",214.3,3.809,1e-06,1.0,,18.51,13.7303,0.1142,0.262125,0.203627,0.001957,1.348163,1.047296,0.010066,,,,,no_data,no_data,no_data
DTXSID6044357,105-13-5,(4-methoxyphenyl)methanol,138.2,1.1,0.9392,1.0,,90.03,24.576,4.8928,1.499845,1.499432,1.497152,4.974686,4.973317,4.965754,,,,,no_data,no_data,no_data
DTXSID3026728,106-25-2,"(2z)-3,7-dimethylocta-2,6-dien-1-ol",154.3,3.558,1e-06,1.0,,1.57,46.9646,0.1522,0.026466,0.524247,0.002607,0.098008,1.941393,0.009655,,,,,no_data,no_data,no_data
DTXSID0044361,1071-93-8,Hexanedihydrazide,174.2,-0.2851,0.9601,1.0,,0.6018,26.8146,0.563,1.477645,1.499491,1.476129,6.177738,6.269071,6.171399,,,,,no_data,no_data,no_data
DTXSID5046801,108612-45-9,Mizolastine,432.5,3.333,0.023,1.0,,6.0,0.5393,5.5272,1.410646,0.879911,1.403495,14.642508,9.133472,14.568274,,,,,no_data,no_data,no_data
DTXSID2025050,111-40-0,Diethylenetriamine,103.2,-0.8286,0.9678,1.0,,2.003,11.8391,0.6056,1.493266,1.498857,1.477957,3.698522,3.712368,3.660605,,,,,no_data,no_data,no_data
DTXSID1024097,111-76-2,2-butoxyethanol,118.2,0.828,0.8332,1.0,,0.8515,27.4316,4.9336,1.481744,1.499427,1.496817,4.20341,4.253573,4.246171,,,,,no_data,no_data,no_data
DTXSID3021645,124-07-2,Octanoic acid,144.2,3.049,1e-06,1.0,,5.626,41.8965,101.3506,0.090704,0.486004,0.805379,0.313909,1.681963,2.787256,,,,,no_data,no_data,no_data
DTXSID4034497,125116-23-6,Metconazole,319.8,3.85,0.02646,1.0,,16.7,0.274,5.7927,1.470903,0.680061,1.41907,11.289473,5.219605,10.89165,,,,,no_data,no_data,no_data
DTXSID9025293,149-57-5,2-ethylhexanoic acid,144.2,2.643,0.1316,1.0,,1.715,37.1436,6.4505,1.44407,1.497322,1.484711,4.997639,5.181933,5.138289,,,,,no_data,no_data,no_data
DTXSID0022777,169590-42-5,Celecoxib,381.4,3.566,0.002837,1.0,,25.7,2.1034,20.8948,1.339418,0.608557,1.307234,12.260494,5.570484,11.9659,,,,,no_data,no_data,no_data
DTXSID4041280,2226-96-2,"4-hydroxy-2,2,6,6-tetramethylpiperidin-1-yl)oxidanyl",172.2,0.8918,1.0,1.0,,10.4,32.4988,4.3223,1.49874,1.499597,1.496973,6.193994,6.197533,6.186688,,,,,no_data,no_data,no_data
DTXSID6042280,2597-03-7,Phenthoate,320.4,3.69,0.02456,1.0,,168.0,79.124,6.7063,1.496829,1.493283,1.424404,11.510016,11.482748,10.953101,,,,,no_data,no_data,no_data
DTXSID5041726,2610-11-9,C.i. direct red 81 disodium salt,675.6,2.851,4.049e-05,1.0,,1.492,4.94,18.4672,0.025173,0.080236,0.261625,0.408166,1.300978,4.242092,,,,,no_data,no_data,no_data
DTXSID2029246,2943-75-1,Triethoxyoctylsilane,276.5,4.71,0.026,1.0,,11.06,37.6627,11.8055,1.455748,1.486728,1.458465,9.660345,9.86593,9.678375,,,,,no_data,no_data,no_data
DTXSID7044922,3445-11-2,1-(2-hydroxyethyl)pyrrolidin-2-one,129.2,-0.7006,1.0,1.0,,0.1559,42.2185,0.5829,1.420361,1.499689,1.477838,4.404255,4.650237,4.58248,,,,,no_data,no_data,no_data
DTXSID0044818,3913-02-8,2-butyloctan-1-ol,186.3,4.816,1.0,1.0,,0.658,25.6481,0.0891,1.480334,1.499489,1.365988,6.618871,6.704515,6.107606,,,,,no_data,no_data,no_data
DTXSID9047598,41481-66-7,"4,4'-sulfonylbis[2-(prop-2-en-1-yl)phenol]",330.4,2.843,0.0759,1.0,,84.7,30.5783,7.8973,1.497963,1.494372,1.47844,11.878249,11.84977,11.723435,,,,,no_data,no_data,no_data
DTXSID7044427,4394-85-8,4-morpholinecarboxaldehyde,115.1,-1.057,0.9528,1.0,,0.4016,34.3476,0.6056,1.466499,1.499599,1.477615,4.051056,4.142494,4.081765,,,,,no_data,no_data,no_data
DTXSID9044821,5232-99-5,"Ethyl 2-cyano-3,3-diphenylacrylate",277.3,2.97,0.007005,1.0,,161.3,29.6099,12.8915,1.488485,1.439341,1.367618,9.906163,9.579105,9.101775,,,,,no_data,no_data,no_data
DTXSID4027608,5915-41-3,Terbuthylazine,229.7,3.21,0.08238,1.0,,4.1,0.0017,17.906,1.462159,0.023653,1.491164,8.06059,0.130394,8.220486,,,,,no_data,no_data,no_data
DTXSID4038924,6259-76-3,Hexyl salicylate,222.3,3.185,1e-06,1.0,,191.4,33.1389,0.2817,1.029724,0.412341,0.004818,5.493783,2.199923,0.025707,,,,,no_data,no_data,no_data
DTXSID9020584,64-17-5,Ethanol,46.07,-0.3097,0.9338,1.0,,3.958,9.3833,0.585,1.496461,1.498505,1.476376,1.654607,1.656867,1.632399,,,,,no_data,no_data,no_data
DTXSID3020881,64091-91-4,4-(n-methyl-n-nitrosamino)-1-(3-pyridyl)-1-butanone,207.2,1.082,0.9647,1.0,,4.538,5.1535,1.6401,1.497011,1.497367,1.491758,7.444336,7.446108,7.418216,,,,,no_data,no_data,no_data
DTXSID9042170,6425-39-4,"4,4'-(oxydiethylene)bis(morpholine)",244.3,0.01817,1.0,1.0,,2.573,43.2417,1.8933,1.494921,1.499697,1.493106,8.765023,8.793023,8.754382,,,,,no_data,no_data,no_data
DTXSID7020762,67-63-0,Isopropanol,60.1,0.05195,0.9214,1.0,,0.2182,12.5027,0.773,1.4375,1.498863,1.481814,2.07345,2.16196,2.137368,,,,,no_data,no_data,no_data
DTXSID0020814,72-33-3,Mestranol,310.4,4.15,0.04205,1.0,,10.2,27.5485,15.8012,1.47004,1.488766,1.480523,10.951212,11.090711,11.029301,,,,,no_data,no_data,no_data
DTXSID5021251,81-07-2,Saccharin,183.2,0.9093,0.2258,1.0,,1.917,9.7825,2.4671,1.470308,1.494087,1.476826,6.464651,6.569204,6.49331,,,,,no_data,no_data,no_data
DTXSID0044997,88-27-7,"2,6-di-tert-butyl-4-[(dimethylamino)methyl]phenol",263.4,4.028,0.2649,1.0,,1.55,42.8139,48.0917,1.468732,1.498845,1.498971,9.284735,9.475097,9.475898,,,,,no_data,no_data,no_data
DTXSID1020142,91-76-9,"6-phenyl-1,3,5-triazine-2,4-diamine",187.2,1.362,0.343,1.0,,1.18,0.0003,3.6873,1.468289,0.017452,1.489704,6.596729,0.078409,6.692942,,,,,no_data,no_data,no_data
DTXSID0021333,97-74-5,Tetramethylthiuram monosulfide,208.4,0.9374,0.6276,1.0,,18.06,1238.0656,1.2117,1.498844,1.499983,1.482954,7.496619,7.502316,7.417143,,,,,no_data,no_data,no_data
DTXSID7042011,97-78-9,N-dodecanoyl-n-methylglycine,271.4,3.792,0.003219,1.0,,42.07,,28.8641,1.409049,,1.371016,9.177983,,8.930247,,,,,no_data,no_data,no_data
DTXSID8052148,5124-25-4,C.i.disperse yellow 42,369.4,4.599,1e-06,1.0,,109.1,5.3352,22.8849,0.832771,0.086286,0.311225,7.383015,0.764974,2.759198,,,,,no_data,no_data,no_data
DTXSID5033836,104-40-5,4-n-nonylphenol,220.4,5.757,0.0209,1.0,,62.6,30.3862,0.0137,1.490045,1.479634,0.047576,7.881741,7.826672,0.251657,,,,,no_data,no_data,no_data
