CAS,Compound,log10_lit,log10_pred,fold_error,in_pilot,SHAP_log10_MW,SHAP_logP,SHAP_logP^2,SHAP_log10_Fup,SHAP_sqrt_Fup,SHAP_MW*logP,SHAP_MW*Fup,SHAP_logP*Fup,SHAP_MW,MW,logP,Fup,Clint
2971-36-0,"2,2-bis(4-hydroxyphenyl)-1,1,1-trichloroethane (hpte)",2.135135833009677,1.4039557538006724,5.384930211242681,True,-0.0034848218033521933,-0.001105595162939795,-0.0035489787529119853,0.03174487598764611,-0.002086587311554866,-0.03817155827107703,0.16365455807319743,-0.0112386828667648,-0.0008997199729650917,317.6,4.622,0.005,136.5
71751-41-2,Abamectin,0.7194141597025934,0.8315413782495005,1.2945750077496732,True,-0.11506636485824454,0.09697088380322001,0.04924580055408297,0.007044736997911784,0.0015067700298364455,-0.11148952810380602,-0.2631089059618589,-0.0225109567140533,-0.08014332137898258,819.0,4.48,0.06687,5.24
34256-82-1,Acetochlor,1.927939808549331,1.247619130366686,4.789836379345887,True,-0.009155610802603183,0.07358135576961573,0.09914851528965572,-0.022523879001129097,-0.009450075682882527,-0.03014718042484412,-0.1582248209634285,0.03198238317310199,0.003316179127803928,269.8,3.032,0.1598,84.71
15972-60-8,Alachlor,1.7986575499131494,1.2595016950855356,3.460635470245547,True,-0.009257460452778057,0.08423901520325017,0.059386835555457734,-0.022523879001129097,-0.009450075682882527,-0.040646754426184824,-0.11212139165077795,0.03980985128596937,0.0009732903732153633,269.8,3.518,0.1332,62.9
834-12-8,Ametryn,1.1673468775856355,1.4822720547495933,2.0650243504857144,True,-0.0034848539750690073,0.024120953527248228,0.05839068687029402,0.02033935116410973,-0.0024552553852809833,-0.03249967021305734,0.176555273748199,-0.03142047726242807,0.003633782394183104,227.3,2.979,0.003952,14.7
33089-61-1,Amitraz,1.5224572751868333,1.6512633075495546,1.345259390710108,True,0.00027045741221308044,-0.08213724102235465,-0.058627391140162646,0.028295000032891128,0.002639685325074085,0.058954238534222256,0.42765341478981433,-0.00915547751977155,0.014278357256232384,293.4,5.495,1e-06,33.3
101-05-3,Anilazine,1.3522018196594159,1.5335135986361335,1.5181398453337718,True,-0.0032066885265080174,0.08496961186028608,0.04995815541283886,0.02033935116410973,-0.0024552553852809833,-0.04003634980190096,0.1796747003223275,-0.031410464456268126,0.006588274165134702,275.5,3.878,0.005,22.5
86-50-0,Azinphos-methyl,1.5136303832523923,1.0428124476540954,2.956772672072722,True,-0.011349265148494162,0.05091838943414103,0.07311308260178816,-0.022523879001129097,-0.009450075682882527,-0.030638745389014427,-0.3110578775955325,0.037054341532635246,-0.0023457869788123956,317.3,2.749,0.2137,32.63
131860-33-8,Azoxystrobin,1.5104243560922361,0.9322522266752881,3.7859260737446974,True,-0.06099809226277516,-0.04456995234084707,-0.00246972107738825,0.0037898784671468407,0.0011381019561103292,-0.052225533190096776,-0.08648858029372161,-0.021922970890987326,-0.07309316757354803,403.4,2.503,0.04763,32.39
22781-23-3,Bendiocarb,1.335678502356566,1.0497326807659824,1.9317273182333363,True,0.002214862009304911,-0.021134119001567687,-0.013668444871187468,-0.00784052369844441,-0.005038487327206141,-0.014756192746757936,-0.14797184931556923,-0.009314709682553005,-0.0018501184814326184,223.2,1.702,0.1971,21.66
83055-99-6,Bensulfuron-methyl,0.21774707326279358,0.961286813690484,5.540382392850946,True,-0.15496925173955212,-0.06164057454080929,0.0022972694258678542,-0.044848085744076525,-0.030851513392961064,-0.06538129759206561,0.14856494210353427,-0.02600750432364299,-0.07496943438720481,410.4,2.289,0.00905,1.65
741-58-2,Bensulide,2.39846258470057,1.653406131760468,5.559765226820061,True,-0.02876737076683735,0.08717754358588224,0.047418571826332696,0.02951497291175586,-0.005508505619517334,0.15278758644476176,0.17112120835876607,-0.005837555312876365,-0.06359258354919425,397.5,4.209,0.006078,250.3
149877-41-8,Bifenazate,1.61438039335643,1.6288046666202167,1.0337708294853585,True,-0.016231752211859723,0.09503157867248377,0.09971493894447223,-0.03825893118531963,0.023971877388741472,-0.0374121003012474,-0.052729548769435995,0.28809407924947,-0.002467739048483952,300.4,3.165,0.836,41.15
80-05-7,Bisphenol-a,1.298874899704699,1.3886996909064648,1.2297725396907186,True,-0.004112420475030608,0.06899116867289846,0.05568887267516087,-0.00844461365912147,-0.0011767251345701627,-0.036550206449673404,0.056869686333294193,-0.01478377072783477,0.003125435789946108,228.3,3.32,0.0385,19.9
188425-85-6,Boscalid,1.2375688701981984,1.2136802293427078,1.056546561246967,True,-0.0062659356800100355,0.011879867796500293,0.05375985436848087,-0.00844461365912147,-0.0011767251345701627,-0.033591778870334904,-0.053620610259593984,-0.014863933239711836,-0.0030881598603263076,343.2,2.961,0.03201,17.28
1689-84-5,Bromoxynil,0.895809150169131,0.8354159851748519,1.149193510843965,True,-0.008989341949078071,0.002860412243067213,0.024265807769017232,-0.02015724072460109,-0.009450075682882527,-0.04295462980019074,-0.32588249362489435,-0.053575554713273923,0.00020683777629438736,276.9,2.625,0.5001,7.866
69327-76-0,Buprofezin,1.2664904083111441,1.5256446063345952,1.8161603834472329,True,-0.0021057654810022986,0.06910856852034589,0.04408154390937672,0.025960847971402672,0.007695636717836223,-0.0385331624544294,0.1495616085587294,-0.004830630561075544,0.005613695272016894,305.4,4.299,0.0003605,18.47
23184-66-9,Butachlor,2.003464840565138,1.6072341949077678,2.4901794547939726,True,-0.0034848218033521933,0.0831031617525008,0.07720088947901807,0.03174487598764611,-0.002086587311554866,-0.022188590167299013,0.1858399692765603,-0.0112386828667648,-0.0007482833203813924,311.8,4.497,0.005,100.8
33629-47-9,Butralin,1.496251398039319,1.2351323717426235,1.8243956425945298,True,-0.0034848218033521933,-0.11298208929320822,-0.06918677816955925,0.03407902804913456,-0.00386187084684703,-0.04274551407182287,0.16858104193877196,-0.009121134075539623,0.004762246133651227,295.3,4.929,0.005,31.35
2008-41-5,Butylate,1.7202502889087785,1.579664943664665,1.382246010855218,True,0.003531659756983602,0.08197705894876883,0.049143189168467494,0.03174487598764611,-0.002108646038951518,-0.029150080217002477,0.18013628504772583,-0.011361954181692504,0.00666029131132508,217.4,4.149,0.005,52.51
63-25-2,Carbaryl,1.4357010633732117,0.9972610681288909,2.744353140833108,True,0.05066671149442257,0.0038236711278187923,0.014176299252256813,-0.026911332495063552,-0.023763110045715893,-0.02451180238624219,-0.3131400237389185,0.01916734727956057,0.02866104375937719,201.2,2.358,0.6922,27.27
5234-68-4,Carboxin,1.387585570715276,1.0382853027306749,2.2351170320772993,True,-0.009716125221561005,-0.026866969624689246,0.01209940358512765,-0.02015724072460109,-0.009450075682882527,-0.03490871368887373,-0.15347531718390214,0.014855272826895846,-0.0031871954362346563,235.3,2.14,0.175,24.41
54593-83-8,Chlorethoxyfos,2.790285867913517,1.637460089023915,14.217583216573779,True,-0.002705329032767354,0.08217609340551592,0.07630986898220041,0.025960847971402672,-0.002086587311554866,0.017281425955749878,0.18515807911531793,-0.02609138053340877,0.012364806590064425,336.0,4.588,0.00394,617.0
101-21-3,Chlorpropham,1.8926565945905085,1.409599119259754,3.0412874886259855,True,0.08497620231133868,0.08069736158893798,0.054362609264558506,0.0007062042192195032,-0.0006834959748745734,-0.02987793774371984,-0.04908624304375703,-0.011618503057126403,0.011030657813782043,213.7,3.507,0.0833,78.1
5598-13-0,Chlorpyrifos-methyl,1.3820350627189304,1.5493026383390398,1.4698315849472359,True,-0.0034848218033521933,0.0693341907321699,0.044472816606988846,0.03174487598764611,-0.002086587311554866,-0.022209215337149528,0.17372606928426088,-0.0112386828667648,-4.827083459942451e-05,322.5,4.31,0.005,24.1
87818-31-3,Cinmethylin,1.4498022636266548,1.4080050096877783,1.1010251868821157,True,-0.0031958685428574263,-0.001105595162939795,-0.0035489787529119853,0.03174487598764611,-0.0024552553852809833,-0.04187346107540961,0.16513783983862806,-0.01152763612725957,0.005736825026769038,274.4,4.62,0.005,28.17
81777-89-1,Clomazone,0.48273070007994284,1.0382853027306749,3.5938057784670034,True,-0.009716125221561005,-0.02120579422589054,0.01209940358512765,-0.02015724072460109,-0.009450075682882527,-0.040569889087672444,-0.15347531718390214,0.014855272826895846,-0.0031871954362346563,239.7,2.498,0.1734,3.038
210880-92-5,Clothianidin,1.030640194868632,0.9233274497406563,1.2803029469338523,True,-0.008659689013627304,-0.008760342580826667,0.0387657530427784,-0.005141813771928101,-0.005803448674014967,0.006358565473108092,-0.3422207456391294,-0.01984736671521392,-0.00045572626188394925,249.7,0.7017,0.5059,10.73
56-72-4,Coumaphos,1.5010729621430505,1.705223333023002,1.600111958271531,True,0.019094033354253054,0.08108709314285356,0.04408154390937672,0.025960847971402672,0.002366707288522358,-0.039073111449267894,0.30325365303904955,-0.010426563100914906,0.009786864986332014,362.8,4.128,1e-06,31.7
1134-23-2,Cycloate,1.5375798525176476,1.5272534780591285,1.0240622910726989,True,-0.0009506713971489801,0.08700718961113343,0.05476468597576044,0.02033935116410973,-0.002108646038951518,-0.029150080217002477,0.18013628504772583,-0.03138094051214399,-0.02049595945574846,215.4,3.924,0.005,34.48
94361-06-5,Cyproconazole,0.1872386198314787,1.1665649716040114,9.535124143793487,True,-0.008666049074794627,0.01874726279869436,0.059557960949994146,-0.0026254055423469706,-0.003930044263036771,-0.03014718042484412,-0.12324577082423561,-0.01553424502461878,0.003316179127803928,291.8,2.902,0.1086,1.538
121552-61-2,Cyprodinil,1.5771584830730323,1.6055567426866977,1.0675746669054076,True,-0.003125387561049166,0.08411845118857382,0.04875191647085537,0.025960847971402672,-0.0024552553852809833,-0.029150080217002477,0.18013628504772583,0.026829058099548473,0.005398643190529619,225.3,3.998,0.002141,37.77
533-74-4,Dazomet,1.0941565617825233,1.1248444861909308,1.0732179415946206,True,0.09354270171395532,-0.003057771986811332,0.01811158746496363,-0.05425403576225613,-0.010295723051003226,0.010037853834463754,-0.31499841189358246,0.03801808676813252,0.07864793522167295,162.3,0.6304,0.8914,12.42
333-41-5,Diazinon,1.484314078276703,1.275212273397272,1.6184593833609489,True,-0.007296345571990674,0.07713311833201451,0.04837211036407236,-0.00844461365912147,-0.0011767251345701627,-0.041033450009742595,-0.048556317194636475,-0.0148539204335519,0.0019761528234030074,304.3,3.809,0.0388,30.5
962-58-3,Diazoxon,1.5393396079706205,0.9041365488535669,4.317208854491686,True,-0.009949638841878296,-0.01850413208430362,0.011732035248332565,-0.02015724072460109,-0.009450075682882527,-0.03490871368887373,-0.3219648093778473,0.0380400223479321,0.00020683777629438736,288.3,2.072,0.3269,34.62
145701-21-9,Diclosulam,0.5369370227046736,1.133368972719126,3.9484982513406277,True,-0.10381321934721185,-0.044743807226842534,-0.0008836760286217413,0.02047608636474748,-0.0008004141781096667,-0.05124905815210565,0.15293976510313334,-0.03014584318663645,-0.07750312451062161,406.2,2.52,0.00648,3.442
115-32-2,Dicofol,1.4440604177407756,1.5900580713097958,1.3995797608228886,True,0.009767418312922126,-0.0824693242396993,-0.053507027150897606,0.028295000032891128,0.0005914237532301944,0.1302002685490435,0.2894299616221547,-0.013710141863578166,0.01236822841233386,370.5,5.024,1e-06,27.8
134-62-3,Diethyltoluamide,0.5795549604009987,0.9505777865097669,2.349756318580935,True,0.047393131378231,-0.0018375042709799223,0.013253490469993582,-0.019255959592057153,-0.007601752630685215,-0.025396040713150887,-0.30151875072776035,-0.04910645167412757,0.025555360388909293,191.3,2.184,0.3559,3.797
119446-68-3,Difenoconazole,1.485735618879807,1.5397947650908148,1.1325545944188022,True,-0.09916648217898408,0.08223274557731096,0.047418571826332696,0.003346655098912633,0.00045046881761815746,0.13730879616636038,0.16704164660720328,-0.011856041212170305,-0.05607385949316356,406.3,4.297,0.0115,30.6
87674-68-8,Dimethenamid,1.2993111354722835,0.9195715970662386,2.3973946863206317,True,-0.011060311887999393,-0.02037746892278418,0.01209940358512765,-0.02015724072460109,-0.009450075682882527,-0.03490871368887373,-0.3032931009574306,0.0396244059259179,-0.0019975644616295725,275.8,2.15,0.2318,19.92
60-51-5,Dimethoate,0.5662017188549129,0.8378419310825491,1.8691330305468792,True,0.005364026796224472,-0.03407883400348136,-0.09987887675252102,-0.10036325798723045,0.0006620821070631312,-0.0030155722869433252,-0.1804391151706559,-0.018961303633405903,-0.0005394818678949812,229.2,0.7805,0.9649,3.682
110488-70-5,Dimethomorph,1.3075174312031315,0.9881451486578625,2.0862785002688056,True,-0.04997700331523264,-0.02049357871471458,0.013784788125253546,0.0030728424957475026,-0.0011767251345701627,-0.05030541103557762,-0.12400228405703834,-0.014548564209321928,-0.0373011793780789,387.9,2.68,0.09428,20.3
122-39-4,Diphenylamine,1.81003751230206,1.705493768863516,1.272165879983351,True,0.09316447978041045,0.0886828450757336,0.05573929901960117,0.02124063229665367,-0.0008587766555779375,-0.02384198901494067,0.17034224558152633,-0.02986824489655773,0.061801013795272586,169.2,3.499,0.003875,64.57
97886-45-8,Dithiopyr,1.1222486539780536,1.4206854876420683,1.9880936293722888,True,-0.05137435175637772,-0.01530125886011103,-0.011753650830906683,0.03050897170893104,-0.004550350562810952,0.12424555824216754,0.15485197012028998,-0.015663335382662104,-0.059370328917846736,401.4,4.749,0.005,13.25
330-54-1,Diuron,1.0846120208652514,1.1233130633496633,1.0932035730602494,True,-0.009399194958656033,0.0009469550572474201,0.02572043945499968,-0.02015724072460109,-0.009450075682882527,-0.03636855910143108,-0.11916015105364908,0.02572596722691154,-0.0036373407496714397,233.1,2.678,0.1615,12.15
759-94-4,Eptc,1.9050453324039833,1.636374371213962,1.8563974414586377,True,0.057575530049473765,0.07816193418450755,0.056699827972424045,0.02124063229665367,-0.0006069323330836656,-0.02633448013903666,0.1805782694795546,-0.030854598452615734,0.030821924274690066,189.3,3.21,0.005,80.36
26225-79-6,Ethofumesate,1.2465231999665738,1.1477623299819333,1.255338562348487,True,-0.008529618132111609,0.009952820843490683,0.05784398407953054,-0.005744727795489936,-0.009450075682882527,-0.037480564298886014,-0.12324577082423561,-0.0058341722415807705,0.0011581901527023116,286.3,2.703,0.1313,17.64
13194-48-4,Ethoprop,1.3212047568544483,1.2788569574987319,1.1024218169768079,True,-0.009030682479821011,0.08255547990888801,0.053042482925551006,0.0007062042192195032,-0.0011767251345701627,-0.03014718042484412,-0.07719575117012799,-0.010114049908629677,0.0011249156816706416,242.3,3.588,0.09346,20.95
153233-91-1,Etoxazole,1.26672546703192,1.534766318925699,1.853705983996342,True,-0.008458080846806517,0.08496961186028608,0.04995815541283886,0.02033935116410973,-0.002086587311554866,-0.01958032325371883,0.17372606928426088,-0.031121511195773374,-0.002072630069337853,359.4,3.762,0.005,18.48
2593-15-9,Etridiazole,2.1038071405840837,1.5383697040839033,3.6765242637004336,True,-0.0030232692496706595,0.07500572098733378,0.0552224604667193,0.02033935116410973,-0.0024552553852809833,-0.029150080217002477,0.17857187169824673,-0.03142047726242807,0.00618711800048119,247.5,3.368,0.005,127.0
161326-34-7,Fenamidone,1.2489780958926535,1.4789081409539688,1.6979701261610085,True,-0.0024680262221909765,0.04285604958940876,0.053693545748130386,-0.002991877679779649,-0.0011767251345701627,-0.03282285797760457,0.1755836402630993,-0.021320837196592148,-0.0015370343173272086,311.4,2.747,0.02436,17.74
22224-92-6,Fenamiphos,1.7931685215331978,1.2820564576716504,3.244233196326767,True,-0.0062659356800100355,0.06552115299185789,0.053636415417952804,0.0007062042192195032,-0.0011767251345701627,-0.040646754426184824,-0.04671085799165296,-0.014863933239711836,0.0027646276333545793,303.4,3.23,0.04138,62.11
60168-88-9,Fenarimol,0.5785246052749932,1.2675754605610547,4.887095832118772,True,-0.007296345571990674,0.07713311833201451,0.04837211036407236,-0.00844461365912147,-0.0011767251345701627,-0.0415250149739129,-0.05003959896006715,-0.0148539204335519,-0.003685813283213311,331.2,3.59,0.03671,3.788
114369-43-6,Fenbuconazole,1.336479746957996,1.5019131207954388,1.463636980251506,True,-0.002454411911371546,0.06954482757263913,0.05068824590668359,-0.002991877679779649,-0.0011767251345701627,-0.0415250149739129,0.18150682785237912,-0.021320837196592148,0.0005498224785680853,336.8,3.229,0.0188,21.7
126833-17-8,Fenhexamid,1.5474177729174274,1.2873113791026773,1.8201467050132911,True,-0.007296345571990674,0.07713311833201451,0.04837211036407236,0.0007062042192195032,-0.0011767251345701627,-0.041033450009742595,-0.04560802936757222,-0.0148539204335519,0.0019761528234030074,302.2,3.513,0.05719,35.27
122-14-5,Fenitrothion,1.0009110621312232,1.5383697040839033,3.447137777710721,True,-0.002326323888029817,0.07311914465108785,0.0552224604667193,0.02033935116410973,-0.0024552553852809833,-0.029150080217002477,0.17857187169824673,-0.03142047726242807,0.007376748975086274,277.2,3.301,0.005,10.02
72490-01-8,Fenoxycarb,1.3636307801121383,1.5221926137217727,1.4406611128652493,True,-0.0034956417870027844,0.0693341907321699,0.04433665860554591,0.025960847971402672,-0.0024552553852809833,-0.04075204425050996,0.1796747003223275,-0.02609138053340877,0.006588274165134702,301.3,4.297,0.00327,23.1
55-38-9,Fenthion,1.9405214653453162,1.522618440942991,2.61759844744858,True,-0.0031958685428574263,0.0788831799857032,0.044472816606988846,0.002629619127513294,-0.0011767251345701627,-0.041033450009742595,0.17854075248832743,-0.011017461234999292,0.005423313775232833,278.3,4.09,0.02203,87.2
79241-46-6,Fluazifop-p-butyl,2.3699594601342593,1.7615648484816355,4.0587715886067635,True,-0.03258333706770537,0.08963643113888546,0.0806417956786685,0.03174487598764611,-0.002086587311554866,0.16652662754404024,0.1810429748063282,-0.015663335382662104,-0.006786860793405534,383.4,4.5,0.005,234.4
79622-59-6,Fluazinam,1.3937681801587452,1.39613401679471,1.0054624049973757,True,-0.14028927637917263,0.08658935790718379,0.04728241382488976,0.02373094489551242,-0.005508505619517334,0.08173296164409635,0.14022497338811948,-0.030516033049306078,-0.07620508369849043,465.1,4.01,0.004357,24.76
131341-86-1,Fludioxonil,1.5687999340055245,1.5413271845164418,1.0653020174692949,True,-0.0039036338881488558,0.0818260575341674,0.04596224371397789,0.025960847971402672,-0.0024552553852809833,-0.033848349030024524,0.1796747003223275,-0.02638033379390354,0.005398643190529619,248.2,4.116,0.003583,37.05
142459-58-3,Flufenacet,1.4624129733125506,1.2105937764443666,1.785743988792518,True,0.010987531094594435,0.06711401439254948,0.05566266098742842,-0.022523879001129097,-0.009450075682882527,-0.03961181733909121,-0.1544501740457136,0.029218097340288445,0.004555154816926376,363.3,3.2,0.1375,29.0
98967-40-9,Flumetsulam,0.8763333290863803,1.291936006974779,2.603770353908848,True,-0.0024680262221909765,-0.03433308119511257,-0.05713767473140753,-0.0006252394032516457,0.002469901874297397,-0.0407064737757787,0.17902681000735313,-0.020172966294297188,-0.0032095071662284202,325.3,1.61,0.01727,7.521
103361-09-7,Flumioxazin,0.9210098014970344,1.1203145455521037,1.5823579890053134,True,-0.0112419890506332,-0.01707246489372149,0.01937608682509296,-0.00607797538259347,-0.0011767251345701627,-0.04043724762489629,-0.05773333880020014,-0.029840786465908896,-0.004573277801861599,354.3,2.549,0.02807,8.336
2164-17-2,Fluometuron,1.00264114900004,0.9195715970662386,1.2107920254541378,True,-0.012218841975038579,-0.010956380349258983,0.01209940358512765,-0.02015724072460109,-0.009450075682882527,-0.040569889087672444,-0.30283151623203225,0.03775106908743734,-0.0031871954362346563,232.2,2.421,0.2589,10.06
361377-29-9,Fluoxastrobin,1.2135443185376669,1.246429364652514,1.0786611724254747,True,-0.11856808792479441,0.0787528643789122,0.045696368776123264,-0.002106080880429193,0.0015067700298364455,0.08960579163789983,-0.049018335006846006,-0.005399137255289992,-0.06313305298429324,458.8,4.011,0.0362,16.35
69377-81-7,Fluroxypyr,0.25333800532610634,1.0341629113058388,6.037051851611922,True,-0.007166896283516507,-0.029359528338029857,-0.06495318149430375,0.0030728424957475026,0.002469901874297397,-0.03128610642566804,-0.08500034216103067,-0.022049734064483986,-0.0006563081785692097,255.0,1.677,0.09194,1.791
85509-19-9,Flusilazole,0.8426092396105621,1.3836641121694675,3.475800749721216,True,-0.004123208286964388,0.07895505954585079,0.050424567621280426,-0.00844461365912147,-0.0011767251345701627,-0.0415250149739129,0.05602764846654594,-0.014484804661180071,-0.0010810606298560512,315.4,3.701,0.02893,6.959
66332-96-5,Flutolanil,1.1514004980356176,1.5149816281067738,2.3098359165072346,True,-0.0034848218033521933,0.08391331064806777,0.05009431341428179,-0.002991877679779649,-0.0011767251345701627,-0.0415250149739129,0.18260965647645988,-0.02131082439043221,-0.0002386523313834875,323.3,3.702,0.01882,14.17
68157-60-8,Forchlorfenuron,1.429283828934125,1.527474546390761,1.2536916041825015,True,-0.0030124492660200683,0.07394941977511549,0.055358618468162236,-0.002991877679779649,-0.0011767251345701627,-0.03014718042484412,0.17743792386424667,-0.01605760470352383,0.00502215761057932,247.7,3.199,0.02755,26.87
23422-53-9,Formetanate hydrochloride,1.13738576433397,0.6712168402642722,2.9252899833596766,True,0.031010731559692518,-0.32904754107037987,-0.18908023757743547,-0.0324759705000391,-0.006274959677047735,0.11291292783350927,-0.1929668327605458,-0.03679000853842903,0.04483646711355328,257.7,-0.4626,0.8853,13.72
79983-71-4,Hexaconazole,1.210077624295287,1.2796745662664601,1.1738076672381603,True,-0.007296345571990674,0.07713311833201451,0.04837211036407236,0.0007062042192195032,-0.0011767251345701627,-0.0415250149739129,-0.047091311133002876,-0.0148539204335519,-0.003685813283213311,314.2,3.899,0.041,16.22
51235-04-2,Hexazinone,0.8035936647713445,0.7778916709849083,1.0609672878807008,True,-0.008989341949078071,-0.00942665120124117,-0.025404499168300884,-0.026911332495063552,-0.017006470884466537,-0.032040351767485514,-0.3208871569703462,-0.04828675213446549,-0.002248036326038712,252.3,1.849,0.613,6.361
78587-05-0,Hexythiazox,2.042973007202193,1.4624219794793625,3.8067208229652674,True,-0.007427670954825873,0.01971636132477188,0.05534589941724736,0.02033935116410973,-0.0024552553852809833,-0.032447341529223656,0.170145057984734,-0.031131524001933305,0.001244837578368518,352.9,2.905,0.005,110.4
119515-38-7,Icaridin,1.099024215610893,0.930964001703073,1.4725166492480588,True,-0.012218841975038579,-0.010956380349258983,0.026072704956047226,-0.02015724072460109,-0.009450075682882527,-0.03636855910143108,-0.30317712746419745,0.03131445359927577,-0.0031871954362346563,229.3,2.534,0.2842,12.56
81335-37-7,Imazaquin,0.39058187855043525,0.9935432206425735,4.008310368171668,True,-0.009308133120414931,-0.028753545960935177,-0.017732888022775454,-0.00784052369844441,-0.005038487327206141,-0.03968236817709849,-0.14843343404096757,-0.00961685055730387,-0.009142812333676564,311.3,1.861,0.1513,2.457
81335-77-5,Imazethapyr,0.37143731740410085,0.7923918570827679,2.6360554389632678,True,-0.011349265148494162,-0.01663407216391522,-0.057784778330445666,-0.020629025757504905,-0.005803448674014967,-0.03128610642566804,-0.33104839412724946,-0.00016775170970431441,-0.0019975644616295725,289.3,1.446,0.2895,2.351
138261-41-3,Imidacloprid,0.4483971034577676,0.926585473494552,3.0073804350732933,True,-0.007962743651986464,0.008004622953975282,0.06063734435340953,-0.030878791457584424,-0.029798363686375035,0.0036507325198152935,-0.34069563099164085,-0.003742991036843492,-0.0017209693896119663,255.7,0.5735,0.6559,2.807
173584-44-6,Indoxacarb,1.496389902467685,1.32659666344441,1.4784043748299258,True,-0.14140366581292024,0.011281238775779613,0.00020764319373643296,0.02951497291175586,-0.005508505619517334,0.12424555824216754,0.12681332232181836,-0.015663335382662104,-0.07198282906714287,527.8,4.647,0.005,31.36
144550-36-7,Iodosulfuron-methyl-sodium,0.7552648914122467,1.0978239570165051,2.200690991138251,True,-0.14605040298114821,-0.062228760219507774,-0.021577876470791426,0.04961761661087822,0.023159500789924976,-0.06966338711612007,0.17573647036842857,-0.03014584318663645,-0.09011562465991776,529.2,1.881,0.006681,5.691
36734-19-7,Iprodione,1.0682229793464495,1.467495580139083,2.5076827978263045,True,-0.002465231895022138,0.02247287906004389,0.05839068687029402,0.02033935116410973,-0.0024552553852809833,-0.040161844352364,0.170145057984734,-0.031131524001933305,0.0032691968131069457,330.2,2.998,0.005,11.7
42509-80-8,Isazofos,1.2907244800192232,1.2532955319034096,1.0900061495105329,True,-0.008472645125172488,0.0781508877064117,0.04837211036407236,0.0007062042192195032,-0.0011767251345701627,-0.0415250149739129,-0.07867903293555865,-0.00982509664813491,-0.0033474194503405963,313.7,3.819,0.06539,19.53
82558-50-7,Isoxaben,1.2479978020801208,1.2532955319034096,1.0122731785509482,True,-0.008472645125172488,0.0781508877064117,0.04837211036407236,0.0007062042192195032,-0.0011767251345701627,-0.04055043608079509,-0.07867903293555865,-0.00982509664813491,-0.0043219983434584055,332.4,3.94,0.0718,17.7
141112-29-0,Isoxaflutole,1.310077005324261,1.3457656611660316,1.0856470480919294,True,-0.007430465281994711,-0.0370239763793827,0.007124988504382822,-0.0006252394032516457,-0.00223302634678845,-0.038977402212338946,0.17729979163533707,-0.02033515638129529,-0.00112611685003177,359.3,2.322,0.01655,20.42
330-55-2,Linuron,1.5191846041518184,1.2657884501873966,1.792239950863886,True,-0.008000272587840364,0.07151860659502583,0.053636415417952804,-0.0026254055423469706,-0.0011767251345701627,-0.03014718042484412,-0.07829857979420873,-0.010124062714789613,0.0019133904916222124,249.1,3.198,0.1051,33.05
121-75-5,Malathion,2.5658489988199626,1.0213386804915958,35.03566122655554,True,-0.009308133120414931,-0.026839566958624852,0.01209940358512765,-0.00784052369844441,-0.0086851143360737,-0.04655177524595935,-0.1474592420407961,-0.00961685055730387,-0.0035517810173108172,330.4,2.359,0.145,368.0
208465-21-8,Mesosulfuron-methyl,0.7366354976868213,1.0292985549738272,1.961837615582358,True,-0.14481057192865018,-0.04495357825344494,-0.06188488147463082,0.02000430133184367,-0.0022305466843758857,-0.04070548786890297,0.13773333330875145,-0.008722903127305129,-0.09422337421085285,503.5,1.014,0.005,5.452
950-37-8,Methidathion,0.5938396610812713,0.9069844894795788,2.056576308115094,True,-0.011349265148494162,-0.022251328480792004,0.01209940358512765,-0.02015724072460109,-0.009450075682882527,-0.04374862487904519,-0.3032931009574306,0.0380400223479321,-0.0019975644616295725,302.3,2.199,0.2685,3.924
72-43-5,Methoxychlor,1.0969447551769405,1.4812013357208242,2.4224598097561225,True,-0.017773875904486855,-0.07346613916965558,-0.05311575445328548,0.004963771189001749,0.008623757631057822,0.18546254197940681,0.16323377930600202,-0.00516278170537317,-0.0006562270332378776,345.6,5.08,0.0171,12.5
161050-58-4,Methoxyfenozide,1.2095418220166003,1.3023952434107866,1.2383785511998178,True,0.011809404779017447,0.07713311833201451,0.04837211036407236,0.0007062042192195032,-0.0008080570608440459,-0.020556798291709963,-0.07867903293555865,-0.008807327273737729,0.004133357396917358,368.5,3.699,0.06119,16.2
298-00-0,Methyl parathion,1.1520130000508346,1.4662048712289963,2.0615405001112928,True,-0.002179072961696208,0.020934336830593616,0.05839041392905393,-0.002991877679779649,-0.0011767251345701627,-0.036550206449673404,0.17003145450953622,-0.01605760470352383,0.0067118890076607466,263.2,2.862,0.02832,14.19
51218-45-2,Metolachlor,1.5486473382524872,1.2055045987603015,2.203650617510057,True,-0.009155610802603183,0.07047434425026587,0.06087505630612913,-0.022523879001129097,-0.009450075682882527,-0.03014718042484412,-0.1574044681222993,0.03198238317310199,0.0017617651831669339,283.8,3.131,0.1773,35.37
21087-64-9,Metribuzin,0.028571252692537547,0.775143125173159,5.579199260662769,True,-0.0043465655539136425,-0.005550621000742648,-0.038477537103772795,-0.02015724072460109,-0.005456839327685501,-0.017791154834154586,-0.3261015575447575,-0.04891904626169617,-0.027148576356911664,214.3,1.7,0.4787,1.067
74223-64-6,Metsulfuron-methyl,0.3654879848908996,0.9738806885627569,4.058753757293131,True,-0.035108683333034234,-0.04085638150194423,0.0010702173559650249,0.0030728424957475026,-0.0011767251345701627,-0.042318658804056414,-0.1242519826798451,-0.02762210646131126,-0.02802009725558951,381.4,2.199,0.08599,2.319
7786-34-7,Mevinphos,0.6721902511882526,0.4449214064495917,1.687597388827771,True,0.025336066712921268,-0.26487737510506015,-0.12678789347560765,-0.018357438013118645,-0.030245925744079215,0.002299012526988986,-0.3783918296538325,-0.03929055490138314,0.006145080221368863,224.1,0.1298,0.674,4.7
88671-89-0,Myclobutanil,1.2148703286112197,1.2171481404000766,1.0052586338020388,True,-0.007592280486694293,0.015415653037127889,0.05680464182152753,0.0007062042192195032,-0.0011767251345701627,-0.03014718042484412,-0.08077676246965483,-0.009835109454294846,0.004657435410864291,288.8,2.94,0.08429,16.4
15299-99-7,Napropamide,1.1804412981947188,1.5383697040839033,2.279966185099275,True,-0.002326323888029817,0.07311914465108785,0.0552224604667193,0.02033935116410973,-0.0024552553852809833,-0.029150080217002477,0.17857187169824673,-0.03142047726242807,0.007376748975086274,271.4,3.358,0.005,15.15
50-65-7,Niclosamide,1.079217435746567,1.52139081135743,2.768046462501725,True,-0.0034956417870027844,0.08496961186028608,0.04995815541283886,0.02033935116410973,-0.0024552553852809833,-0.04054853993592177,0.17372606928426088,-0.031121511195773374,0.0009263080585183833,327.1,3.748,0.005,12.0
27314-13-2,Norflurazon,1.0449707052927693,0.8936516111748665,1.4168344044513492,True,-0.011349265148494162,-0.01846348992047386,0.01209940358512765,-0.02015724072460109,-0.009450075682882527,-0.049409800277843904,-0.30116003918202044,0.024447419106290228,-0.0019975644616295725,303.7,2.378,0.1841,11.09
19044-88-3,Oryzalin,1.3053728686412969,1.5163172106977094,1.6253404434014358,True,-0.008458080846806517,0.08496961186028608,0.04995815541283886,0.02033935116410973,-0.0024552553852809833,-0.03863534230110008,0.17372606928426088,-0.031121511195773374,-0.001098051176220044,346.4,3.725,0.004802,20.2
144651-06-9,Oxasulfuron,0.4924810101288767,0.8259560421277011,2.1551377390942976,True,-0.09801324299257978,-0.04022251871805803,-0.06930911553991491,0.0033180934342430268,0.004784728964977889,-0.03275316052095374,-0.09601677441144088,-0.03772331484548317,-0.07720091712448311,406.4,1.101,0.06084,3.107
76738-62-0,Paclobutrazol,0.8537590330747687,1.1953935718815047,2.196011139591814,True,-0.009294518809595503,0.06987053212782149,0.06033303354890705,-0.022523879001129097,-0.009450075682882527,-0.040646754426184824,-0.15602013137359122,0.03227133643359676,0.0017617651831669339,293.8,3.202,0.1538,7.14
56-38-2,Parathion,0.8228869478341506,1.275212273397272,2.8335137572363203,True,-0.007296345571990674,0.07713311833201451,0.04837211036407236,-0.00844461365912147,-0.0011767251345701627,-0.041033450009742595,-0.048556317194636475,-0.0148539204335519,0.0019761528234030074,291.3,3.83,0.04,6.65
40487-42-1,Pendimethalin,0.858236335429513,1.2464642787277618,2.444713345434041,True,-0.0031958685428574263,-0.09163055158694938,-0.07644237282968115,0.03407902804913456,-0.00386187084684703,-0.04274551407182287,0.16581700587777318,-0.009410087336034392,0.004762246133651227,281.3,5.198,0.005,7.214
52645-53-1,Permethrin,1.8350624510082343,1.4702508748860308,2.3163894385399266,True,-0.03698268896731956,-0.07227153520004877,-0.027098860323819345,0.026065096957000877,-0.0028304945547322716,0.10599253813084523,0.236296924976024,0.016818541103214006,-0.044830911116528364,391.3,6.499,1e-06,68.4
2310-17-0,Phosalone,1.3996910237053748,1.6599540421719376,1.8208032439927306,True,0.01758754085507317,0.08217609340551592,0.06137107596068015,0.03174487598764611,-0.002086587311554866,0.025810177135994594,0.17374419160880045,-0.010262207828773672,0.010776618477160979,367.8,4.38,0.00608,25.1
51-03-6,Piperonyl butoxide,1.8808764461441208,1.4710890580358034,2.569137735559646,True,-0.002694509049116763,-0.04142554194893242,-0.015454268545625295,0.032738874784821285,-0.0011284322548484845,0.06786925315651801,0.15920733112510102,-0.0112386828667648,0.014122769753255859,338.4,4.745,0.005,76.01
23103-98-2,Pirimicarb,1.3527804675713253,1.0303303879636068,2.101116240361014,True,-0.008937610233257683,-0.023123572865820282,-0.03813915364718645,-0.00784052369844441,-0.005038487327206141,-0.02156086440499622,-0.12133056129223513,-0.009603907012408104,-0.0031871954362346563,238.3,1.698,0.1633,22.53
29232-93-7,Pirimiphos-methyl,1.696365126964978,1.522618440942991,1.4919239508336122,True,-0.0034848218033521933,0.0799394811979215,0.044472816606988846,0.002629619127513294,-0.00223302634678845,-0.041033450009742595,0.18409293824189052,-0.016280693728067612,0.005423313775232833,305.3,4.197,0.0134,49.7
67747-09-5,Prochloraz,1.2148703286112197,1.5125168598099796,1.9844791082438875,True,-0.022466409272139026,0.07790863972070662,0.04710413673249078,0.002629619127513294,-0.0008080570608440459,0.008726427256103609,0.15268325987710513,-0.010728507974504522,-0.011624512477847368,376.7,4.098,0.02237,16.4
29091-21-2,Prodiamine,0.8583567052977734,1.5199047676468207,4.5872040849816,True,-0.008458080846806517,0.0799394811979215,0.044472816606988846,0.025960847971402672,-0.002086587311554866,-0.034441874532597214,0.17372606928426088,-0.026227538534851706,-0.002072630069337853,350.3,4.102,0.005,7.216
1610-18-0,Prometon,0.9122752104988123,1.4713768970564511,3.6232782462966546,True,-0.003474033991418416,0.02306465231502994,0.058526844871736955,-0.002991877679779649,-0.0011767251345701627,-0.03349677042089898,0.1754213259141989,-0.01605760470352383,0.002468822004281236,225.3,2.991,0.0289,8.17
7287-19-6,Prometryn,1.5536524739734743,1.5514382113952385,1.005111547616074,True,-0.004053679141651305,0.08937420406276242,0.054628527974317505,0.02033935116410973,-0.0024552553852809833,-0.029150080217002477,0.1796747003223275,-0.031410464456268126,0.005398643190529619,241.4,3.511,0.005,35.78
25606-41-1,Propamocarb hydrochloride,0.7646243978509815,0.4467991896972902,2.078859833548446,True,0.025783857529496697,-0.2639065521446863,-0.18221378685962464,-0.0426339634503343,-0.012339763838410454,0.002999690051606799,-0.29483637836700693,-0.057312224959271796,0.0021660478541271136,224.7,0.02809,0.8435,5.815
709-98-8,Propanil,1.05311687492293,1.2880272097601608,1.7175537415395814,True,0.005107014196207361,0.057694851491030465,0.05417843817517488,0.0007062042192195032,-0.0008301157882406963,-0.03349677042089898,-0.05214262786920269,-0.01101094335313443,-0.0012711047713901212,218.1,3.071,0.0713,11.3
139-40-2,Propazine,1.1643826009631688,1.4430310819135368,1.8995401649270476,True,-0.003474033991418416,0.02021627542767487,0.057756104047035364,-0.002991877679779649,-0.0011767251345701627,-0.03349677042089898,0.1506946284833414,-0.01605760470352383,0.002468822004281236,229.7,2.931,0.03651,14.6
31218-83-4,Propetamphos,1.2106127663528976,1.522618440942991,2.0511889799503957,True,-0.0031958685428574263,0.08496961186028608,0.05009431341428179,-0.002991877679779649,0.005594705637476566,-0.041033450009742595,0.1762652062576255,-0.021599777650926973,0.005423313775232833,281.3,3.816,0.009787,16.24
114-26-1,Propoxur,0.8388490907372553,1.0762759191370446,1.727534894281292,True,0.052931130787169774,-0.021134119001567687,-0.052994141332251984,-0.008312308731348222,-0.0041532035396766144,-0.012161465668258991,-0.14874136946663516,-0.008752322731309643,0.01050145493952771,209.2,1.524,0.2159,6.899
23950-58-5,Propyzamide,0.7324741772811936,1.2921674845504472,3.628217446029881,True,-0.006127027673017715,0.0652826511228163,0.053636415417952804,0.0007062042192195032,-0.0011767251345701627,-0.03014718042484412,-0.050687119193158076,-0.011176625298701497,0.0027646276333545793,256.1,3.429,0.06756,5.4
94125-34-5,Prosulfuron,1.0158206342620693,1.0352492418153396,1.045751768144741,True,-0.15511929699305457,-0.047886966759410836,-0.021577876470791426,0.02047608636474748,-0.0022305466843758857,-0.04517170346433934,0.13851693546642185,-0.03014584318663645,-0.09070381033861626,419.4,1.891,0.005,10.37
123312-89-0,Pymetrozine,0.9351040211514496,0.8321661069020173,1.267470658185429,True,0.04377052346565295,-0.28490275953549826,-0.2151389250016942,0.155998924796753,0.02027880100848273,0.0031204163669991724,-0.20747022885737046,0.03689951311206004,0.010517577665237898,217.2,-0.1774,0.9946,8.611
175013-18-0,Pyraclostrobin,1.7318384731428904,1.602477636995797,1.3469790347834294,True,-0.02778351010281862,0.08885883603580977,0.04698845387927363,0.025960847971402672,-0.002086587311554866,0.010176097289725626,0.17854390514196272,0.02711801136004324,-0.014390681149441927,387.8,3.99,0.001584,53.93
96489-71-3,Pyridaben,1.8057114976621655,1.447415677292526,2.2818958597129027,True,0.0074706130595068145,-0.09880796332325842,-0.05559040528759894,0.03407902804913456,-0.00386187084684703,0.14293229937662577,0.15999404270219025,-0.0158528405411243,0.00796051022250198,364.9,6.367,0.005,63.93
53112-28-0,Pyrimethanil,1.6423754757990503,1.608508870084304,1.0811018380364228,True,0.05868582024047517,0.049198879483237166,0.06961603502674807,-0.00249581090933423,-0.0013477425592589255,-0.027331580346878305,0.18251832472367152,-0.021043911647274583,0.03161659219152372,199.3,2.841,0.01673,43.89
95737-68-1,Pyriproxyfen,1.2268833283909168,1.5664957833982462,2.185810234015081,True,-0.0021057654810022986,0.07971385898609751,0.04408154390937672,0.025960847971402672,0.002366707288522358,-0.02592619031876724,0.17819141855689685,-0.004830630561075544,-4.827083459942451e-05,321.4,4.199,0.000907,16.86
83-79-4,Rotenone,1.4519552097682025,1.5345969531536854,1.2095999031537679,True,-0.029173386408819106,0.08817860327903639,0.047243568575442825,0.02373094489551242,-0.005508505619517334,0.030441707197826615,0.17854390514196272,-0.02609138053340877,-0.041860767255744745,394.4,4.098,0.003404,28.31
28434-00-6,s-bioallethrin,1.6618221471876118,1.5507325984106095,1.2914855423165021,True,-0.000519855342022351,-0.07362188388346512,-0.04992243291707434,0.02695484676857785,0.005373123917072632,-0.04642090112035294,0.4270197144313632,-0.010296551273005597,0.003074273948120082,302.4,4.78,1e-06,45.9
74051-80-2,Sethoxydim,1.0744873049856902,1.3033632311706076,1.6938538133436327,True,-0.007296345571990674,0.0762844375986264,0.060403735405845475,0.006327701026512445,-0.0008080570608440459,-0.03804724165401902,-0.051067572334507975,-0.006865297944079379,-0.00466039217633112,327.5,4.38,0.05472,11.87
122-34-9,Simazine,0.8011978344591488,1.029729925911561,1.6925133052090937,True,0.04980458131417199,-0.009012696681476098,0.013576771090832405,-0.02015724072460109,-0.008564791895353004,-0.022361078625754236,-0.29019970113911364,0.038316947897249674,0.009234870794210082,201.7,2.18,0.2845,6.326
118134-30-8,Spiroxamine,0.5255630582700669,1.4219681434732816,7.8778024373966185,True,-0.0034848218033521933,-0.001105595162939795,-0.0035489787529119853,0.03174487598764611,-0.002086587311554866,-0.023815542235869996,0.1606724905659921,-0.010262207828773672,0.004762246133651227,297.5,4.616,0.005446,3.353
122836-35-5,Sulfentrazone,0.7570922201189326,0.6586058627492447,1.2545453278086938,True,-0.04539746582209673,-0.032265706299557675,-0.13395507676143895,-0.09777888215870459,0.0018341880647590393,-0.025985446237440778,-0.1917628251807393,-0.048685038047142845,-0.036490148689787845,387.2,0.9936,0.9933,5.715
112410-23-8,Tebufenozide,1.350267406047918,1.2660894168504455,1.2138862419328593,True,-0.01225878463179441,0.07210298766964991,0.042750613556779414,-0.00282311685182853,-0.0008080570608440459,-0.035418349570588335,-0.05003959896006715,-0.0098237897711873,-0.006684751411069541,352.5,4.247,0.03378,22.4
119168-77-3,Tebufenpyrad,1.2025155617815293,1.4652834133139832,1.83133523581812,True,-0.002694509049116763,0.007827142156031999,0.010464503390903802,0.03174487598764611,-0.002086587311554866,-0.0006323641581411247,0.16225930916607662,-0.0112386828667648,0.0005474621175072948,333.9,4.61,0.005,15.94
96182-53-5,Tebupirimfos,1.3548956047110605,1.52139081135743,1.467219892958933,True,-0.0034956417870027844,0.08496961186028608,0.04995815541283886,0.02033935116410973,-0.0024552553852809833,-0.04054853993592177,0.17372606928426088,-0.031121511195773374,0.0009263080585183833,318.4,3.543,0.005,22.64
34014-18-1,Tebuthiuron,0.7228806106869394,0.8901976532838393,1.4699990111266674,True,-0.01081921566842272,-0.012874158989188728,-0.014035813207982539,-0.02015724072460109,-0.005803448674014967,-0.02156086440499622,-0.3239755293293141,0.03131445359927577,-0.000982793198310693,228.3,1.788,0.4172,5.282
79538-32-2,Tefluthrin,1.394644268735318,1.063877770619854,2.141738768607838,True,-0.15496925173955212,-0.044743807226842534,-0.0008836760286217413,0.02047608636474748,-0.005877173693243452,-0.05124905815210565,0.1396813549113353,-0.03014584318663645,-0.07750312451062161,418.7,2.396,0.005,24.81
149979-41-9,Tepraloxydim,0.5250448070368452,0.9566031296589957,2.7012098370015307,True,-0.010295090790734051,0.09706599546880319,0.05326183130799663,-0.022523879001129097,-0.009450075682882527,-0.03752593915079955,-0.3252643740386641,-0.053528093507811826,-0.004229508827178552,341.8,3.688,0.3834,3.349
5902-51-2,Terbacil,0.35659943572497077,1.0747510966023963,5.225786479131136,True,-0.0004043655847734223,-0.025483498137531344,-0.020365063002141734,0.0030728424957475026,0.0028165112206268643,-0.02156086440499622,-0.08262994586056377,-0.022046242205915022,-0.027740541799452376,216.7,1.89,0.1029,2.272
7696-12-0,Tetramethrin,1.5751993951592251,1.4482140358261455,1.3396315258354035,True,-0.002694509049116763,-0.04142554194893242,-0.015454268545625295,0.032738874784821285,-0.0011284322548484845,0.047603643248417045,0.15920733112510102,-0.0112386828667648,0.01151335745169876,331.4,4.727,0.005,37.6
111988-49-9,Thiacloprid,0.4107772333772098,0.8308044863200013,2.6304330522294705,True,-0.011060311887999393,-0.02803879894666761,-0.04420212311624821,-0.005141813771928101,-0.005038487327206141,0.005803909106536546,-0.32354903721871275,-0.024792369425214997,-0.0022687449739524617,252.7,0.9225,0.2857,2.574
117718-60-2,Thiazopyr,1.618058561513286,1.5181941421427503,1.2585324543268395,True,-0.02916256642516852,0.09320873394140099,0.0530012233841787,-0.0022748417083803094,0.00045046881761815746,0.009178997081883983,0.18296214306152575,-0.02131082439043221,-0.036951455501271165,396.4,3.889,0.01139,41.5
28249-77-6,Thiobencarb,2.3673577849468344,2.1839765568882727,1.525391169964824,True,0.014394422338971747,0.047252979313029186,0.06338153336489631,0.02033935116410973,0.009743898289680114,-0.028104344800483693,0.6928490587610704,0.0862156351035458,0.008811759472056105,257.8,3.4,1e-06,233.0
23564-05-8,Thiophanate-methyl,0.3926969532596657,0.8307224278472963,2.7417349902729673,True,-0.009949638841878296,-0.01850413208430362,-0.054047233823655144,-0.020629025757504905,-0.005803448674014967,-0.03896123844407713,-0.3182879171251336,0.037468036480825945,-0.00965523776435659,342.4,1.4,0.427,2.469
43121-43-3,Triadimefon,1.1640850574588588,1.198234937954816,1.081807232184235,True,-0.008529618132111609,0.040668975557509514,0.0691697835993005,-0.0026254055423469706,-0.003930044263036771,-0.03014718042484412,-0.12324577082423561,-0.01553424502461878,0.003316179127803928,293.8,2.771,0.1142,14.59
82097-50-5,Triasulfuron,1.1637873099620026,1.0137235749625069,1.4127448571487389,True,-0.05679870067806949,-0.038400577504221725,-0.06725665828270684,-0.005832724444097945,0.004784728964977889,-0.03275316052095374,0.04513244245672082,-0.029309480606538964,-0.07493455830399857,401.8,1.102,0.02305,14.58
78-48-8,Tribufos,2.097260781258137,1.4819593920757974,4.123836034154028,True,-0.0039423701590930406,-0.04156075126424383,-0.030776160397761588,0.01475672336898565,0.027747791301278447,0.21005919050683178,-0.048893023332824304,0.07456340693384969,0.01091232123737974,314.5,5.7,0.06651,125.1
3380-34-5,Triclosan,1.4440604177407756,1.3193507841274286,1.332630146637459,True,-0.0034956417870027844,-0.06563443023049137,-0.03088794224835281,0.02695484676857785,-0.0011284322548484845,-0.025950551503266656,0.17186596390261852,-0.026227538534851706,0.004762246133651227,289.5,4.762,0.00428,27.8
68694-11-1,Triflumizole,1.292278228672973,1.3276154528838902,1.0847688965090707,True,-0.007441285265645302,-0.033276779982894286,-0.05680204769994665,0.05137573465386466,0.006268131138720368,-0.037816801102965876,0.17026879637206552,-0.029983653099638352,-0.004068906011064978,345.8,1.404,0.00839,19.6
126535-15-7,Triflusulfuron-methyl,1.160498543522346,1.0834712657645698,1.194063100446283,True,-0.07851922241828499,0.10371587217806548,0.05673304408238782,-0.021806843029729756,-0.006766580518475918,0.1343420411358276,-0.2686757073235671,-0.04983761694601877,-0.05480598527703027,492.4,3.557,0.3292,14.47
131983-72-7,Triticonazole,0.7866804531966488,1.1799431731649792,2.4732198300167836,True,-0.009294518809595503,0.06711401439254948,0.05566266098742842,-0.022523879001129097,-0.009450075682882527,-0.0415250149739129,-0.1544501740457136,0.029218097340288445,-0.0039002009234493833,317.8,3.293,0.1373,6.118
50471-44-8,Vinclozolin,1.2634230108673854,1.0802818740061468,1.5245481203891937,True,-0.019234622114382732,0.086442854933987,0.059783662505094086,-0.028021359624692595,-0.009450075682882527,-0.028169137446805645,-0.2509484168356509,0.00325444343856767,-0.002467739048483952,286.1,3.102,0.5936,18.34
101-54-2,"""n-phenyl-1,4-benzenediamine""",1.1928739715425218,1.1519179474829941,1.0988945615540966,True,0.03263540492751711,0.006649525651262761,0.027197806960704427,-0.019255959592057153,-0.007601752630685215,-0.032749726424251925,-0.07514632964315879,0.03199098160704781,-0.0808942672547799,184.2,2.657,0.1434,15.59
101-61-1,"""4,4'-methylenebis(n,n-dimethylaniline)""",1.2753343934257673,1.5634970738867822,1.9416130416865112,True,-0.0018168122205075292,0.08750050738373409,0.05437341327814831,0.02033935116410973,-0.0024552553852809833,-0.03964965421834319,0.1796747003223275,-0.010149714483934905,0.006588274165134702,254.4,3.803,0.001109,18.85
101-86-0,2-benzylideneoctanal,1.157184682201611,1.5006066206372792,2.2050677544073105,True,-0.0007898061599959398,0.07161027035205884,0.049143189168467494,0.002629619127513294,0.005941314983806032,-0.0356821368103434,0.17672679098302385,-0.016403965042995315,-0.021660919845650335,216.3,4.339,0.009805,14.36
102-27-2,N-ethyl-3-methylaniline,1.117966935491767,1.403155003052148,1.9283597923438673,True,0.1244898848441815,-0.009454018359131162,0.024203707825087087,-0.006939242565900467,-0.007088635606370658,0.00824526799681043,-0.061800640031224895,-0.00044796284139277586,0.0628543779086934,135.2,2.42,0.1414,13.12
103-23-1,Di(2-ethylhexyl)adipate,1.132291715966803,1.254241654691463,1.3241888866853306,True,0.003659089290868332,-0.07810331610912968,-0.033250811232075024,-0.0004889647903400757,0.008623757631057822,0.1219868216058876,-0.027369816497100453,-0.013255757969871072,0.0033483888807702925,370.6,6.851,0.03861,13.56
103-24-2,Azelaic acid di(2-ethylhexyl) ester,0.49872397074790464,0.9023466611515342,2.5329270990243424,True,-0.12861214610059657,-0.06386342191131668,-0.041274359083252936,0.00022807118105926398,0.010938584721738313,-0.04144420151810274,-0.031096012086590803,-0.013255757969871072,-0.05836635996292638,412.7,8.993,0.03126,3.152
103-90-2,Acetaminophen,-0.44273347113009587,0.6204693851271931,11.56652381183622,True,0.13028257611144614,-0.1370841607699236,-0.30723564834549744,-0.06444394986573239,-0.011508246455516232,0.011172998338846845,-0.3504595437210661,-0.011473935303715902,0.09212703125695779,151.2,0.4621,0.9398,0.3598
104-67-6,5-heptyldihydro-2(3h)-furanone,0.9763958366118798,1.267087431020295,1.9529521131226868,True,0.029512812151512188,0.08318606149734217,0.05511378292365755,0.0016074853517634425,0.0006715979176271532,-0.02987793774371984,-0.04868072141185019,-0.011618503057126403,-0.08191941049030597,184.3,3.445,0.069,9.47
105-99-7,Dibutyl hexanedioate,1.1470886246281664,1.1448722837647232,1.0051163575170663,True,-0.0033615279037450905,0.09706599546880319,0.05541287397147595,-0.02830850521401212,-0.009450075682882527,-0.03259160874645438,-0.3026719733046808,0.09896202278601691,0.000722818508806227,258.4,3.927,0.5872,14.03
10605-21-7,Methyl 1h-benzimidazol-2-ylcarbamate,1.3802293369380374,0.984141601776579,2.489360162240976,True,0.04526014532375186,-0.007171588395173387,-0.042585551449185056,-0.016557249665540848,-0.0039551256218176515,0.009422741783715698,-0.3293205508808413,0.03246793468576476,0.02748858211451037,191.2,1.519,0.4872,24.0
106-44-5,4-methylphenol,1.5983636601720266,1.3472228497967558,1.782956758016504,True,0.07464103294047023,-0.00997714607333743,0.014264730292312924,-0.016085464632637034,-0.004206969944311922,0.02339686738898286,-0.10999039372128994,0.04558442023762352,0.06050350942754748,108.1,1.94,0.3259,39.66
106-65-0,Dimethyl succinate,2.5615795601063556,1.0491274630752834,32.54258868275669,True,0.10027600513981885,-0.13604771259332912,-0.10345451256740743,0.19770694450295143,-0.01546995130036225,0.028518419667561447,-0.31527265370523744,-0.030259729732467343,0.054038389782361265,146.1,0.3505,0.9999,364.4
107534-96-3,Tebuconazole,0.7225516620009584,1.2532955319034096,3.394250337853824,True,-0.008472645125172488,0.0781508877064117,0.04837211036407236,0.0007062042192195032,-0.0011767251345701627,-0.0415250149739129,-0.07719575117012799,-0.00982509664813491,-0.004830701215771264,307.8,3.7,0.06601,5.278
108-46-3,Resorcinol,1.1607985535383545,1.0318263834339745,1.3457741131418162,True,0.06897391750753237,-0.013005795817938828,-0.05004250524872419,-0.05425403576225613,-0.010295723051003226,0.02775242028492969,-0.30542796060956556,0.038530292822056736,0.06050350942754748,110.1,0.8006,0.7448,14.48
108-95-2,Phenol,0.7401257369657306,0.6812016420977195,1.1453127484507382,True,-0.027788080041280274,-0.007871420646349528,-0.051418571046983254,-0.029977510325040486,-0.015409992154763486,0.06393637068469535,-0.31720663529370413,-0.009943854518850057,-0.1922109284413987,94.11,1.462,0.6201,5.496
111-21-7,Triethylene glycol diacetate,2.3138693285896768,1.0929962436190979,16.629266178960265,True,-0.004148793854648061,-0.024577383721529966,-0.04871431393004789,-0.05515531689480008,-0.007039921023856562,0.0036507325198152935,-0.06250174377097621,0.024617895950797577,-0.002227175537050944,234.2,0.5404,0.895,206.0
1119-40-0,Dimethyl glutarate,1.6655903709270667,1.133665074377386,3.4034964076616356,True,0.09839469209315557,0.015593769884236549,0.06300206587888664,-0.029977510325040486,-0.028201884956671988,0.010750464159102848,-0.35348066691969127,0.012876305698435146,0.0756155749835779,160.2,0.6217,0.6989,46.3
115-86-6,Triphenyl phosphate,1.4222778761641806,1.5715889399609084,1.4102985643172643,True,-0.0034956417870027844,0.0831031617525008,0.07706473147757514,0.025960847971402672,-0.002086587311554866,-0.03705014144617739,0.18513995679077835,-0.02609138053340877,-4.827083459942451e-05,326.3,4.589,0.002852,26.44
119-61-9,Benzophenone,0.9607085516885566,1.262731860340723,2.004579610576573,True,0.03367527353801591,0.07032544065623597,0.05511378292365755,0.0016074853517634425,0.0006715979176271532,-0.027331580346878305,-0.04470446021034509,-0.014587007690394267,-0.0811309356803544,182.2,3.181,0.06543,9.134
120-47-8,Ethylparaben,1.7577072122765633,1.3883877457550517,2.340558317577014,True,0.10049587166797526,-0.01175982687300623,0.01646232052987144,0.000642513866724971,0.00041975359513288213,-0.016828626478465353,-0.037389358633995264,-0.009666494298091419,0.07691932849750989,166.2,2.464,0.1057,57.24
120-71-8,P-cresidine,1.2907244800192232,1.204490355158204,1.2196469241350654,True,0.1205964692396986,-0.004865779881298311,-0.0006842890310773697,-0.016085464632637034,-0.004206969944311922,0.025775806013457546,-0.28157825439962125,0.034933452286965254,0.061513121625633035,137.2,1.737,0.4043,19.53
121-00-6,2-tert-butyl-4-methoxy-phenol,0.8488662114947794,1.4565203169889513,4.05185696133734,True,0.09192692029910175,0.07032544065623597,0.056848803074725035,0.0016074853517634425,0.0006715979176271532,-0.02542079924391578,-0.04777052507152782,-0.009634405738991091,0.048873535862537495,180.2,3.202,0.07217,7.06
123122-55-4,Candoxatril,0.9955913242523534,1.0407130592446807,1.1094857662856785,True,-0.0796444318356832,0.10371587217806548,0.05620758652734048,-0.021806843029729756,-0.006766580518475918,0.0865708295505032,-0.26975571196682807,-0.04454881436721034,-0.05235111117469717,515.6,3.856,0.2659,9.898
124-94-7,Triamcinolone,0.3967222785037734,0.6435580446388931,1.7653700977606255,True,-0.058488780826174494,-0.03317156126815505,-0.136847413955331,-0.05123929893165859,-0.003512570528663064,-0.03480730897482476,-0.1917628251807393,-0.049120357767799216,-0.06658410180915553,394.4,1.16,0.7348,2.492
127308-82-1,Zamifenacin,1.2332753912939436,1.2179755288374279,1.035857136520898,True,-0.15033333455497483,-0.048025504280559524,-0.04959013998945675,0.026065096957000877,-0.007283789154809499,0.13116334658455253,0.13563287760819928,-0.029374959296072034,-0.059370328917846736,415.5,5.742,0.002114,17.11
129-00-0,Pyrene,0.7910587435918254,1.1969141797565563,2.5459826289260503,True,0.053312556343432356,-0.1180232883252597,-0.08440165974875163,0.004963771189001749,0.009140373344861227,-0.09818419145462028,0.16904797025417298,-0.00931050867195291,0.001276892944277898,202.3,4.883,0.02415,6.18
13311-84-7,Flutamide,1.4826020646990636,1.2800683788450418,1.5941665267186846,True,-0.006127027673017715,0.0652826511228163,0.053636415417952804,-0.00844461365912147,-0.0011767251345701627,-0.03014718042484412,-0.049659145818717235,-0.015152886500206603,0.0027646276333545793,276.2,3.35,0.03758,30.38
13674-87-8,"""tris(1,3-dichloro-2-propyl) phosphate (tdcpp)""",0.7069736761761781,1.3539374551256023,4.435716476034454,True,-0.1301615285999557,0.09320873394140099,0.0530012233841787,-0.0022748417083803094,0.00045046881761815746,0.009178997081883983,0.14909267987719854,-0.02131082439043221,-0.06633971715930469,430.9,3.65,0.01078,5.092
139290-65-6,Volinanserin,0.7375901662857216,1.0677587321219342,2.138792073145465,True,-0.032008985429549844,0.08184370222264015,0.05927021338919374,-0.022523879001129097,-0.009450075682882527,-0.040975030952770185,-0.22332716867461996,0.00325444343856767,-0.017416751068912634,373.5,3.106,0.5097,5.464
140-66-9,"""4-(1,1,3,3-tetramethylbutyl)phenol""",1.4310580419420251,1.3016392275101938,1.3471588683995017,True,0.05439797378835092,-0.08142161831193562,-0.06608382555542253,0.004963771189001749,0.009140373344861227,-0.051680180509549624,0.17047749441262677,-0.00931050867195291,0.0020634839428193665,206.3,4.867,0.01902,26.98
148-24-3,8-hydroxyquinoline,1.8431143746541072,1.470752301774723,2.3570135156764622,True,0.1398166574750726,-0.01677243723340887,0.01743021233997724,0.003813008826145093,-0.0023335655333337284,0.02339686738898286,-0.03418917943017438,-0.007589715170112333,0.07808818923017913,145.2,2.019,0.1184,69.68
150-68-5,Monuron,0.4895366294820953,0.9312682412004961,2.7652322400917875,True,0.044774773917146446,-0.0018375042709799223,0.006625907670476771,-0.019661173954155675,-0.004918164886485441,-0.016694904291159277,-0.3251714821805454,-0.04910645167412757,0.02816497698893177,198.6,1.941,0.4551,3.086
15310-01-7,Benodanil,1.330434067009712,1.2095113275638594,1.3210605979211885,True,-0.007455849544011274,0.014397883662730707,0.05666821087884451,0.0007062042192195032,-0.0011767251345701627,-0.030638745389014427,-0.0822600442350855,-0.008817340079897665,-0.0010045306957520291,323.1,2.855,0.07513,21.4
1806-26-4,4-octylphenol,1.1945420914420373,1.2697510395753664,1.189074178224938,True,0.05439797378835092,-0.11346252740859131,-0.0749650053239764,0.03407902804913456,-0.0033452551330436196,-0.05784755611157554,0.16741788202717423,-0.008844208526222056,0.003228444332721238,206.3,5.187,0.005,15.65
1843-05-6,2-hydroxy-4-(octyloxy)benzophenone,2.9068740728809463,1.8477472074515624,11.458476157863489,True,0.004010419624057096,-0.09512752545047626,-0.027988052104687893,0.028295000032891128,0.002639685325074085,0.1550248809935766,0.45772781377795146,0.012152447704725029,0.04192027366705515,326.4,6.395,1e-06,807.0
1861-32-1,Chlorthal-dimethyl,1.5868235146235763,1.5072482001415244,1.2010893454715608,True,-0.0034848218033521933,0.0693341907321699,0.044472816606988846,0.002629619127513294,-0.0018643582730623331,-0.03804724165401902,0.18260965647645988,-0.016280693728067612,-0.0012132312245012966,332.0,4.278,0.01666,38.62
1929-77-7,Vernolate,1.3996910237053748,1.588768909205071,1.5455315872153168,True,0.053162511089929906,0.08782289684237515,0.05624205348146518,-0.002991877679779649,-0.00029144134704063725,-0.041055754696093884,0.18569381439129157,-0.021033898841114645,0.002128342082643565,203.3,3.839,0.01906,25.1
205-99-2,Benzo[b]fluoranthene,0.7454651686707271,1.1428596391145132,2.4968616010796643,True,-0.0031958685428574263,-0.13191139846625746,-0.10110211962188546,0.004963771189001749,0.004188090175910518,-0.04276613924167338,0.16249917664789537,-0.019477484541489096,0.0005693476344731604,252.3,5.779,0.01059,5.564
206-44-0,Fluoranthene,0.9066043717249803,1.238072178214243,2.145200089890271,True,0.053312556343432356,-0.11159051896513125,-0.0749650053239764,0.004963771189001749,0.004704705889713928,-0.05786818128142605,0.16400838796247225,-0.014862694425516004,0.001276892944277898,202.3,5.16,0.01409,8.064
2104-64-5,O-ethyl o-(p-nitrophenyl) phenylphosphonothioate,0.9117433778559316,1.4053129500590662,3.115799994435788,True,-0.002694509049116763,-0.04815366601292292,-0.030205531142380924,0.0036236179246884764,-0.0009062032163559525,0.0456702319587392,0.17481904238129048,-0.016280693728067612,0.01034839706179689,323.3,4.776,0.01016,8.16
24602-86-6,Tridemorph,1.1109598811248782,1.5346504493125117,2.6527148475270717,True,-0.0023101333744361833,-0.062265398478372515,-0.05325191245472841,0.028295000032891128,-0.00386187084684703,0.2054468425085028,0.1658510089054327,-0.029374959296072034,0.01702960843474639,297.5,5.595,0.002679,12.91
2634-33-5,"""1,2-benzisothiazolin-3-one""",1.5408423152115802,1.6530539688282861,1.2948267221096519,True,0.14322505515707837,-0.032926020249944364,-0.0333483752617758,0.026305980499697977,0.0027878503532896247,0.017083901159847502,0.17106240694032118,-0.01861156344029857,0.10838246978867577,151.2,0.8033,0.005,34.74
2921-88-2,Chlorpyrifos,0.41514035219587275,1.5203238895032491,12.740413902344844,True,-0.017773875904486855,-0.08361693618463134,-0.05311575445328548,0.06322055829526531,0.001214888668286755,0.18546254197940681,0.1600279514242775,-0.004696481559642317,0.0005087333566639928,350.6,4.959,0.007932,2.6
298-46-4,Carbamazepine,0.37584643630915593,0.8212480410823938,2.788698767736063,True,-0.00968628731071891,-0.005622296225065496,0.011408754627493748,-0.02015724072460109,-0.009450075682882527,-0.03831604859626066,-0.32219685692948513,-0.052841378759169666,-0.000982793198310693,236.3,2.449,0.5141,2.375
30516-87-1,Azidothymidine,0.38291713508753095,0.4725356253536604,1.2291885051521236,True,0.02743074160326776,-0.25031831039246827,-0.22882430033243123,-0.05312056949168546,-0.006274959677047735,0.0019643137760233216,-0.25315703446385684,-0.0567035198692707,0.022447000319735726,267.2,0.04963,0.914,2.414
3147-75-9,Octrizole,0.7687120803776636,1.509809602279319,5.509313955259298,True,-0.0034848218033521933,0.0786394408375128,0.044472816606988846,0.002629619127513294,-0.0011767251345701627,-0.04055043608079509,0.17212918404363242,-0.010728507974504522,-0.0012132312245012966,323.4,4.018,0.0223,5.87
35256-85-0,Butam,0.9933039379194745,1.022814478261434,1.0703123591137982,True,-0.0123552729177216,0.030883253011571833,0.06350125995248175,-0.022523879001129097,-0.009450075682882527,-0.03349677042089898,-0.29762048743578745,0.03676538827214049,-0.0019812013977362364,233.4,3.001,0.2267,9.846
446-72-0,Genistein,1.2716325374871227,1.478834236603441,1.6113938400603232,True,-0.002315503904379226,0.021178075978784006,0.058526844871736955,-0.002991877679779649,-0.0011767251345701627,-0.03014718042484412,0.18051192694236368,-0.02160979045708691,0.007766202529821394,270.2,2.962,0.02426,18.69
484-17-3,9-phenanthrol,1.3218261837685032,1.639916171211647,2.080127652693318,True,0.05219947182526212,0.09072030634089617,0.05624205348146518,0.027024660312897103,-0.0006069323330836656,-0.04273301073958657,0.18168109810363536,-0.015991887979811825,0.022288148318578966,194.2,3.911,0.005435,20.98
50-29-3,"""p,p'-ddt""",1.0969447551769405,1.5965813945026734,3.159632987397629,True,-0.015477070651071548,-0.08599245985257048,-0.030760632789091007,0.028295000032891128,0.0005914237532301944,0.13042823246615157,0.28952162645697876,0.012022435876815719,-0.001139424672056526,354.5,6.91,1e-06,12.5
50892-23-4,Pirinixic acid,0.8756977619802079,1.3497911055294185,2.979156675130722,True,-0.0024788462058415676,-0.0370239763793827,0.006988830502939885,0.022705989440637734,-0.0024552553852809833,-0.043263714805224375,0.16841620444313804,-0.03014584318663645,-0.002044546776326551,323.8,2.067,0.005454,7.51
51-52-5,6-propyl-2-thiouracil,0.12188798510368108,0.5748965721171426,2.8379751412655394,True,0.06180617772887587,-0.3803161470958058,-0.16100400413025273,0.006418788667095033,-0.004654532002016104,0.11401906663058022,-0.3762405963395106,0.014246951886530216,0.03152860289025265,170.2,-0.3859,0.4736,1.323
527680-56-4,"""n-[(3r)-1-azabicyclo[2.2.2]oct-3-yl]-2,3-dihydro-1,4-benzodioxine-6-carboxamide""",0.5669086552268034,0.7769273294783887,1.621879835157105,True,-0.003906723567819457,-0.025015519470401378,-0.11477919074487616,-0.05328527885710024,-0.11890250774116387,-0.03583542277259836,-0.16732663772594591,0.005160657218640726,0.021725689258258442,288.3,1.835,1.0,3.688
528-29-0,"""1,2-dinitrobenzene""",1.3838333116626265,1.3604703327909455,1.0552685105109003,True,0.10049587166797526,-0.02177038140776859,-0.03289638510229199,0.0071446185877115645,0.004066380604000442,0.00750658319642006,-0.03777938277316087,-0.012037383848522687,0.076648147985187,168.1,1.69,0.06949,24.2
52-86-8,Haloperidol,0.704407927386841,0.9034555180811055,1.581421324491439,True,-0.030676304566136736,0.04086234964572256,0.03586768769923978,-0.033883987132533586,-0.009081407609156409,0.025241380628198928,-0.3073564272625778,-0.07314491362473778,-0.013465123578307741,375.9,4.288,0.1784,5.062
53-03-2,Prednisone,0.9586116577648793,0.8766949444766098,1.207582229130325,True,-0.014912077901682034,-0.01850413208430362,-0.053331730437660194,-0.020629025757504905,-0.005803448674014967,-0.03906907365433032,-0.2562076396127639,0.029973202752110222,-0.013913394034635203,358.4,1.466,0.4818,9.09
548-62-9,Hexamethyl-p-rosaniline chloride,0.9202798946329483,1.0991523838655894,1.5096368530791946,True,-0.10396326460071431,-0.051801100386805875,-0.05807189612502711,0.0018744889089873278,0.0037284277527596,-0.02307554906097101,0.163424797110437,-0.027963633608945403,-0.074092150005526,408.0,0.9598,0.01384,8.322
55285-14-8,Carbosulfan,1.4271776440015607,1.4558117379056712,1.0681545478301615,True,-0.03258333706770537,-0.05385221536389482,-0.04170323634758531,0.03407902804913456,-0.00386187084684703,0.1372976710453152,0.16443030234734496,-0.014522261629428056,-0.0025646061620579726,380.6,4.829,0.005,26.74
563-12-2,Ethion,1.0174924464772752,1.4863858275985347,2.9436988698344546,True,-0.03698268896731956,-0.06784254461858022,-0.04984525468562593,0.028295000032891128,0.0005914237532301944,0.1267100519844753,0.23620526014119983,-0.008114209323738804,-0.01172347459939224,384.5,5.066,1e-06,10.41
56-53-1,Diethylstilbestrol (des),1.596608090284298,1.1799015379795814,2.6103969437267014,True,-0.0031958685428574263,-0.11298208929320822,-0.07644237282968115,0.0010147355015065413,-0.020256767096270552,-0.02790458796279502,0.1624075118130712,-0.015428573235328334,0.003597285743749357,268.4,5.067,0.00935,39.5
56-55-3,Benz[a]anthracene,1.2617623176096195,1.211197860417527,1.123477701805122,True,-0.004354398629896611,-0.08974397525070346,-0.07644237282968115,0.004963771189001749,0.0038194221021844014,-0.04695960701017627,0.16286909653846954,-0.015428573235328334,0.003382233662262083,228.3,5.602,0.01121,18.27
57-41-0,Phenytoin,-0.08682216600953196,1.0382853027306749,13.338514607671257,True,-0.009019179859920165,-0.02309237056213646,0.01209940358512765,-0.02015724072460109,-0.009450075682882527,-0.040569889087672444,-0.15347531718390214,0.014855272826895846,-0.0019975644616295725,252.3,2.364,0.1624,0.8178
576-26-1,"""2,6-dimethylphenol""",1.3121985203725284,1.4279171898897325,1.3053250411138424,True,0.11000318003906148,-0.00785775844015748,0.02357977570853707,-0.016085464632637034,-0.007853596953179484,0.017735691990184148,-0.06702252767407327,0.04347124806190851,0.0628543779086934,122.2,2.36,0.2086,20.52
57-83-0,Progesterone,1.5276427877567538,1.509809602279319,1.0419171473196867,True,-0.0034848218033521933,0.0836695714998774,0.05009431341428179,-0.002991877679779649,-0.0011767251345701627,-0.0415250149739129,0.17212918404363242,-0.015758638636869122,-0.0002386523313834875,314.5,3.871,0.02311,33.7
579-66-8,"""2,6-diethylaniline""",1.2076612911967817,1.5323968002062618,2.1122022893743204,True,0.1398166574750726,0.04043601755422315,0.05693165956630643,0.0016074853517634425,0.00041975359513288213,-0.020918106620659516,-0.04047067430284551,-0.009000808175087754,0.09448255188096091,149.2,2.741,0.08962,16.13
57-97-6,"""7,12-dimethylbenz(a)anthracene""",0.508798965403905,1.1745385004756366,4.631690541796196,True,-0.0031958685428574263,-0.13191139846625746,-0.10110211962188546,0.03407902804913456,-0.00386187084684703,-0.04274551407182287,0.16590867071259735,-0.013458998642195151,0.00173430802437503,256.3,5.8,0.005,3.226
58-08-2,Caffeine,-0.5428753736965912,0.08551696800993121,4.2500333865532545,True,0.019340272528034202,-0.3233104498210996,-0.2576246449376285,-0.1051051711895017,-0.16673530275631568,0.006739249044178324,-0.29161147718068936,-0.013804972744652515,-0.051462798813787666,194.2,-0.07099,1.0,0.2855
58-14-0,Pyrimethamine,0.44232295574557445,1.0887583116703765,4.430322649002227,True,-0.008937610233257683,-0.0028002413392409745,0.02212940595355957,-0.00025876726581897005,-0.003930044263036771,-0.04520847029160254,-0.12285336655213398,-0.01483751746981669,-0.0036373407496714397,248.7,2.69,0.1177,2.768
59756-60-4,Fluridone ,0.7478000908643689,1.1555465693997438,2.557092736112495,True,-0.009294518809595503,0.05565018456026519,0.05783026885308247,-0.022523879001129097,-0.009450075682882527,-0.03533701420203646,-0.16067900454800085,0.014158545272093762,-0.0039002009234493833,329.3,3.046,0.1378,5.594
599-79-1,Sulfasalazine,0.7127338590699519,1.1871895412586726,2.9816432690282637,True,-0.056021088924605444,-0.04198728949157053,0.002161111424424919,0.02047608636474748,-0.005877173693243452,-0.05705036334042433,0.16404496273520705,-0.03014584318663645,-0.07750312451062161,398.4,2.425,0.004,5.16
60-09-3,4-aminoazobenzene,1.1959273135972246,1.6254792135208194,2.688759141312584,True,0.058549389297792145,0.07965199036913077,0.05683598597386698,-0.00249581090933423,-0.00029144134704063725,-0.02987793774371984,0.18499650739911763,-0.021043911647274583,0.030062178246886714,197.2,3.409,0.0171,15.7
606-20-2,"""2,6-dinitrotoluene""",1.5395904205339157,1.2809280336804858,1.8141048602014167,True,0.09088705168860296,-0.017421002271804948,0.018552257644143175,-0.0024768083864179923,-0.006836791283876388,-0.01174916110080011,-0.0715786734753534,-0.0038174330166434963,0.016276330001240825,182.1,2.098,0.131,34.64
63-05-8,Androstenedione,1.4136517520636995,1.188534255323786,1.6792582736861792,True,-0.009308133120414931,0.040668975557509514,0.07311308260178816,-0.022523879001129097,-0.009450075682882527,-0.03014718042484412,-0.15849831404903733,0.03227133643359676,0.003316179127803928,286.4,2.752,0.1744,25.92
6344-67-8,3-hydroxyfluorene,1.3130442330820227,1.4980389221810368,1.5310687384319552,True,0.03748679730665439,0.07710563297228924,0.05683598597386698,-0.002090596547235709,0.0006715979176271532,-0.027331580346878305,0.17944432164555454,-0.015491725893711492,-0.07768377472852457,182.2,3.189,0.02488,20.56
732-11-6,Phosmet,1.3769599891100663,1.2675603282777146,1.2864699933440522,True,-0.006279549990829466,0.03631959642154584,0.0664164644708339,0.0007062042192195032,-0.0011767251345701627,-0.030638745389014427,-0.05067232243252971,-0.014863933239711836,-0.0013429245286247472,317.3,2.781,0.0477,23.82
75330-75-5,Lovastatin,1.3404639451856346,1.6104906207415977,1.8622015146649484,True,-0.06755949644594915,0.08223274557731096,0.047418571826332696,0.003346655098912633,0.00045046881761815746,0.16824450790723058,0.1751948047840811,-0.011856041212170305,-0.05607385949316356,404.5,4.258,0.01429,21.9
77-09-8,Phenolphthalein,1.6757875039082792,1.3027052131741093,2.3609255423199125,True,-0.004548999413885183,0.013687129684237135,0.057504220976068415,-0.00844461365912147,-0.0011767251345701627,-0.030638745389014427,0.02204826433349154,-0.014863933239711836,4.635113521971805e-05,318.3,2.89,0.03116,47.4
77-40-7,Bisphenol b,1.552193517425781,1.540543053702096,1.0271892454192562,True,-0.004042859158000714,0.08831790285054411,0.05476468597576044,-0.002991877679779649,-0.0011767251345701627,-0.03014718042484412,0.18409293824189052,-0.021599777650926973,0.004233682800627748,242.3,3.765,0.01823,35.66
789-02-6,"""o,p'-ddt""",1.1847198151502714,1.5748360894184943,2.4553662063162838,True,-0.015477070651071548,-0.08599245985257048,-0.030760632789091007,0.028295000032891128,0.0005914237532301944,0.10948275469541344,0.28952162645697876,0.011222608563374648,-0.001139424672056526,354.5,6.923,1e-06,15.3
79902-63-9,Simvastatin,1.3856241454314828,1.2868003906245715,1.2555203455882888,True,-0.15033333455497483,-0.0040968827736329715,-0.01188980883234962,0.02373094489551242,-0.004550350562810952,0.12424555824216754,0.13048836229641816,-0.030516033049306078,-0.059370328917846736,418.6,4.677,0.00398,24.3
80-46-6,4-(2-methylbutan-2-yl)phenol,1.3214119979740055,1.705493768863516,2.4214849317299043,True,0.09316447978041045,0.0886828450757336,0.05573929901960117,0.02124063229665367,-0.0008587766555779375,-0.02384198901494067,0.17034224558152633,-0.02986824489655773,0.061801013795272586,164.2,3.491,0.005,20.96
838-88-0,"""4,4'-methylene bis(2-methylaniline)""",0.6004283257321311,0.9310641207351547,2.1410942985177988,True,-0.012218841975038579,-0.018490892586538257,0.01209940358512765,-0.02015724072460109,-0.009450075682882527,-0.03490871368887373,-0.2913389925631164,0.0396244059259179,-0.0031871954362346563,226.3,2.182,0.2257,3.984
85532-75-8,Pk 11195,1.6244986732761872,1.5741748476538926,1.1228553836945454,True,-0.007261752450589327,-0.036269277121914516,-0.022312586468712817,0.0036236179246884764,-0.0009062032163559525,0.20588613026637947,0.16928273733084737,-0.006303855458607215,-0.0006562270332378776,352.9,4.793,0.01614,42.12
86-30-6,N-nitrosodiphenylamine,0.9185021396361738,1.5062608032889184,3.8704250660737745,True,0.057911002814179956,0.07298969586155823,0.05770826293808769,0.0012022709896649213,-0.00029144134704063725,-0.027331580346878305,0.05997845046755993,-0.014217891918022441,0.029219769948414152,198.2,3.13,0.04368,8.288
86386-73-4,Fluconazole ,0.2631624649622167,0.8124899748905549,3.542643980575656,True,0.012218907220174172,-0.14097146572137434,-0.09736513394444557,-0.01885876636930264,-0.007039921023856562,0.003159167555644984,-0.1668309524257696,-0.03533017097108957,-0.005583953310819949,306.3,0.5014,0.7109,1.832
87-62-7,"""2,6-dimethylaniline""",0.9523564773237907,1.112342035235489,1.4453917046926277,True,0.1046613537633054,0.0020645641618688352,0.0004374971293718005,-0.016085464632637034,-0.004206969944311922,0.02274084392606089,-0.2818218428789473,-0.046053331796250416,0.061513121625633035,121.2,1.839,0.4311,8.96
87-86-5,Pentachlorophenol,0.9427519204298137,1.0761587060464164,1.359586318448325,True,-0.007007392311495907,-0.09227744207907954,-0.05410277877415722,0.008661853088000899,0.008623757631057822,-0.02790458796279502,-0.023063914767089196,-0.006013177451340096,0.00015012479191953425,266.3,5.119,0.05441,8.764
88-06-2,"""2,4,6-trichlorophenol""",1.2732559834517505,1.6298347842003915,2.2728920037235265,True,0.053162511089929906,0.09072030634089617,0.05624205348146518,-0.00249581090933423,-0.0013477425592589255,-0.02987793774371984,0.1860993360231984,-0.021033898841114645,0.029273703436935142,197.4,3.691,0.01512,18.76
91-22-5,Quinoline,1.5865985556783981,1.4393889398335422,1.403490947692711,True,0.1214485581439198,-0.0135189338389562,0.02357977570853707,-0.016085464632637034,-0.007853596953179484,0.02339686738898286,-0.05856900925813834,0.03504410148492499,0.0628543779086934,129.2,2.031,0.2036,38.6
91-53-2,Ethoxyquin,1.1807278477445067,1.5361731720769796,2.2669676584311036,True,0.008918537964845843,0.0782225015259684,0.05590064122538431,-0.002991877679779649,0.005941314983806032,-0.03349677042089898,0.1738546129273389,-0.021444108511519844,0.0021760561804397057,217.3,3.106,0.01069,15.16
91-59-8,2-naphthylamine,1.2671952031459672,1.4332084100490101,1.4655924089698928,True,0.12732342787284226,-0.01677243723340887,0.019499211237815256,0.000642513866724971,-0.0023335655333337284,0.013906443395609137,-0.03418917943017438,-0.007589715170112333,0.06362944716165239,143.2,2.281,0.1099,18.5
92-87-5,Benzidine,0.8395408929689688,1.0326611559443215,1.5599844272540067,True,0.031561636339416776,-0.017421002271804948,-0.04257044861343753,-0.004240532639384163,-0.0031901642750088257,0.009422741783715698,-0.1193241635109273,-0.008612616012917204,-0.08205655873672636,184.2,1.34,0.1977,6.91
94-13-3,Propylparaben,1.579795025268589,1.5043770877196327,1.1896465173395574,True,0.09192692029910175,0.0742747661670718,0.10267334169601337,0.0016074853517634425,0.0006715979176271532,-0.02542079924391578,-0.04968761847297082,-0.009634405738991091,0.048873535862537495,180.2,3.036,0.07639,38.0
94-26-8,Butylparaben,1.59440360098501,1.6298347842003915,1.08500361013351,True,0.05219947182526212,0.08966400512867786,0.05624205348146518,-0.002090596547235709,0.0006715979176271532,-0.02987793774371984,0.1860993360231984,-0.021033898841114645,0.028868489074836624,194.2,3.565,0.0191,39.3
94-28-0,Tri(ethylene glycol) bis(2-ethylhexanoate),1.3545117997442728,1.433682680414068,1.199971359744414,True,-0.04205855669869738,0.09413580228838588,0.053619927878110527,0.018109448088219477,-0.005508505619517334,-0.03152313912721587,0.16935482757632986,-0.031121511195773374,-0.06041787665716828,402.6,3.6,0.005,22.62
95-48-7,2-methylphenol,1.4390325321204125,1.2964098181100778,1.3887456577061272,True,0.07386251795216689,-0.00997714607333743,0.02494165340767017,-0.016085464632637034,-0.007853596953179484,0.02339686738898286,-0.14974789663797738,0.028277110349446206,0.06050350942754748,108.1,1.951,0.38,27.48
95-95-4,"""2,4,5-trichlorophenol""",1.418980381245036,1.640729941893534,1.6662860584007797,True,0.05315169110627931,0.09072030634089617,0.05624205348146518,0.020835417934555147,-0.0015699715977514556,-0.028880837535878195,0.18168109810363536,-0.030980743647898743,0.030438663826837013,197.4,3.722,0.005322,26.24
97-53-0,Eugenol,2.0153639474206613,1.3597233791931953,4.525229068586818,True,0.09824580352669311,-0.017421002271804948,0.022806673159778166,-0.019255959592057153,-0.007853596953179484,-0.004362779421428351,-0.09992645971569591,0.042753151044495265,0.07564528553499936,164.2,2.272,0.1922,103.6
97-54-1,Isoeugenol,1.8560095043100764,1.7489949689146256,1.2794241244676288,True,0.09855135798827272,0.08211125969534343,0.1015638376408895,0.02124063229665367,-0.0008587766555779375,-0.02384198901494067,0.1684251521800833,-0.029878257702717667,0.06258948860522416,164.2,3.035,0.005,71.78
98-54-4,4-tert-butylphenol,1.4281509987444454,1.5194850766462025,1.2340537551680713,True,0.13968022653238954,0.07532338483059574,0.05443682555031188,-0.001724124409803032,0.00041975359513288213,-0.023645043480806878,-0.03799249162739945,-0.04471359176581087,0.08860787354019731,150.2,3.31,0.1052,26.8
98-95-3,Nitrobenzene,0.9121688960596269,1.3196110763789524,2.5553016790055785,True,0.10815089646265783,-0.01164559700047564,0.0007607777502106276,-0.016085464632637034,-0.004206969944311922,0.025775806013457546,-0.14202086812642412,0.028277110349446206,0.061513121625633035,123.1,1.851,0.3844,8.168
99-08-1,3-nitrotoluene,1.2258518108181569,1.4332084100490101,1.611968679528684,True,0.12566618439736327,-0.013803397495094818,0.017859355195180362,0.003974123628291443,0.00041975359513288213,0.00824526799681043,-0.030212918228669273,-0.010548206997220257,0.06251598407582068,137.1,2.449,0.07728,16.82
99-59-2,2-methoxy-5-nitroaniline,1.0803017267939117,1.140651148792083,1.1490777676378074,True,0.09542615651031057,-0.009044925233653944,-0.03670045869398466,-0.016557249665540848,-0.004206969944311922,0.011915232907811692,-0.2866724142672477,0.04175422776230497,0.07564528553499936,168.2,1.471,0.3359,12.03
99-71-8,4-(butan-2-yl)phenol,1.2794616092576732,1.622999462411517,2.2056563732621175,True,0.13724457729540845,0.05873941426264836,0.057031305564742014,0.0016074853517634425,0.00041975359513288213,-0.021052340667271175,0.052409849120617635,-0.011590184229823849,0.0790973382369039,150.2,3.083,0.0608,19.03
99-76-3,Methylparaben,2.0314125041815028,1.6022101756081966,2.68659578205327,True,0.2505522612101925,-0.021121816369372517,0.014676893211510635,0.0071446185877115645,0.00041975359513288213,0.006321690313920808,-0.030212918228669273,-0.010548206997220257,0.11588563640359478,152.1,1.958,0.07056,107.5
99-99-0,4-nitrotoluene,1.2860296005081902,1.5138489127001067,1.6897377715785438,True,0.12323053516038215,-0.011981456281258518,0.019911812452388426,0.003974123628291443,0.00041975359513288213,0.00824526799681043,0.058130254719285734,-0.010179091224848428,0.05300544877252726,137.1,2.371,0.0679,19.32
33286-22-5,Diltiazem hydrochloride,1.3707165885395456,0.6952640207395915,4.736445754631523,True,-0.08397652848867004,-0.035575841377999205,-0.022927975438085512,-0.019440204753201754,-0.0034886215833344783,-0.04614817850233047,-0.2956792990653541,-0.0003299417967024102,-0.06626165213612449,451.0,1.746,0.22,23.48
50-02-2,Dexamethasone,0.25333800532610634,0.741394931829063,3.0765000501463065,True,-0.05154706927850177,-0.03311431886082017,-0.022927975438085512,-0.019440204753201754,-0.0034886215833344783,-0.052551204527159764,-0.3255712006483539,0.0380400223479321,-0.057096759310806204,392.5,1.92,0.32,1.791
15307-86-5,Diclofenac,1.8157171782964936,1.614871007743985,1.5879841764118703,True,-0.0034848218033521933,0.0831031617525008,0.07720088947901807,0.03174487598764611,-0.002086587311554866,-0.021697025203128707,0.186623238556209,-0.0112386828667648,0.005613695272016894,296.2,4.52,0.005,65.42
15687-27-1,Ibuprofen,1.005223424858136,1.588768909205071,3.83305882528324,True,0.05424792853484847,0.08700718961113343,0.05624205348146518,-0.002991877679779649,0.006479989425006092,-0.04373011094742821,0.17786608240702656,-0.021033898841114645,0.0055892893325193635,206.3,3.735,0.01,10.12
64-77-7,Tolbutamide,0.12221587827282664,1.1196332643977946,9.940709583438782,True,-0.0059905967303346954,-0.036850121493387226,0.005402785454173386,-0.00607797538259347,-0.0011767251345701627,-0.04374862487904519,-0.045855833621492155,-0.014167205684909749,-0.0009947020114419278,270.4,2.339,0.04,1.324
22204-53-1,Naproxen,1.422934381307001,1.5850308958283725,1.452434360421691,True,-0.00209497766906852,0.07478009877550978,0.05496734577055011,0.02033935116410973,-0.0024552553852809833,-0.03249967021305734,0.17903345642364507,0.021788914631023948,0.002079368449546113,230.3,3.18,0.002,26.48
29122-68-7,Atenolol,0.2981978671098151,0.5178601649487319,1.6582969342352885,True,0.02743074160326776,-0.24970718187454702,-0.20493158583114246,-0.05312056949168546,-0.006274959677047735,0.0019643137760233216,-0.2482988719294893,-0.040740985827776785,0.022447000319735726,266.3,0.1596,0.94,1.986
15307-79-6,Diclofenac sodium,1.5892904027213222,1.484043894053631,1.2742261356997846,True,0.0006089720295559867,-0.023771852189006727,0.03986073731390329,0.02540469936715404,0.001191371623586582,0.006864100716779426,0.17460857208779007,-0.008297490937626564,-0.0015174798398998061,318.1,0.7004,0.004131,38.84
36505-84-7,Buspirone,0.8842854623396753,1.0112651235569914,1.3396139494540389,True,-0.04890323472713231,-0.029547616171382695,0.011503580293531317,0.0030728424957475026,-0.0011767251345701627,-0.0480242032038554,-0.08731903520417392,-0.021922970890987326,-0.03550977778158176,385.5,2.629,0.05,7.66
51384-51-1,Metoprolol,0.7946274446645081,0.891015699967278,1.2484991623344022,True,-0.0009972517719994524,-0.02605196764699586,-0.09718896564212756,-0.05148454987015412,-0.005827397619343553,-0.03595614908799073,-0.17377968737472504,0.01943647379250031,-0.006227068693280461,267.4,1.881,0.883,6.231
60-80-0,Antipyrine,-0.2948207551263237,0.24685035462469762,3.480736198195702,True,0.013407186951410858,-0.33107315672986953,-0.1668757971885384,-0.10324308879109632,-0.034170817243853464,0.00701820426674615,-0.23947891785344308,-0.03993421231128944,-0.12789131035676338,188.2,0.3107,0.97,0.5062
62-44-2,Phenacetin,0.9706722426897193,0.9716727249607899,1.002306351108594,True,0.08196382868709456,-0.0018375042709799223,-0.0416455969518602,-0.021582945256200532,-0.004206969944311922,0.008383269712893987,-0.3286402381869389,-0.047542508647552835,0.057689125937251895,179.2,1.58,0.6,9.346
58-55-9,Theophylline,-0.10801676914803304,0.3874019459305519,3.1290947583294115,True,0.04243798624509476,-0.3092305177419673,-0.2103515129546294,-0.013039758491730499,-0.015605709889973408,-0.0012947416276801193,-0.3910152021211873,-0.004025173361673775,0.02043431199290509,180.2,-0.02058,0.61,0.7788
604-75-1,Oxazepam,0.5148132949992854,1.1196332643977946,4.025501283024568,True,-0.006279549990829466,-0.036850121493387226,0.005402785454173386,-0.00607797538259347,-0.0011767251345701627,-0.04374862487904519,-0.045855833621492155,-0.013878252424414983,-0.0009947020114419278,286.7,2.239,0.04,3.271
83-43-2,Methylprednisolone,0.7366354976868213,0.7652780985248511,1.068175470981452,True,-0.024721464533739163,-0.024727342838879385,-0.02206545612098382,-0.02015724072460109,-0.005803448674014967,-0.04995033832416572,-0.33062286431761156,-0.0003299417967024102,-0.025436068025844884,374.5,1.721,0.23,5.452
50-24-8,Prednisolone,0.766561552637531,0.7515741962293488,1.03511203107997,True,-0.014912077901682034,-0.02037746892278418,-0.05862393170014457,-0.02015724072460109,-0.005803448674014967,-0.038793276140957005,-0.3512033843130968,-0.00016775170970431441,-0.007479487565060358,360.4,1.62,0.25,5.841
97322-87-7,Troglitazone,1.3394713170292836,1.4360231722035597,1.2489695638417744,True,-0.13889940007317214,0.0938916952830399,0.047787833128492004,0.02373094489551242,-0.005508505619517334,0.0866983848225182,0.14469032266075546,-0.00925528307697285,-0.07620508369849043,441.5,4.36,0.000941,21.85
59865-13-3,Cyclosporin a,0.9340942683554804,1.0817131060384457,1.4048140357011174,True,-0.21962240475745196,0.0067124032117036525,0.07016848608276673,0.01824571037670626,-0.0010552110194401094,-0.13098281275765072,0.11959890281943332,0.062395070402589105,-0.11283930220160616,1203.0,2.92,1e-06,8.591
73590-58-6,Omeprazole,0.5148132949992854,0.8472078915000144,2.1497828625883146,True,-0.011349265148494162,-0.024124665319272567,0.01209940358512765,-0.00784052369844441,-0.009450075682882527,-0.04554839054028837,-0.3091735099745567,-0.020146015731395826,-0.0063513298711730245,345.4,2.231,0.16,3.271
2078-54-8,Propofol,2.0293878364931768,1.6945986111703735,2.161669153499179,True,0.09035156585987801,0.09072030634089617,0.05797707363253266,-0.002090596547235709,0.007191184367179611,-0.027882447727144898,0.1747047934678836,-0.020057558091216565,0.054592025986205994,178.3,3.791,0.016,107.0
111406-87-2,Zileuton,0.36153897126927903,0.8482773248957076,3.067173572932886,True,0.017064348349453588,-0.26139312735408005,-0.11961821148624387,0.008230666214316354,0.0012573784697843893,0.008685045307118328,-0.04264224157485898,-0.0381889539800168,0.0057901570688407185,236.3,0.1828,0.07,2.298
76-57-3,Codeine,1.3897152524717682,0.7583188191093285,4.279533529544965,True,0.0059131723943074204,-0.021272122711532414,-0.12502282789666078,-0.03323441495868816,-0.11890250774116387,-0.017713720483916773,-0.17444765024727513,-0.047547881873072004,0.021454508745935554,299.4,1.14,1.0,24.53
66357-35-5,Ranitidine,0.12221587827282664,0.4847349021660774,2.3041939070616175,True,0.025423654135905537,-0.2813865021827387,-0.20493158583114246,-0.05312056949168546,-0.00599188328372396,0.002907806625396688,-0.24364336447154367,-0.04039995142890364,0.01678503421311941,314.4,0.2691,0.95,1.324
58-15-1,Aminopyrine,0.6128897692874847,0.7797659683034118,1.4685076018171903,True,0.005043595567763005,-0.019385546375286493,-0.11499804333589785,-0.03673008888830521,-0.11890250774116387,-0.0027956819209792603,-0.17398606552187676,-0.04783683513356677,0.02026487777133048,231.3,0.9955,1.0,4.1
65277-42-1,Ketoconazole,1.7403705856857679,1.2524003678011888,3.0758858760042904,True,-0.10272336300215335,0.08729859334098945,0.0464569027758947,0.007044736997911784,0.0015067700298364455,0.09455058964647116,-0.09020116341633895,-0.006069449040196934,-0.054555513412621125,531.4,4.348,0.062,55.0
321-64-2,Tacrine,3.0000004342942646,2.1381308740418055,7.275612497011262,True,0.0639825689111384,0.08588553323426297,0.08227942845447238,-0.06877215808025418,-0.11387429575382779,-0.026160312495138643,0.0384106593182437,0.8094818560362901,-0.0021946694647777634,198.3,2.707,1.0,1000.0
54-11-5,Nicotine,0.647480773173676,1.1043332231495386,2.863205040789867,True,0.09542615651031057,-0.009044925233653944,-0.03670045869398466,-0.016557249665540848,-0.004206969944311922,0.011915232907811692,-0.3046054672111771,0.02628828768218252,0.07272635291650695,162.2,1.171,0.406,4.44
99-66-1,Valproic acid,-0.3589226866746256,1.4249411838486166,60.79444114143647,True,0.12507335973156014,0.04564096415427018,0.06327601219621312,-0.021622597868585156,-0.007853596953179484,-0.026283116940316483,-0.10606101447785447,0.0441733272326481,0.03950558289246542,144.2,2.748,0.214,0.4366
55-98-1,Busulphan,0.14332712999204633,0.5648902563518249,2.639751992503862,True,0.03125847650582725,-0.3747509914094589,-0.08882407102846962,-0.07130186197394364,-0.10176848043342944,0.092906032484482,-0.1862563239537229,-0.05636480285321299,0.050900015132358645,246.3,-0.5186,1.0,1.39
305-03-3,Chlorambucil,1.6434625467031605,1.3381605293503136,2.019770465503312,True,-0.0024788462058415676,-0.033276779982894286,-0.016750157392276428,0.001629237970491803,0.001413600662079109,-0.03821432817493705,0.18241890334785235,-0.028125823695943505,0.002452458940387897,304.2,1.707,0.01,44.0
56-75-7,Chloramphenicol,-0.1402614338028531,0.7890444789430523,8.497788400967064,True,-0.009949638841878296,-0.01663407216391522,-0.05408770351565276,-0.020629025757504905,-0.005803448674014967,-0.016271863309608454,-0.3512033843130968,0.00025766047997425034,-0.00572630884264482,323.1,1.139,0.34,0.723
85721-33-1,Ciprofloxacin,0.6202401898458314,0.5325553439859693,1.2237278553376194,True,0.025423654135905537,-0.26938281044352497,-0.1795675869991748,-0.01865412995099355,-0.024181121582716493,0.0032497842563128133,-0.24978215369491996,-0.04042758982943256,0.01678503421311941,331.3,0.2801,0.7,4.17
64-86-8,Colchicine,-0.15552282425431863,0.6626446505954482,6.579114956251536,True,-0.06367002071660756,-0.03691495802702401,-0.11148341512336338,-0.02696277349444293,-0.015142616410913011,-0.04373611136076509,-0.18625052750554583,-0.049095915029949755,-0.07319127561733466,399.4,1.3,0.61,0.698
89-25-8,Edaravone,0.30124708863621136,0.9895447279437577,4.878627273171594,True,0.08785576626437067,-0.0018375042709799223,-0.043845642750354956,-0.053782250729352325,-0.010295723051003226,-0.026643620513033275,-0.2987069604785586,-0.0015767763819975874,0.06928517597327273,174.2,1.783,0.89,2.0
50-28-2,Estradiol,1.7551198989199508,1.5746824150302356,1.515086693295969,True,-0.0008990632894421186,0.08474398964846208,0.049703040716669665,0.02033935116410973,0.007695636717836223,-0.038792046898938205,0.18636068340894377,-0.010149714483934905,0.006588274165134702,272.4,3.909,4.95e-06,56.9
98319-26-7,Finasteride,0.653309012938479,1.103491504591134,2.819567471840472,True,-0.021888203206537178,0.012294959651290663,0.04780170116184053,0.0007062042192195032,-0.0011767251345701627,-0.042953073930808675,-0.12472905258966627,-0.01553424502461878,-0.02012232443641139,372.6,3.03,0.095,4.5
29094-61-9,Glipizide,0.20357677497797255,0.9478023476349439,5.549138605103256,True,-0.13477578037090965,-0.046479356338277565,-0.027204767975036636,-0.005360939411194131,0.004784728964977889,-0.04614817850233047,0.0378048893722202,-0.02947167069353706,-0.07443884129236328,445.5,1.91,0.02,1.597
10238-21-8,Glyburide,0.8209235878813175,0.8609034306126536,1.0964273055756248,True,-0.12447925978027223,-0.04830129755211385,-0.029257225232244704,-0.005360939411194131,0.004784728964977889,-0.04614817850233047,-0.05254228134393285,-0.029840786465908896,-0.07704359394572056,494.0,1.786,0.021,6.62
53-86-1,Indomethacin,0.9708580569965023,1.5100578106565155,3.46098529171711,True,-0.008447260863155927,0.0693341907321699,0.044472816606988846,0.002629619127513294,-0.0018643582730623331,-0.028268955169025303,0.18262777880099945,-0.016280693728067612,-0.0032375904592397238,357.8,4.267,0.0103,9.35
54-85-3,Isoniazide,0.04571405894086761,0.15670841361131851,1.291202489354818,True,0.054912289940188,-0.41149241329803865,-0.02722322559115118,-0.11919450635459547,-0.16509749965890091,0.05115959860225963,-0.3896677841012585,-0.040559299405811364,-0.06522101040276736,137.1,-0.6985,1.0,1.11
797-63-7,Levonorgestrel,0.9952402018628155,1.249481638653523,1.7957316482522765,True,-0.0062659356800100355,0.05405732315957353,0.05417843817517488,-0.00844461365912147,-0.0011767251345701627,-0.04113831939035513,-0.05305952098559089,-0.014863933239711836,-0.002897338473261739,312.5,3.067,0.0369,9.89
443-48-1,Metronidazole,0.4772659954248526,0.44678837597929716,1.0726983669056374,True,0.04243798624509476,-0.3092305177419673,-0.24488505530874877,-0.04672368838811595,0.07945209610762571,-0.0018278078583571407,-0.3855097576088856,-0.004758118745949284,0.04874097539720688,171.2,-0.02363,0.96,3.0
84371-65-3,Mifepristone,1.5211511646661284,1.2972899319958766,1.674407777767042,True,-0.14027845639552203,-0.022029382924101525,-0.01865081400344115,0.004340653896087814,0.0014086238743245389,0.13901555140850552,0.13574763840704646,-0.006303855458607215,-0.0650522906898107,429.6,4.814,0.0167,33.2
57-47-6,Physostigmine,0.21510858105309316,0.7895056008350262,3.753159487338364,True,-0.008989341949078071,-0.00942665120124117,-0.0605169676049456,-0.026911332495063552,-0.029798363686375035,-0.03334025487953904,-0.25519390224882393,-0.049182780288021546,-0.006227068693280461,275.4,1.58,0.64,1.64
117-39-5,Quercetin,1.8762236157458223,1.331969501864979,3.5014998645244395,True,-0.0024680262221909765,-0.030589684436243617,-0.05260144654691573,-0.00109702443615546,0.002469901874297397,-0.014803823307447016,0.18051009177278377,-0.020724029142609752,0.002181278428065009,302.2,1.24,0.0176,75.2
50-35-1,Thalidomide,0.6021685513789972,0.6773868303720223,1.1890997258751566,True,0.018975200079401202,-0.18865105862114082,-0.06405809374643603,-0.004937177353619009,-0.006251010731719149,0.009426704475994651,-0.34636884350831726,-0.038722060892845966,0.028880906789310573,258.2,0.3288,0.4,4.0
134308-13-7,Tolcapone,1.3424424210318369,1.5030468634072558,1.4474529055100933,True,-0.002179072961696208,0.04415608994981745,0.06813866752104332,-0.002991877679779649,-0.00223302634678845,-0.036550206449673404,0.18051192694236368,-0.02160979045708691,0.0067118890076607466,273.2,2.798,0.0133,22.0
76-25-5,Triamcinolone acetonide,0.9542907617011269,0.7857309197382895,1.4742116603902433,True,-0.08522610954178345,-0.0324326818454309,0.006140736548493152,-0.019440204753201754,-0.007135248592202034,-0.05450674102181901,-0.2622083997495253,0.03991335918641266,-0.06846605437404846,434.5,2.531,0.2,9.0
125-84-8,Aminoglutethimide,-0.1402614338028531,0.53574443901827,4.742483983216486,True,0.011035154962576461,-0.3328390091651701,-0.0644399924631278,-0.0002540693132502852,-0.014889545814873542,0.22898391662185807,-0.424746385438921,-0.1610153915859792,0.0248174973337627,232.3,-1.471,0.563,0.723
66-81-9,Cycloheximide,0.24079877111733117,0.8824443052450865,4.3817292038152615,True,-0.007962743651986464,-0.013582040370890159,0.0261325256593015,-0.01856207443142774,-0.030245925744079215,0.0036507325198152935,-0.2689660655247096,-0.07607482252988558,-0.001037544562445863,281.4,0.5478,0.629,1.74
84-66-2,Diethylphthalate,1.6283991486237852,1.0738125571329227,3.5858043645023305,True,0.002214862009304911,-0.019216340361637937,0.01209940358512765,-0.02015724072460109,-0.009450075682882527,-0.040569889087672444,-0.14870199535765954,0.030080506840657596,-0.0015789379691097292,222.2,2.444,0.19,42.5
39515-41-8,Fenpropathrin,1.2944882710072565,1.4645733573714432,1.479398201392658,True,-0.017773875904486855,-0.062265398478372515,-0.05311575445328548,0.03407902804913456,-0.00386187084684703,0.14270433545951772,0.15990237786736608,-0.004696481559642317,0.0005087333566639928,349.4,5.698,0.00458,19.7
67614-33-9,Fenvalerate,-0.11520463605101904,0.9137978995697004,10.690611208990504,True,-0.15032251457132423,-0.08830635115986765,-0.08602701301377584,0.03184912497324431,-0.007283789154809499,-0.09596569779213128,0.1259457054813357,-0.009545220179244154,-0.07563860889512189,419.9,6.2,0.005,0.766
389-08-2,Nalidixic_acid,0.041787318971751766,0.7332284109162648,4.914067208726416,True,-0.010147872036117257,-0.007540074864995246,-0.08181652328532528,-0.051187857932279215,-0.011892201780706274,-0.03466707808378603,-0.25473231752342557,-0.07619204727828621,-0.007687880180208433,232.2,1.59,0.749,1.1
57-24-9,Strychnine,0.30124708863621136,0.782159482628701,3.026302899836055,True,-0.009278295209572837,-0.016917244356598526,-0.008975827706627387,-0.02015724072460109,-0.005803448674014967,-0.04727515193061216,-0.32261777134404057,-0.04799779887397072,-0.007910002432655031,334.4,1.929,0.457,2.0
84-74-2,Dibutylphthalate,1.6283991486237852,1.468077133479234,1.446511914459567,True,-0.0031958685428574263,0.017789092727560456,0.05952520611065742,0.002629619127513294,-0.0011767251345701627,-0.04240675901232692,0.17226590091999483,-0.011017461234999292,0.004571864636867166,278.3,4.609,0.028,42.5
25812-30-0,Gemfibrozil,1.7175123976910025,1.5375475230705724,1.5134388378008448,True,-0.0038928139044982647,0.08368969772833802,0.0551774002221734,0.002629619127513294,-0.0011767251345701627,-0.041749144458351595,0.18056100404294456,-0.011017461234999292,0.004233682800627748,250.3,4.431,0.03,52.18
486-66-8,Daidzein,1.187548920861271,1.2921674845504472,1.2723850675934933,True,-0.006127027673017715,0.0652826511228163,0.053636415417952804,0.0007062042192195032,-0.0011767251345701627,-0.03014718042484412,-0.04671085799165296,-0.015152886500206603,0.0027646276333545793,254.2,3.243,0.0553,15.4
520-18-3,Kaempferol,1.9809164758354945,1.351280724387259,4.26221890886484,True,-0.0024680262221909765,-0.029171109668200586,0.006354247679681231,-0.0006252394032516457,-0.0011767251345701627,-0.03490871368887373,0.16206672438417732,-0.02033515638129529,0.002452458940387897,286.2,2.158,0.02973,95.7
17924-92-4,Zearalenone,2.320148364070111,1.5258767857999163,6.226895511962922,True,-0.0034956417870027844,0.08496961186028608,0.04995815541283886,0.02033935116410973,-0.0024552553852809833,-0.04052791476607127,0.17819141855689685,-0.031121511195773374,0.0009263080585183833,318.4,3.745,0.004899,209.0
521-18-6,5alpha-dihydrotestosterone,1.8494255565325506,1.3913009250056847,2.8716045416312754,True,-0.004123208286964388,0.07895505954585079,0.050424567621280426,-0.00844461365912147,-0.0011767251345701627,-0.041033450009742595,0.0575109302319766,-0.014484804661180071,0.004580905476760268,290.4,3.551,0.0313,70.7
520-36-5,Apigenin,2.1398822334512975,1.5308982106906854,4.06428376815623,True,-1.8698650963921428e-05,0.02200875497917829,0.05813557217412484,0.02033935116410973,0.007695636717836223,-0.02790577731403972,0.1827796721094169,-0.01015972729009484,0.008931162919723264,270.2,3.02,9.57e-05,138.0
512-56-1,Trimethyl phosphate,0.5354207180561734,0.22159144819117202,2.059819996278689,True,0.0765945587443714,-0.39312463144481324,-0.0155904665102251,-0.11919450635459547,-0.16509749965890091,0.05115959860225963,-0.3896677841012585,-0.05652823166758286,-0.036051853299477216,140.1,-0.6486,1.084,3.43
500-38-9,Nordihydroguaiaretic acid,2.43136537265409,2.0005170749492898,2.69679725654465,True,0.002224442122957366,0.087749822912183,0.07070793135667157,0.02033935116410973,0.009743898289680114,-0.028104344800483693,0.47668132844456773,0.08639360478865374,0.00568877678955513,302.4,3.091,1e-06,270.0
2467-02-9,"2,2'-bisphenol f",1.9216916765839775,1.6131540952064396,2.0348742746929864,True,0.058549389297792145,0.07971311934258997,0.05606524514916539,0.0006054541163041242,-0.00029144134704063725,-0.02987793774371984,0.16472755015677865,-0.015491725893711492,0.030062178246886714,200.2,3.4,0.041,83.5
5153-25-3,2-ethylhexylparaben,2.1072133625602545,1.5304320268232994,3.773821337931722,True,-0.0038928139044982647,0.0818260575341674,0.046098401715420824,0.002629619127513294,-0.00223302634678845,-0.03484544923786615,0.18409293824189052,-0.01656964698856238,0.004233682800627748,250.3,4.101,0.01318,128.0
105512-06-9,Clodinafop-propargyl,3.0043218037769663,1.528357135675043,29.920212117129303,True,-0.008447260863155927,0.08496961186028608,0.05009431341428179,-0.002991877679779649,-0.0018643582730623331,-0.020556798291709963,0.18260965647645988,-0.02131082439043221,-0.0032375904592397238,349.7,3.899,0.0148,1010.0
131-56-6,"2,4-dihydroxybenzophenone",1.59440360098501,1.526914994786016,1.1681230835208638,True,0.09431103523052242,-0.0016127447684629822,0.021824483721908094,-0.0006252394032516457,0.006087934797172157,-0.032749726424251925,0.17503050510126122,-0.020058230831977723,0.015614713481702003,214.2,2.595,0.0113,39.3
58-18-4,17-methyltestosterone,1.1038379160256098,1.269957351966245,1.4659509387692737,True,-0.0062659356800100355,0.06276463525658588,0.050591627964906134,-0.00844461365912147,-0.0011767251345701627,-0.03484544923786615,-0.049659145818717235,-0.014863933239711836,0.0027646276333545793,302.5,3.361,0.0329,12.7
94-18-8,Benzylparaben,2.801404396106042,1.6065657783813954,15.661689791752641,True,-0.004504443883399061,0.08937420406276242,0.05476468597576044,0.05526490942648391,0.0026215041298528006,-0.029150080217002477,0.18026185860463725,-0.016557766789624152,0.005398643190529619,228.2,3.556,0.00674,633.0
23513-14-6,(6)-gingerol,2.164355830393989,1.20846207919284,9.034284257199799,True,-0.00794251140121845,0.07882050148934784,0.0572882460958604,-0.022523879001129097,-0.009450075682882527,-0.03484544923786615,-0.15602013137359122,0.032281349239756695,0.0017617651831669339,294.4,3.431,0.141,146.0
15619-48-4,1-benzylquinolinium chloride,0.8639767839043867,0.6793948953714573,1.529614136104804,True,0.009824253107514471,-0.1280895460344886,-0.09914453331080417,-0.010639294395491597,-0.006251010731719149,0.009336087775326822,-0.33086949614017125,-0.039404155708571816,0.005540326928468788,255.8,0.4384,0.599,7.31
2687-96-9,1-dodecyl-2-pyrrolidinone,1.2810561045835043,1.522618440942991,1.7440636732827792,True,-0.0031958685428574263,0.0799394811979215,0.044472816606988846,0.002629619127513294,-0.00223302634678845,-0.041033450009742595,0.18409293824189052,-0.01656964698856238,0.005423313775232833,253.4,4.203,0.0125,19.1
83-41-0,"1,2-dimethyl-3-nitrobenzene",2.7185025192574592,1.4421550998810726,18.895022759722092,True,0.12965731109141043,0.09806180933036004,0.10860383480866422,0.02103330570292468,0.01134037701938316,-0.017996152581630245,-0.3608501016810795,0.09746052493934787,0.08575192737029613,151.2,2.83,1e-06,523.0
57-91-0,17alpha-estradiol,1.7450826025636479,1.5746824150302356,1.4804719641825133,True,-0.0008990632894421186,0.08474398964846208,0.049703040716669665,0.02033935116410973,0.007695636717836223,-0.038792046898938205,0.18636068340894377,-0.010149714483934905,0.006588274165134702,272.4,3.909,3.98e-05,55.6
10161-33-8,17beta-trenbolone,1.5728832141971627,1.2171481404000766,2.268480622234603,True,-0.007303327226199526,0.015415653037127889,0.05680464182152753,0.0007062042192195032,-0.0011767251345701627,-0.03014718042484412,-0.08077676246965483,-0.010124062714789613,0.004657435410864291,270.4,2.948,0.0999,37.4
2467-03-0,2-(4-hydroxybenzyl)phenol,1.754355981673324,1.5971333983779055,1.4362253346248004,True,0.058549389297792145,0.0776459274732617,0.05606524514916539,0.0006054541163041242,-0.00029144134704063725,-0.02987793774371984,0.15077404519757268,-0.015491725893711492,0.030062178246886714,200.2,3.15,0.0426,56.8
5809-23-4,2-[4-(diethylamino)-2-hydroxybenzoyl]benzoic acid,0.30124708863621136,1.5083223040460947,16.109246068619026,True,-0.002465231895022138,0.07060112878485743,0.050552087905240656,0.02033935116410973,-0.0024552553852809833,-0.04054853993592177,0.17262324066018012,-0.031131524001933305,0.0017147828684699548,313.4,3.279,0.00517,2.0
97-56-3,2-amino-5-azotoluene,0.8382822499146885,1.6065657783813954,5.865209488256196,True,-0.004504443883399061,0.08937420406276242,0.05476468597576044,0.05526490942648391,0.0026215041298528006,-0.030126555254993605,0.18026185860463725,-0.015581291751633022,0.005398643190529619,225.3,3.783,0.00696,6.89
117-79-3,2-aminoanthraquinone,1.4885648167417371,1.5361731720769796,1.1158565199011057,True,0.008918537964845843,0.07593887363936806,0.055358618468162236,-0.002991877679779649,-0.0011767251345701627,-0.03349677042089898,0.177899508589645,-0.01589192275795676,0.0025226655267691703,223.2,3.307,0.0305,30.8
587-65-5,2-chloro-n-phenylacetamide,1.5899607655647774,1.1291586251231671,2.8893632218920464,True,0.09542615651031057,-0.007171588395173387,-0.03717224372688847,-0.016085464632637034,-0.004206969944311922,0.011915232907811692,-0.29816493793616355,0.03988089092382441,0.07564528553499936,169.6,1.63,0.401,38.9
4940-11-8,2-ethyl-3-hydroxy-4h-pyran-4-one,1.9084903805058238,1.225691735635444,4.817244004315631,True,0.1207837549995579,0.016242334922632634,0.06687527766368492,-0.022054730289104346,-0.004206969944311922,0.03371663439363946,-0.318366433567536,0.00018477141527168805,0.06342483216021438,140.1,0.6281,0.606,81.0
131-57-7,2-hydroxy-4-methoxybenzophenone,1.1959273135972246,1.5121491607424198,2.0711990925254122,True,-0.004504443883399061,0.08937420406276242,0.05476468597576044,-0.006940913367274856,-0.018850151634704503,-0.03014718042484412,0.17672679098302385,-0.021599777650926973,0.004233682800627748,228.2,3.785,0.00952,15.7
149-30-4,2-mercaptobenzothiazole,1.5717204749363112,1.5722259618095151,1.001164604164314,True,0.09869860891460631,-0.017339362107183634,0.018184523580080873,0.000276041729292295,0.00041975359513288213,-0.016828626478465353,0.1705534472840473,-0.01908189008207965,0.06825120149268905,167.2,2.418,0.0215,37.3
2785-87-7,2-methoxy-4-propylphenol,1.3909527609917947,1.4096103109077647,1.0438967606540799,True,0.10049587166797526,0.006043543274168067,0.026371178749203028,0.003974123628291443,0.00041975359513288213,-0.02132843291421558,-0.039302188033059696,-0.012624986125199343,0.0764691831840731,166.2,2.648,0.0707,24.6
90-05-1,2-methoxyphenol,1.6522560133785065,1.1550587920524986,3.1419351820566086,True,0.11755514253943691,-0.003269519962324645,-0.033858357247387755,-0.022054730289104346,-0.004206969944311922,0.033161978027067905,-0.29499225664965095,0.032118120071744624,0.061513121625633035,124.1,1.32,0.569,44.9
96-70-8,2-tert-butyl-4-ethylphenol,2.0086044295300844,1.6894265853429187,2.0853446597779466,True,0.09035156585987801,0.08942026598048747,0.05797707363253266,0.0010106684784026464,0.00041975359513288213,-0.027882447727144898,0.1689507879936828,-0.014505372337653484,0.054592025986205994,178.3,3.812,0.0454,102.0
2409-55-4,2-tert-butyl-4-methylphenol,1.3201670652542317,1.6945986111703735,2.3682718121559265,True,0.09555771706441875,0.08445565175320602,0.0558754570210441,-0.002090596547235709,0.00041975359513288213,-0.024839089222782315,0.16920829774752627,-0.014505372337653484,0.061424528215322294,164.2,3.433,0.0272,20.9
88-60-8,2-tert-butyl-5-methylphenol,1.5563145643353469,1.6902430404908015,1.3612204849595824,True,0.0985621779719233,0.07710563297228924,0.0558754570210441,-0.002090596547235709,0.00041975359513288213,-0.024839089222782315,0.16920829774752627,-0.01451538514381342,0.061424528215322294,164.2,3.343,0.0264,36.0
88-18-6,2-tert-butylphenol,1.7759816056828805,1.7866383803312287,1.0248416680307155,True,0.1299385855944665,0.07858487701107963,0.05576775590290918,0.02124063229665367,0.00929211544753927,-0.021403640370002478,0.18022840787196345,-0.017207324230053358,0.08110470692527834,150.2,3.31,0.000115,59.7
119-47-1,"2,2'-methylenebis(4-methyl-6-tert-butylphenol)",1.350267406047918,1.5866333886920438,1.7233202158438836,True,0.003342258416142562,-0.0897307418869927,-0.0650194387896254,0.028295000032891128,0.0005914237532301944,0.14411716017044182,0.28952162645697876,0.007284137426601573,-0.0008603007690196577,340.5,6.251,1e-06,22.4
131-55-5,"2,2',4,4'-tetrahydroxybenzophenone",1.2833238476187863,1.2624769676853256,1.0491724546224463,True,-0.0035144048069492427,-0.013363947343639281,0.02142854408230102,-0.00607797538259347,-0.0011767251345701627,-0.04520847029160254,0.054675352926211306,-0.01379808991253792,0.0004204196673102487,246.2,2.598,0.0354,19.2
79-95-8,"2,2',6,6'-tetrachlorobisphenol a",1.2718648302193956,1.2303113879334633,1.1004072480306342,True,0.0074706130595068145,-0.09880796332325842,-0.06727572560404851,0.03407902804913456,-0.00386187084684703,-0.06113394801548836,0.15948080440513657,-0.01665266785456537,0.007920854182497647,366.1,7.151,0.00598,18.7
6846-50-0,"2,2,4-trimethyl-1,3-pentanediol diisobutyrate",0.9978667262391447,1.5655941496894878,3.6959613708710943,True,-0.000519855342022351,-0.07362188388346512,-0.04992243291707434,0.02695484676857785,0.005373123917072632,-0.031559349841474564,0.4270197144313632,-0.010296551273005597,0.003074273948120082,286.4,4.777,1e-06,9.95
1143-72-2,"2,3,4-trihydroxbenzophenone",1.9735942386469625,1.5030468634072558,2.954931211108526,True,-0.0033376030487353983,0.04498636507384506,0.06813866752104332,-0.002991877679779649,-0.0011767251345701627,-0.03349677042089898,0.180973511667762,-0.02160979045708691,0.002468822004281236,230.2,2.833,0.0185,94.1
2416-94-6,"2,3,6-trimethylphenol",2.025309962363198,1.454430975201723,3.722879566066146,True,0.12566618439736327,0.009367121162440315,0.025449866779310142,0.003974123628291443,0.00041975359513288213,0.00606380819626202,-0.04007827003074389,-0.007589715170112333,0.06206583876238389,136.2,2.671,0.0908,106.0
96-76-4,"2,4-di-tert-butylphenol",0.4015728456764459,0.8272618661333039,2.664949725615357,True,0.04833638187843027,-0.13476343923662165,-0.11736998844195133,-0.08854125104182371,-0.023086853621110626,-0.05786818128142605,-0.08706820970396012,0.020917683159570443,-0.002386539459198099,206.3,5.186,0.144,2.52
1470-79-7,"2,4,4'-trihydroxybenzophenone",1.3243030374868345,1.484259640070651,1.4452953405956188,True,-0.0033376030487353983,0.042440007677003545,0.053693545748130386,-0.002991877679779649,-0.0011767251345701627,-0.0331345256126476,0.180973511667762,-0.02160979045708691,0.0003108330291796196,230.2,2.707,0.0196,21.1
527-60-6,"2,4,6-trimethylphenol",2.2121902687791093,1.512403731871099,5.00940952145798,True,0.12566618439736327,0.04542487079126859,0.06079844178060475,-0.001724124409803032,-0.0023335655333337284,0.002961742112640845,-0.04047067430284551,-0.00857539598540919,0.061563989139217484,136.2,2.729,0.109,163.0
79-74-3,"2,5-bis(2-methylbutan-2-yl)benzene-1,4-diol",1.0569429456728774,1.1998659534323888,1.3897062406043397,True,-0.0038928139044982647,-0.1110955129569623,-0.06918677816955925,0.004963771189001749,-0.004008309882080612,-0.04695960701017627,0.16744709410477193,-0.009876387481765246,0.003382233662262083,250.4,4.911,0.0166,11.4
88-58-4,"2,5-di-tert-butylbenzene-1,4-diol",2.0681895736489477,2.024211653258328,1.1065675244560744,True,0.003082363385160012,0.04653081543707482,0.06029444473190241,0.025960847971402672,0.009743898289680114,-0.033518308062114754,0.6458719847621609,-0.011288568292957659,0.008441911154624377,222.3,4.59,1e-06,117.0
95-74-9,3-chloro-4-methylaniline,1.8149198319819124,1.3948822850762879,2.630495401400624,True,0.12614712831966043,-0.01677243723340887,0.0012274541816449662,-0.003768747606480345,-0.003442008597503096,0.02339686738898286,-0.06451811341113581,-0.00044796284139277586,0.06396784099452511,141.6,1.926,0.145,65.3
55406-53-6,3-iodo-2-propynyl-n-butylcarbamate,2.686637162871419,1.1725021508551825,32.668937648854026,True,-0.0009972517719994524,-0.02605196764699586,-0.009656960006628395,-0.026911332495063552,0.023971877388741472,-0.0316740595639363,-0.03870635476982414,0.01966300453277274,-0.006227068693280461,281.1,2.091,0.719,486.0
618-45-1,3-isopropylphenol,1.298874899704699,1.4303138137189866,1.353439708299953,True,0.12435345390149846,0.02350315803245345,0.06274452103442321,-0.021622597868585156,-0.007853596953179484,-0.02409900435172633,-0.06485050413080957,0.03363300847994956,0.035413111693567485,136.2,3.015,0.14,19.9
108-44-1,3-methylaniline,1.5172090981895432,1.123946197050891,2.4732208617455864,True,0.0703729752528145,0.001973509534754773,-0.0328487450493022,-0.016557249665540848,-0.004206969944311922,0.06889046894543771,-0.2939151567311713,0.0006415913992671106,0.06050350942754748,107.2,1.4,0.549,32.9
585-34-2,3-tert-butylphenol,1.6042368562954232,1.6574410416117058,1.1303272177025974,True,0.13968022653238954,0.07532338483059574,0.05719014467877849,0.004370745871181717,0.0167904681368869,-0.023645043480806878,-0.034760860854312924,0.0647918384754009,0.08860787354019731,150.2,3.301,0.116,40.2
612-82-8,"3,3'-dimethylbenzidine dihydrochloride",1.404850814491317,1.205704011915403,1.5817826316554058,True,0.024553316658656635,-0.24457483108641365,-0.0680159231288204,0.012825167742938655,-0.010134475741836617,0.2753342523263188,-0.14017271600659478,0.04598474410490629,0.04081221316485258,285.2,-0.9007,0.115,25.4
79-94-7,"3,3',5,5'-tetrabromobisphenol a",1.7032999779242457,1.1261846346778626,3.77672482749965,True,-0.14002460949057036,-0.05403238777991672,-0.038784180640268937,0.026065096957000877,-0.007283789154809499,-0.051539393563298945,0.12929327695012663,0.048767183024332784,-0.05536882550612807,543.9,6.663,0.00107,50.5
99-54-7,"3,4-dichloronitrobenzene",2.587712087225425,2.380070360699599,1.6130273325792261,True,0.05203740527187832,0.07890574240442927,0.07781039201685479,0.02124063229665367,0.011592221341877429,-0.025288744722517874,0.7884192029555022,0.09240082594447688,0.013860419309048045,192.0,3.119,1e-06,387.0
626-43-7,"3,5-dichloroaniline",1.9350081954950007,1.6380095419450416,1.9815208824550898,True,0.1050150889805073,0.020779785811312967,0.058272942599917235,0.0010106684784026464,0.00041975359513288213,-0.02213710837285784,0.14183595369262184,-0.014464938834896633,0.07818513211350624,162.0,2.899,0.0522,86.1
18979-55-0,4-(hexyloxy)phenol,1.9222114723180173,1.6699394555903824,1.7876068769451738,True,0.05896540635547426,0.08048266936952508,0.05644471327625485,0.02124063229665367,0.009543959770033538,-0.02763653463291544,0.1805782694795546,-0.009593848480282509,0.030821924274690066,194.3,3.355,0.00077,83.6
122-37-2,4-anilinophenol,1.8756457198482495,1.2457615169042076,4.264657939681577,True,0.03381170448069893,0.04136238595496559,0.06789383197653864,0.0016074853517634425,0.0006715979176271532,-0.027331580346878305,-0.04718264288579118,-0.014587007690394267,-0.0795765217357174,185.2,2.822,0.0582,75.1
104-13-2,4-butylaniline,1.4216203771068325,1.622999462411517,1.5899339585451824,True,0.13724457729540845,0.05873941426264836,0.057031305564742014,0.0016074853517634425,0.00041975359513288213,-0.021052340667271175,0.052409849120617635,-0.011590184229823849,0.0790973382369039,149.2,3.048,0.0599,26.4
4344-55-2,4-butyloxyaniline,1.4533336318370396,1.3238530987499242,1.3473503300586167,True,0.09931957211479343,-0.017421002271804948,-0.0370527241950322,-0.004240532639384163,-0.003442008597503096,0.011915232907811692,-0.06936710457571661,-0.0019371396926952,0.07698654181805972,165.2,1.459,0.165,28.4
1638-22-8,4-butylphenol,2.1038071405840837,1.759412343799495,2.21001283936655,True,0.13249608557115838,0.08776621277023242,0.05556509610811951,-0.002090596547235709,0.00041975359513288213,-0.023645043480806878,0.17351130557542788,-0.012854005399352962,0.07915127172542488,150.2,3.647,0.0358,127.0
95-83-0,"4-chloro-1,2-diaminobenzene",1.4997008258972109,1.1785129097504474,2.0950187595420555,True,0.1222537127151776,-0.008396360195257862,-0.03641688711450746,-0.016557249665540848,-0.004206969944311922,0.03018445572484918,-0.28347223506342684,0.04340559470060549,0.06262658471146475,142.6,1.277,0.373,31.6
599-64-4,4-cumylphenol,1.4345848704495938,1.6233087067501997,1.5442721393985106,True,0.08878772607997718,0.08595088839891513,0.05549087982236614,-0.002991877679779649,-0.00029144134704063725,-0.041055754696093884,0.18014162863772848,-0.015481713087551557,0.0036661067402840777,212.3,3.691,0.0231,27.2
156-43-4,4-ethoxyaniline,1.1399105558756826,1.1670203860815316,1.0644121669962314,True,0.1205964692396986,-0.004865779881298311,-0.03530342402867575,-0.016557249665540848,-0.004206969944311922,0.03018445572484918,-0.2949647587323428,0.04153225786212493,0.061513121625633035,137.2,1.238,0.485,13.8
1987-50-4,4-heptylphenol,1.6283991486237852,1.619132467543666,1.0215665901199187,True,0.052188651841611526,0.08569017567853157,0.0504843986727293,0.026862129103946614,-0.0006069323330836656,-0.04005865448825224,0.18168109810363536,-0.025814454984091212,0.01961379206724464,192.3,4.028,0.00365,42.5
33228-45-4,4-hexylanilline,2.6434536635179793,1.7606213358496727,7.635409389228236,True,0.09035156585987801,0.08569017567853157,0.05235557682523972,0.06178768736632079,0.004217982859555849,-0.027861822557294382,0.178239861089497,-0.009008941529558032,0.05575698637610786,177.3,4.207,0.00695,440.0
39905-57-2,4-hexyloxyanilline,1.8992786638843582,1.6298347842003915,1.8597042333606908,True,0.05219947182526212,0.08966400512867786,0.05624205348146518,-0.002090596547235709,0.0006715979176271532,-0.02987793774371984,0.1805471502696353,-0.015481713087551557,0.028868489074836624,193.3,3.635,0.0252,79.3
121-33-5,4-hydroxy-3-methoxybenzaldehyde,2.3692177133655017,1.4441439372501967,8.4153808644505,True,0.24752367808060696,-0.01677243723340887,-0.03641688711450746,-0.016557249665540848,-0.004206969944311922,0.013109278649787129,-0.14514697495881432,0.018636461601583422,0.11488277395340715,152.1,1.193,0.322,234.0
68392-35-8,4-hydroxytamoxifen,1.2041471252128477,1.4177159659411425,1.6351923275970415,True,-0.03927949422073487,-0.04711964931196216,-0.04945398198801382,0.004963771189001749,-0.0036396418083544965,0.13901555140850552,0.16356814356652832,-0.00516278170537317,-0.0142682150698498,387.5,5.454,0.0153,16.0
134-84-9,4-methylbenzophenone,2.0718856877522414,1.6254792135208194,2.7951587224225944,True,0.05758635003312436,0.07965199036913077,0.05683598597386698,-0.002090596547235709,0.0006715979176271532,-0.02987793774371984,0.18499650739911763,-0.021043911647274583,0.029656963884788196,196.2,3.306,0.0188,118.0
100-02-7,4-nitrophenol,1.1461590556048182,1.39414375151547,1.7700465826035254,True,0.12614712831966043,-0.01677243723340887,-0.0021500176179566266,-0.003768747606480345,-0.003442008597503096,0.025775806013457546,-0.06425811379682705,-0.00044796284139277586,0.06396784099452511,139.1,1.912,0.141,14.0
156-10-5,4-nitrosodiphenylamine,2.9237624784618625,1.5138930694229173,25.696229891758293,True,0.053561565975971843,0.07862414530303548,0.10681096292655544,0.000846209255940232,0.01607927319471338,-0.027331580346878305,-0.07497764464125731,0.06423446274551137,0.026953411127929608,198.2,3.043,0.123,839.0
84852-15-3,"4-nonylphenol, branched",2.0170375151871838,1.6548304240519303,2.3025395100358033,True,0.003082363385160012,-0.14955443560863418,-0.08830986662647192,0.028295000032891128,0.007968614754387947,-0.04491677138581584,0.6317302881424818,-0.010147494539723613,0.00759046201625871,220.2,5.034,1e-06,104.0
33228-44-3,4-pentylaniline,1.2600952496637108,1.6902430404908015,2.692450891655948,True,0.0985621779719233,0.07710563297228924,0.0558754570210441,-0.002090596547235709,0.00041975359513288213,-0.024839089222782315,0.16920829774752627,-0.01451538514381342,0.061424528215322294,163.3,3.39,0.0234,18.2
2696-84-6,4-propylanilline,1.2380712061305599,1.4295340374151986,1.5540422837233137,True,0.12566618439736327,-0.009454018359131162,0.024203707825087087,-0.006939242565900467,-0.007088635606370658,0.00824526799681043,-0.03418917943017438,-0.0025182947997018403,0.06251598407582068,135.2,2.4,0.136,17.3
769-92-6,4-tert-butylaniline,1.0294243640580163,1.4700126532664626,2.7579620708878956,True,0.13864035792189078,0.0110414874485278,0.030680756323385145,-0.019255959592057153,-0.007853596953179484,-0.017816040537038325,-0.06445809985870792,0.034618689295246426,0.09532279533700003,149.2,2.7,0.155,10.7
3236-71-3,"4,4'-(9h-fluorene-9,9-diyl)diphenol",1.350267406047918,1.6478152386118095,1.9840281627855039,True,-0.006150455609740624,0.08611722380521816,0.049703040716669665,0.02033935116410973,0.007695636717836223,-0.03756898171473079,0.30325365303904955,-0.044948222292332765,0.0002817289043356363,350.4,3.674,1e-06,22.4
13680-35-8,"4,4'-methylenebis(2,6-diethylaniline)",0.9138668118962392,1.2743512360377325,2.293424375904528,True,-0.002694509049116763,-0.09550132507563977,-0.06100869912695364,-0.03997611112322246,-0.021008478562299628,0.06593584186684016,0.16242563413761077,-0.015139619974833565,0.012226239063952394,310.5,5.139,0.00874,8.2
101-77-9,"4,4'-methylenedianiline",0.5277587525209719,0.9290708703379067,2.5194869766994303,True,0.04980458131417199,-0.009044925233653944,-0.05271475270605676,-0.019661173954155675,-0.004918164886485441,-0.012161465668258991,-0.31754947267702555,0.000534586029291821,0.025689394238684923,198.3,1.589,0.261,3.37
27955-94-8,"4,4',4''-ethane-1,1,1-triyltriphenol",1.4885648167417371,1.5097267066757472,1.0499337346298978,True,-0.002454411911371546,0.07060112878485743,0.05231383101511557,-0.002991877679779649,-0.00223302634678845,-0.03533701420203646,0.18299010961780976,-0.021320837196592148,-0.0009334592868625844,306.4,3.301,0.0141,30.8
2835-95-2,5-amino-2-methylphenol,1.2041471252128477,1.1627446665542296,1.100024755026489,True,0.09909588617894483,0.0008442964460374084,0.016066894293633484,-0.022054730289104346,-0.004206969944311922,0.03371663439363946,-0.3043368876318938,0.02496213231826431,0.04956514690762488,123.2,0.7676,0.604,16.0
105624-86-0,5hpp-33,1.6721070981455433,1.286802689580089,2.428311566940342,True,-0.007296345571990674,0.06149769720389833,0.042750613556779414,0.006327701026512445,-0.0008080570608440459,-0.023185690375140657,-0.047091311133002876,-0.0098237897711873,-0.00466039217633112,323.4,4.28,0.0415,47.0
77-90-7,Acetyl tributyl citrate,2.4166421712986255,1.601845866612127,6.528242894007839,True,-0.05137435175637772,0.09600171659764188,0.06507169367539876,-0.0006023805885825746,-0.02399438845456291,0.13730879616636038,0.17827241779618838,-0.011856041212170305,-0.05607385949316356,402.5,4.366,0.00942,261.0
135158-54-2,Acibenzolar-s-methyl,2.93601129895302,1.6405506104204954,19.745161420698206,True,0.09417460428783941,0.07716620031375009,0.05662683507199001,-0.002991877679779649,-0.00029144134704063725,-0.02987793774371984,0.1828216363356066,-0.021043911647274583,0.0148742389477295,210.3,3.098,0.0232,863.0
19774-82-4,Amiodarone hydrochloride,0.6568644915489172,1.0052484561573338,2.230406204895421,True,-0.21398429798223065,-0.06460993196898235,-0.012895146730024721,0.020612348653234264,-0.0010552110194401094,-0.06391214372602191,0.12061039409301441,0.07896511068225594,-0.1275749297258667,681.8,2.244,1e-06,4.537
41372-20-7,Apomorphine hydrochloride hydrate,1.2405742070183845,0.8332733220979558,2.5544704604241453,True,-0.003497285432746449,-0.21230129965711325,-0.11414316788800516,0.008947702185715693,0.00357220556046488,0.01895959746517545,-0.10377242951430948,0.0014258304186412249,-0.03501009492126099,625.6,0.1058,0.0723,17.4
2465-27-2,Auramine hydrochloride,0.937568038600383,1.0964057612717526,1.44157659517433,True,-0.003959348918139448,-0.009954425669827328,0.0009987991858385152,0.0024399426606973376,-0.0014959406586822206,0.009336087775326822,-0.13117126493462936,-0.04375285243180661,0.004872500381579568,303.8,0.5336,0.107,8.66
35575-96-3,Azamethiphos,2.632458304524994,1.00259540834111,42.644487180158016,True,-0.009501848025302864,-0.01317878384713939,-0.0492672872860722,-0.020629025757504905,-0.005803448674014967,-0.01654766082298177,-0.1762438162450007,0.03683523042995036,-0.012160215312219667,324.7,1.05,0.553,429.0
2390-60-5,Basic blue 7,0.5066403055665025,1.3076409490488627,6.324127884044093,True,-0.15411549733178623,0.008640531251842672,0.05835168484666944,0.01824571037670626,-0.0010552110194401094,-0.03595580855744256,0.13299489895393912,0.095519163990198,-0.08407678734321872,514.2,2.876,1e-06,3.21
94-09-7,Benzocaine,2.120577221303099,1.1730800405992639,8.861294711813247,True,0.09542615651031057,-0.007171588395173387,-0.002081323696386291,-0.016085464632637034,-0.004206969944311922,0.00750658319642006,-0.2847636026921791,0.03971870083682631,0.07564528553499936,165.2,1.86,0.338,132.0
118-58-1,Benzyl salicylate,2.9247965122000807,2.290192530087544,4.31125769083743,True,-0.0022094427902429356,0.09649159125383891,0.07633302451115007,0.02033935116410973,0.009743898289680114,-0.03145393479653856,0.7493576797084066,0.09898371991922708,0.003514378946515945,228.2,3.106,1e-06,841.0
253450-09-8,Besonprodil,0.7251763014191371,1.3823472108975574,4.541202930919165,True,-0.04467375207111868,0.07934105005761065,0.045696368776123264,-0.002106080880429193,0.0015067700298364455,0.15278758644476176,-0.05437683764033864,-0.005399137255289992,-0.059521020444993404,402.5,4.239,0.0385,5.31
491-80-5,Biochanin a,2.361729724250366,1.527474546390761,6.827397328327899,True,-0.002315503904379226,0.07290515743035553,0.05590064122538431,-0.002991877679779649,-0.0011767251345701627,-0.03014718042484412,0.18160577286910168,-0.02160979045708691,0.006211788585184405,284.3,3.138,0.0203,230.0
33171-05-0,Bisdemethoxycurcumin,2.0492219002821734,1.9356201737008076,1.2989777931043722,True,0.0023744873764598154,0.07283941799386794,0.05471165275737124,0.02033935116410973,0.009743898289680114,-0.03329417857767604,0.4548761471094376,0.08639360478865374,-0.001456471082491859,308.3,3.242,1e-06,112.0
1478-61-1,Bisphenol af,2.0969134873500144,1.5949674865715764,3.1764790896647255,True,-0.0034848218033521933,0.0799394811979215,0.044472816606988846,0.06088640623377685,0.0029901722035789186,-0.022469995926531657,0.1738516428411723,-0.010262207828773672,-4.827083459942451e-05,336.2,4.017,0.00685,125.0
22260-51-1,Bromocriptine mesylate,2.2504224421586803,1.1914137570154555,11.45535849964659,True,-0.17243373901052406,-0.005520055759797637,0.037156750440189165,0.0018744889089873278,0.0037284277527596,-0.018349797532809586,0.13594314685708214,0.02382751966233007,-0.08390524818415655,750.7,0.6293,0.00955,178.0
569-61-9,C.i. basic red 9 monohydrochloride,0.509336958017644,0.8879440895376944,2.391151710566377,True,0.021733669642274106,-0.27305577103219086,-0.06407262412633272,0.005243411310313211,-0.014889545814873542,0.2748426873621485,-0.39113701464926887,0.025036765905993994,0.03515024705823627,323.8,-0.8487,0.235,3.23
509-34-2,C.i. solvent red 49,1.1430460433375877,0.9538945301455531,1.545793629620784,True,-0.11015576384749416,-0.04850829191414212,-0.0436265942527417,0.00937888905940024,0.010938584721738313,-0.045217835195206446,-0.041970343012096664,-0.004077978336240801,-0.041958400959058166,442.6,6.086,0.0456,13.9
63449-41-2,C8-18-alkydimethylbenzyl ammonium chlorides,1.8000362418279794,1.527474546390761,1.8731031552681021,True,-0.002315503904379226,0.07311914465108785,0.055358618468162236,-0.002991877679779649,0.005594705637476566,-0.03014718042484412,0.17516237763354475,-0.02160979045708691,0.006211788585184405,276.3,3.16,0.0104,63.1
1260-17-9,Carminic acid,1.9484178564546886,1.3285049275247809,4.167858143105367,True,-0.13920573882428797,-0.004919087562176197,0.03756807012654129,0.02331105857975057,0.007920345418741318,0.007132914488626779,0.1441045067811666,0.0661454712925623,-0.08264487665753824,492.4,0.573,1e-06,88.8
120-80-9,Catechol,1.6263506342627132,1.5644100409602724,1.153295488921602,True,0.0964960532586375,-0.028834744928747782,-0.03223642891551371,0.002974751655808602,0.004066380604000442,0.034138453065059034,0.18667198567403162,-0.02079691820731233,0.052838244872914275,110.1,0.8794,0.0268,42.3
480-40-0,Chrysin,2.3096322963152,1.594896768475853,5.18484201625859,True,-0.0033223082231529956,0.0872620055146925,0.054628527974317505,0.02033935116410973,-0.0024552553852809833,-0.029150080217002477,0.1796747003223275,0.01223928927931297,0.006588274165134702,254.2,3.519,0.00263,204.0
637-07-0,Clofibrate,2.9385202255154685,2.224540692391793,5.175824394108645,True,0.013891483906708812,0.0627925180350242,0.06338153336489631,0.02033935116410973,0.009743898289680114,-0.028104344800483693,0.7075766021375741,0.09899373272538702,0.006833653687499449,242.7,3.456,1e-06,868.0
23593-75-1,Clotrimazole,1.8870600108870852,1.633392165699605,1.7933615129098177,True,-0.002299313390785592,-0.036269277121914516,-0.022312586468712817,0.0036236179246884764,-0.0009062032163559525,0.25986188534925136,0.17483492308441043,-0.011856041212170305,-0.0003771031302010101,344.8,4.8,0.00953,77.1
50-22-6,Corticosterone,1.0828212609393293,1.0021297096794433,1.2041803921871352,True,-0.014270572180218669,-0.03250074235742356,0.0017747459708179554,-0.00784052369844441,-0.005038487327206141,-0.04232699220839382,-0.1474592420407961,-0.00961685055730387,-0.00968388980298432,346.5,1.942,0.137,12.1
230954-09-3,Cp-544439,0.35621713421973517,0.6835763868324416,2.125001557080104,True,-0.09527016771758559,-0.02908797843146041,0.0072716845066126785,-0.0071234877270450695,-0.006370287245393207,-0.058026838378415456,-0.27125097818879673,-0.06080380203212001,-0.06485402183474866,410.4,2.383,0.145,2.27
458-37-7,Curcumin,2.472757911585733,1.6884635907985386,6.085472732347486,True,0.02212480701541824,-0.007248889353854791,0.014436156931849124,0.022842251729124515,0.007695636717836223,-0.048893986001876576,0.30924636039117936,0.08727065089192709,0.011898338595539966,368.4,2.597,1e-06,297.0
120116-88-3,Cyazofamid,1.0000434272768626,1.094907207706999,1.244124322075728,True,-0.006279549990829466,-0.040764255120782245,-0.05089874124720247,0.005771552422263811,0.002469901874297397,0.005312344142366238,-0.053615275434897,-0.02925318418923223,-0.0069278486303811365,324.8,0.848,0.051,10.0
4449-51-8,Cyclopamine,1.468362102082093,1.2439351969076575,1.6765901300522155,True,-0.11164221176055728,-0.02732085706643085,-0.027114387932489912,0.015473759340384986,0.030062618391958944,0.13901555140850552,-0.06577458447666072,0.06886427136352573,-0.04672122624197377,411.6,5.248,0.0741,29.4
68359-37-5,Cyfluthrin,1.3765952043404752,1.235570766458227,1.3836442348621238,True,-0.13798165114210673,-0.05777066981433896,-0.061129702407245703,0.026065096957000877,-0.0028304945547322716,0.10576457421373717,0.13761027613764165,0.012080242652999867,-0.05532916946612374,434.3,5.952,1e-06,23.8
57966-95-7,Cymoxanil,1.5158870841952672,1.0823273975637744,2.7136865780982315,True,0.05150252324356906,0.015593769884236549,0.06424188131081916,-0.004645747001482683,-0.0041532035396766144,0.012954920452505975,-0.32154263943740474,-0.027204012917621402,0.026487641687434567,198.2,0.5879,0.437,32.8
427-51-0,Cyproterone acetate,0.6494322232416166,1.0565070611754372,2.5531412238668754,True,-0.12497217015055646,0.05190164487655773,0.052627815321745826,0.0014232401906188407,0.0015067700298364455,-0.032499614165207,-0.07954498444497031,-0.022908651706284186,-0.0601192526576993,416.9,3.409,0.0584,4.46
69-74-9,Cytarabine hydrochloride,1.2253351318185406,1.1527142148824405,1.1820093635960789,True,0.025522401809187217,-0.29645630210624163,-0.02034766527802966,-0.03656127848000867,0.1297088076833845,0.26991543295274517,-0.16923522168579747,-0.05919702469111589,0.040272800796921415,279.7,-2.084,0.96,16.8
1596-84-5,Daminozide,0.3600250891893975,0.6015801512603727,1.7440344610394252,True,0.07828109762879874,-0.3477249081316677,-0.08456870048589515,-0.036617600086800095,-0.019381820191861805,0.2573549052384069,-0.37709852535901434,-0.14430310295139406,0.006546541718405451,160.2,-1.495,0.939,2.29
2392-39-4,Dexamethasone sodium phosphate,0.9836713828601966,0.7905000508735335,1.5601678777695114,True,-0.10032689683846684,-0.05595882793837786,-0.06946342253702084,0.0033180934342430268,0.004784728964977889,-0.04168196290689409,-0.1190904981686327,-0.027599623092705597,-0.07257380392498354,516.4,0.9792,0.0956,9.63
109-43-3,Dibutyl decanedioate,2.127108039356311,1.8050118209663917,2.099404957434167,True,0.004010419624057096,-0.09886580748489848,-0.06201889418811425,0.028295000032891128,0.002639685325074085,0.15479691707646856,0.45772781377795146,0.007414149254510883,0.04192027366705515,314.5,5.972,1e-06,134.0
97-23-4,Dichlorophen,1.120606831056773,1.5221926137217727,2.521075097969861,True,-0.0032066885265080174,0.0693341907321699,0.04433665860554591,0.025960847971402672,-0.0024552553852809833,-0.04075204425050996,0.1796747003223275,-0.02638033379390354,0.006588274165134702,269.1,4.258,0.0045,13.2
62-73-7,Dichlorvos,1.9365187690063081,2.1282938284861554,1.5551599361415291,True,0.010319560108704346,0.022169058037180684,-0.05994645360975949,0.0223704666962207,0.013390525298547673,-0.013737462721077717,0.7735174132033812,0.08591858178410665,0.005199875807456551,221.0,1.429,1e-06,86.4
84-69-5,Diisobutyl phthalate,2.537820353896035,1.536965591248956,10.019701018347396,True,-0.0018168122205075292,0.07971385898609751,0.04408154390937672,0.025960847971402672,0.007695636717836223,-0.038792046898938205,0.1495616085587294,-0.005119583821570311,0.006588274165134702,278.3,4.112,0.000435,345.0
131-18-0,Dipentyl phthalate,2.478567938430257,1.4816832241896412,9.928524555187838,True,-0.0050161387471933765,-0.04156075126424383,-0.030776160397761588,0.01475672336898565,0.027747791301278447,0.240994902247702,-0.08862025191443858,0.08697706252502878,0.008087783188888708,306.4,5.616,0.0986,301.0
136-45-8,"Dipropyl 2,5-pyridinedicarboxylate",2.772322440327844,2.4316508791300473,2.191147235343618,True,-0.002108365919085888,0.1197862134936028,0.09946342627914627,-0.03825893118531963,0.03110298279988276,-0.026912526299906682,0.07471239686062635,0.9089788985274998,-0.004205479307795205,251.3,3.565,0.865,592.0
97-77-8,Disulfiram,1.4542501553003446,1.2609323447396268,1.5606941789759607,True,-0.008472645125172488,0.0781508877064117,0.04837211036407236,0.0007062042192195032,-0.0011767251345701627,-0.041033450009742595,-0.07719575117012799,-0.00982509664813491,0.0023145466562757263,296.5,3.877,0.08601,28.46
6533-00-2,Dl-norgestrel,1.0414321646802651,1.249481638653523,1.614542471853765,True,-0.0062659356800100355,0.05405732315957353,0.05417843817517488,-0.00844461365912147,-0.0011767251345701627,-0.04113831939035513,-0.05305952098559089,-0.014863933239711836,-0.002897338473261739,312.5,3.067,0.0392,11.0
24169-02-6,Econazole nitrate,0.779668627207148,1.0292985549738272,1.7767647430278357,True,-0.14368536251125197,-0.04495357825344494,-0.06188488147463082,0.02000430133184367,-0.0022305466843758857,-0.04070548786890297,0.13660812389135327,-0.008722903127305129,-0.09422337421085285,444.7,1.082,0.00553,6.02
361343-19-3,Elzasonan,1.3243030374868345,1.2140518415032697,1.2889948909290432,True,-0.11856808792479441,0.010882946306766488,0.005576127864056862,-0.002106080880429193,0.002464925086542827,0.13211838823597102,-0.02109870545800289,-0.005399137255289992,-0.05891079835294565,448.4,4.692,0.0329,21.1
124378-77-4,Enadoline,0.5264685124694775,0.7946124213189625,1.8541459158204072,True,-0.050862111335376874,0.01919024899900858,0.05363579997569308,-0.021806843029729756,-0.007135248592202034,-0.045535466192424934,-0.3296272693070606,-0.03750250133019161,-0.05483645175014714,396.5,2.894,0.263,3.36
77756-20-8,Enterolactone,2.143017924663589,1.5105042029542457,4.290557452140757,True,-0.0024680262221909765,0.04415608994981745,0.06813866752104332,-0.002991877679779649,-0.00223302634678845,-0.03014718042484412,0.18051192694236368,-0.021320837196592148,0.007766202529821394,298.3,2.811,0.0121,139.0
474-86-2,Equilin,0.9886035433456639,1.2951249649829857,2.0254495099473244,True,-0.007007392311495907,0.07988963606728652,0.053042482925551006,0.0007062042192195032,-0.0011767251345701627,-0.040646754426184824,-0.04560802936757222,-0.015142873694046667,0.0019761528234030074,268.4,3.531,0.0583,9.74
52479-85-3,Exifone,1.4487217749497214,1.7598693336305362,2.047140068025549,True,0.0026498263261351563,-0.01613003163731225,-0.06557154676423797,0.0223704666962207,0.013390525298547673,-0.013737462721077717,0.4732731944709579,0.07287383144747145,0.0016582666324357327,278.2,1.158,1e-06,28.1
129299-90-7,Fabesetron hydrochloride,0.8785792380622192,0.9518229550524477,1.1837056402486075,True,0.013194568714417935,-0.12779354109499222,-0.11594764102310573,-0.0011247880823337135,0.0012573784697843893,0.00982099784914764,-0.059907978078792334,-0.037900000719522035,0.0011316951364492543,329.8,0.4345,0.0309,7.56
131807-57-3,Famoxadone,1.2148703286112197,1.5597523074141273,2.21249337431121,True,-0.02618363622992811,-0.013865750721339571,-0.011258499850600066,0.002629619127513294,-0.0009062032163559525,0.18103154438647331,0.16810679902041997,-0.011856041212170305,0.002962212228719863,374.4,4.649,0.0097,16.4
2783-94-0,Fd&c yellow 6,1.2764847821093837,1.172891886943796,1.269383635328373,True,-0.140903680753685,-0.048099806452311884,-0.02810385141280175,0.020612348653234264,0.007920345418741318,-0.04390677539152608,0.14601331835623518,0.08038334930443249,-0.09011562465991776,452.4,1.779,1e-06,18.9
49562-28-9,Fenofibrate,2.7505091662440573,1.622349764050342,13.432578961725687,True,0.0074706130595068145,-0.08361693618463134,-0.0458601597931636,0.06322055829526531,0.021528176627453818,0.18546254197940681,0.1987607394129734,-0.004696481559642317,0.010988448331778183,360.8,4.943,0.00815,563.0
113776-20-8,Fenoxaprop-(2s)-ethyl,2.8591388979780463,1.8823295260669295,9.480022583211646,True,0.01798273651340434,0.08683552616954208,0.07648487223309026,0.03174487598764611,-0.002086587311554866,0.21556488589033732,0.1807086105458019,-0.005837555312876365,0.011839897470143846,361.8,4.579,0.00537,723.0
71283-80-2,Fenoxaprop-p-ethyl,2.715168194638561,1.8875318591389747,6.724133627347489,True,0.01798273651340434,0.08683552616954208,0.07648487223309026,0.03174487598764611,0.0029901722035789186,0.21556488589033732,0.18083418410271332,-0.005837555312876365,0.011839897470143846,361.8,4.579,0.00635,519.0
111812-58-9,"Fenpyroximate (z,e)",1.2253351318185406,1.194920785136671,1.072542095874958,True,-0.15032251457132423,-0.06937704198681834,-0.04945398198801382,0.03184912497324431,-0.007283789154809499,0.131142721414702,0.12636727894356523,-0.014522261629428056,-0.07257101474584136,421.5,5.008,0.0046,16.8
101-42-8,Fenuron,0.46104809167065786,1.0863400839352442,4.219801209382591,True,0.09184475978455824,-0.020449652016406344,-0.037574399528933204,-0.022054730289104346,-0.004206969944311922,0.014892755210030417,-0.32183033639499364,0.038776705460086235,0.07784968777292332,164.2,0.9813,0.564,2.89
69806-50-4,Fluazifop-butyl,2.603145455647465,1.8698893617502648,5.410732879019381,True,-0.03258333706770537,0.08963643113888546,0.0806417956786685,0.06088640623377685,0.023303460162746006,0.17439945753784372,0.21713730029093675,-0.005837555312876365,-0.006786860793405534,383.4,4.5,0.00862,401.0
188489-07-8,Flufenpyr-ethyl,2.574032425844793,2.281908170321315,1.9594051966138075,True,-0.07571983835434991,0.050514413939868,0.07513570719102111,-0.04890200334532478,0.033967021201887854,0.15602224056969916,0.06658893178100087,0.8101420530358432,-0.05493261957972679,408.7,4.075,0.769,375.0
69806-40-2,Haloxyfop-methyl,2.6693178105318873,1.6440241351007272,10.599702482006345,True,-0.016857021188597193,0.07933680367831468,0.04828146896984147,0.06088640623377685,0.023303460162746006,-0.01751484341476376,0.209838517093409,-0.010262207828773672,-0.0020807124866209373,375.7,4.07,0.00819,467.0
67485-29-4,Hydramethylnon,0.6415732531781754,1.1310619563990265,3.0866593550884094,True,-0.15411549733178623,-0.06460993196898235,-0.005128443138909841,0.020612348653234264,0.004273718409873752,-0.06059627216265591,0.13126604541234316,0.08038334930443249,-0.09011562465991776,494.5,2.313,1e-06,4.38
630-56-8,Hydroxyprogesterone caproate,2.2900368385079966,1.2566036695099374,10.80023409696888,True,-0.14027845639552203,-0.03553243350004679,-0.04945398198801382,0.005680807160401088,0.010938584721738313,0.13901555140850552,0.12735640661666411,-0.00516278170537317,-0.0650522906898107,428.6,5.315,0.0175,195.0
473289-62-2,Ilepatril,0.7443712273318607,0.6988220227905774,1.110578354116204,True,-0.08315513960286212,-0.025225260882756867,0.004701207698258241,-0.019440204753201754,-0.007135248592202034,-0.05754170310921566,-0.2682144408387414,-0.04799779887397072,-0.06626165213612449,432.5,2.475,0.319,5.55
186392-65-4,Ingliforib,0.32035403281767183,0.7895326039986157,2.9456325562966947,True,-0.09367431978575133,-0.128193286536831,-0.11056974822974541,-0.0004077521109343737,0.00357220556046488,0.005867986415813514,-0.05892071715323069,-0.0349224784173033,-0.06231154962526024,457.9,0.4186,0.0234,2.09
125225-28-7,Ipconazole,2.004325673706721,1.5334307363347635,2.9572969636183033,True,-0.0034848218033521933,0.0799394811979215,0.044472816606988846,0.002629619127513294,-0.0018643582730623331,-0.022469995926531657,0.18260965647645988,-0.016280693728067612,-0.0012132312245012966,333.9,4.208,0.0132,101.0
25311-71-1,Isofenphos,2.198659835644977,1.5185691850558851,4.787300075418351,True,-0.0034848218033521933,0.0799394811979215,0.044472816606988846,0.002629619127513294,-0.0018643582730623331,-0.035586311873708455,0.18260965647645988,-0.016280693728067612,-0.002958466556202857,345.4,4.117,0.0105,158.0
33820-53-0,Isopropalin,1.0969447551769405,1.8484020556502878,5.6423146377897435,True,-0.000519855342022351,0.0751157080995271,0.07291766140705218,0.025960847971402672,0.004414968860366249,-0.026840452253820205,0.44177698908495383,-0.010296551273005597,-0.00321952478556124,309.4,4.502,1e-06,12.5
59227-89-3,Laurocapram,0.9912703891950998,1.4627246710603865,2.9611082334324452,True,-0.0020211801139414128,-0.10254624535768064,-0.0779116592469328,0.028295000032891128,-0.00386187084684703,0.2054468425085028,0.16594267374025687,-0.03371282386272755,0.014001670325470195,281.5,6.109,0.00275,9.8
79794-75-5,Loratadine,1.530212509060796,1.4343297317956278,1.247046871754835,True,-0.03258333706770537,-0.054390789739315944,-0.04895883100770719,0.004963771189001749,-0.0036396418083544965,0.1451705010391187,0.16912032932009138,-0.010714967458936256,-0.0037295665519598486,382.9,5.197,0.00968,33.9
1634-78-2,Malaoxon,1.7474195769489882,0.8381835640459431,8.114018861336545,True,-0.009278295209572837,-0.013170047960110134,-0.0188242818238105,-0.02015724072460109,-0.005803448674014967,-0.04299312777786844,-0.26452651129805876,-0.048245743934759555,-0.007910002432655031,314.3,1.724,0.538,55.9
2919-66-6,Melengestrol acetate,1.6170108311990845,1.3080460718033973,2.0368767896710884,True,-0.04469022883160722,0.05372358609039402,0.054680272578953894,-0.007727577687722133,0.0015067700298364455,-0.017638062886328597,0.055259184102991486,-0.014494817467340007,-0.041665318007175885,396.5,3.327,0.0232,41.4
16752-77-5,Methomyl,0.3119656603683662,1.0895411588238726,5.992050963411948,True,0.09354270171395532,0.015593769884236549,0.045095903973217895,-0.029977510325040486,-0.010295723051003226,0.010037853834463754,-0.36017529026411194,-0.0014665955230288357,0.058093784699788834,162.2,0.6005,0.716,2.05
134-20-3,Methyl 2-aminobenzoate,2.390936872524514,1.4337920971825031,9.060345840252511,True,0.15448184530134004,-0.01677243723340887,-0.0021500176179566266,-0.016085464632637034,-0.004206969944311922,0.008700628938395497,-0.10349549137832142,0.029344965914601027,0.11488277395340715,151.2,1.877,0.224,246.0
4707-47-5,"Methyl 2,4-dihydroxy-3,6-dimethylbenzoate",2.4281364145275637,1.4945056280970765,8.582835452241472,True,0.05772278097580738,-0.023000537505982344,0.01266679916167555,0.000276041729292295,0.0006715979176271532,-0.01365994220376263,0.18078947118207556,-0.020058230831977723,0.030005383790926765,196.2,2.051,0.0335,268.0
493-52-7,Methyl red,1.0453621026533477,1.5151494280763809,2.949764369443395,True,-0.002315503904379226,0.07212397241232874,0.054587877643460646,-0.002991877679779649,-0.0011767251345701627,-0.03014718042484412,0.16582241740110912,-0.01605760470352383,0.006211788585184405,269.3,3.345,0.0304,11.1
119-36-8,Methyl salicylate,2.9122225881042834,1.5986488243231856,20.58608510117798,True,0.2505522612101925,0.0030052193662568594,0.027089722821945036,0.000642513866724971,-0.0023335655333337284,-0.017816040537038325,-0.03972524030908397,-0.008015127359790897,0.11615681691591767,152.1,2.547,0.107,817.0
61-73-4,Methylene blue,1.1430460433375877,0.9537935298378357,1.5461531639796176,True,-0.008251696912481232,0.008004622953975282,0.062397145468319364,-0.005141813771928101,-0.005038487327206141,0.005867000508937785,-0.34370402740456013,-0.024503416164720234,-0.0049280613938951865,319.8,0.6257,0.38,13.9
90-94-8,Michler's ketone,1.5932971458200116,1.522618440942991,1.1767350917814219,True,-0.0031958685428574263,0.08496961186028608,0.05009431341428179,-0.002991877679779649,0.005594705637476566,-0.041033450009742595,0.1762652062576255,-0.021599777650926973,0.005423313775232833,268.4,3.869,0.00959,39.2
103-69-5,N-ethylaniline,1.3384764149129225,1.4279171898897325,1.2286856184898476,True,0.11000318003906148,-0.0135189338389562,0.02357977570853707,-0.016085464632637034,-0.007853596953179484,0.02339686738898286,-0.06396928858076485,0.04041800896860022,0.0628543779086934,121.2,2.16,0.214,21.8
872-50-4,N-methyl-2-pyrrolidone,-1.3743789185750923,-0.6460584076734092,5.349590154425426,True,-0.1651747615254101,-0.46601791881772314,-0.39166618302593087,-0.037316283928946155,-0.010743285108707406,-0.026015695020840404,-0.4526550580212223,-0.09977047013238524,-0.26579101597363786,99.13,-0.4585,0.888,0.04123
90-30-2,N-phenyl-1-naphthylamine,1.7626860644309175,1.6140088069828409,1.4082418855101329,True,0.003531659756983602,0.08197705894876883,0.049143189168467494,0.06088640623377685,0.0026215041298528006,-0.030126555254993605,0.18026185860463725,-0.010385479143701375,0.0070069006576545445,219.3,4.201,0.006962,57.9
63449-68-3,Naphthalen-2-yl 2-aminobenzoate,2.9273708763891717,1.602079803938909,21.14906015315954,True,-0.002121496975001329,0.08677210703683691,0.055358618468162236,0.05526490942648391,0.0026215041298528006,-0.029170705386852992,0.17423209598252218,-0.016557766789624152,0.006588274165134702,263.3,3.48,0.00653,846.0
439687-69-1,Nelivaptan,1.5477870081733902,1.1732814774515992,2.3686752965714164,True,-0.08414495272311477,0.020422276456449794,0.05620235558491249,0.0014232401906188407,0.0015067700298364455,0.10645873404431197,-0.08923448484515852,-0.024183134760710802,-0.08426159040694216,630.1,2.791,0.0608,35.3
59-67-6,Nicotinic acid,0.549125926758111,0.6896646960932316,1.382097779839096,True,0.028257685846222985,-0.1565098113660471,-0.1644485005620084,-0.009738013262947657,-0.004654532002016104,0.021898657213970114,-0.3142378633147817,-0.021437162768448502,0.04144197242789363,123.1,0.358,0.594,3.54
110-25-8,Oleyl sarcosine,1.6201464695846597,1.5538460080175027,1.164931695076469,True,-0.015477070651071548,-0.0897307418869927,-0.0650194387896254,0.028295000032891128,0.0005914237532301944,0.13042823246615157,0.28952162645697876,0.007284137426601573,-0.001139424672056526,353.5,6.151,1e-06,41.7
501027-49-2,Pd-0333941,0.5316066319327221,1.3484378266616401,6.558902797414136,True,-0.03929031420438546,-0.06937704198681834,-0.04945398198801382,0.026065096957000877,-0.007283789154809499,0.131142721414702,0.16023674212789238,-0.029511117297514974,-0.04318275308780784,390.4,5.023,0.00409,3.4
1114-71-2,Pebulate,2.201399855723698,2.0233578282393085,1.5067528704081556,True,0.052563169464603855,0.05278728985455058,0.03771002362591754,0.02033935116410973,0.010629182077209642,-0.03901291907173346,0.6352511971585494,-0.01591850209107699,-8.322782421737063e-05,203.3,3.835,1e-06,159.0
460081-99-6,Pharmagsid_48510,0.8859828113549731,1.2128379353492904,2.1225362884266956,True,-0.14027845639552203,-0.06996522766551681,-0.04945398198801382,0.005680807160401088,-0.0013248147176740054,0.13901555140850552,0.1352508661357642,-0.010714967458936256,-0.0644641050111122,436.4,5.009,0.0142,7.69
143-74-8,Phenol red,0.041787318971751766,0.9702869062554471,8.482025763928895,True,-0.01629808989747847,0.02460532397061493,0.058830887391003145,-0.022523879001129097,-0.009450075682882527,-0.03961181733909121,-0.28956821489774875,-0.00041934595568533545,-0.00437014621355082,354.4,3.02,0.142,1.1
81-90-3,Phenolphthalin,0.2674064187529041,1.3242302707489995,11.397874008503114,True,-0.0024680262221909765,-0.009235971365449897,0.021098289875302392,-0.045565121715475866,-0.027429595084998596,-0.041373970221726855,0.17977407917069457,-0.02131163141928642,0.001649953850735733,320.3,2.612,0.00918,1.85
17696-62-7,Phenylparaben,2.9370166095390697,1.5213322001885945,26.042604130571963,True,0.09353621780422722,0.07098062253715105,0.056415066521766574,0.0007062042192195032,-0.0006834959748745734,-0.02987793774371984,0.06095726558436109,-0.014217891918022441,0.014423885277090875,214.2,3.288,0.045,865.0
117428-22-5,Picoxystrobin,1.7566437140370743,1.6256180898509638,1.3521523403559503,True,0.01679722810083774,0.08496961186028608,0.05009431341428179,0.05526490942648391,0.0029901722035789186,-0.020556798291709963,0.1738516428411723,-0.01529233849113826,0.008407084905776333,367.3,3.702,0.007216,57.1
112529-15-4,Pioglitazone hydrochloride,0.950413539369381,1.3375992235396486,2.438853336016476,True,0.004374418946761008,-0.230908326942942,-0.12085807753774729,0.013449827801143196,0.0025159043482465924,0.1420526103980556,0.207423922202782,0.04624628819372065,0.004210392248234416,392.9,-0.2365,0.0106,8.92
625114-41-2,Piragliatin,0.7966437037851165,0.8963061459433758,1.2579472850758668,True,-0.10096229821214493,-0.04066215442351242,-0.02363424768288443,-0.019440204753201754,-0.007586221209329007,-0.045176848579046,-0.012984381678977464,-0.049056017114524876,-0.07328374428439785,421.9,1.964,0.48,6.26
32809-16-8,Procymidone,0.7259932589247224,1.2793285840739423,3.575488002820656,True,-0.006127027673017715,0.05381882129053194,0.05417843817517488,0.0007062042192195032,-0.0011767251345701627,-0.03014718042484412,-0.04862795139309596,-0.015152886500206603,0.0027646276333545793,284.1,3.081,0.0499,5.32
1918-16-7,Propachlor,1.8432390089640995,1.0337472903767122,6.448990223924513,True,0.08542979630421925,-0.01088470512493613,0.012825597431733355,-0.02015724072460109,-0.008564791895353004,-0.022361078625754236,-0.30170705571929246,0.019301869397450627,0.010772635451850596,211.7,2.182,0.345,69.7
2312-35-8,Propargite,1.3802293369380374,1.4587871392664362,1.1982785972031471,True,-0.017773875904486855,-0.08361693618463134,-0.05311575445328548,0.004963771189001749,-0.0036396418083544965,0.18546254197940681,0.16878596505956509,-0.010714967458936256,-0.0006562270332378776,350.5,4.999,0.0133,24.0
60207-90-1,Propiconazole,1.2304744673611585,1.2796745662664601,1.1199537774407504,True,-0.007296345571990674,0.07713311833201451,0.04837211036407236,0.0007062042192195032,-0.0011767251345701627,-0.039779779642211334,-0.047091311133002876,-0.0148539204335519,-0.005431048614914871,342.2,3.717,0.0508,17.0
121-79-9,Propyl gallate,1.696365126964978,1.4888384045334344,1.6126002486629403,True,0.09431103523052242,-0.026713654235745097,-0.011823362392639813,-0.0006252394032516457,0.003355185661826923,-0.017942031727817068,0.18401977949725337,-0.020058230831977723,0.015222658853868072,212.2,1.8,0.0258,49.7
82640-04-8,Raloxifene hydrochloride,1.6404913749455463,1.008250390317019,4.287863826504066,True,-0.14620044823465067,-0.04847515243810931,-0.06196539380992251,0.0023462739418911413,0.0037284277527596,-0.046195809063019545,0.14661692050095043,-0.02809979161038834,-0.08259690060388708,510.0,1.57,0.0129,43.7
501-36-0,Resveratrol,1.7986575499131494,2.1731241754491166,2.368463114218541,True,-0.0022094427902429356,0.049139555649275114,0.06338153336489631,0.02033935116410973,0.009743898289680114,-0.03450737082531299,0.6925928518207971,0.09898371991922708,0.006567814975290374,228.2,3.304,1e-06,62.9
180084-01-9,Sb236057a,0.6675463395115165,1.096358294089881,2.6841819684859556,True,-0.16191061310790258,0.0904552798167264,0.0780112527650859,-0.002106080880429193,0.00045046881761815746,-0.12464847548486901,0.04803420394861616,-0.021792382837853144,-0.07922762282850705,571.1,4.528,0.015,4.65
26259-45-0,Secbumeton,0.8149796837607568,1.2847101450034573,2.9493781684685008,True,-0.007285557760056904,0.06839655413344423,0.05417843817517488,0.0007062042192195032,-0.0011767251345701627,-0.03349677042089898,-0.04801862269785875,-0.015152886500206603,-0.0025327528921855833,225.3,3.103,0.0461,6.53
2492-26-4,Sodium 2-mercaptobenzothiolate,1.6201464695846597,1.4722109955141849,1.4058386341079288,True,0.05772278097580738,-0.023000537505982344,-0.04109929448044803,0.002974751655808602,0.004318224926494713,0.009422741783715698,0.1825164895540916,-0.01947062855530106,0.029734203278603877,189.2,1.009,0.0368,41.7
824-78-2,Sodium 4-nitrophenolate,1.6821541052712843,1.3030912714796223,2.3936620467429144,True,0.09759801402638715,-0.33064673784645054,-0.05742979770327019,0.006144692442857151,-0.013293067085170496,0.3080542674306339,-0.08527545821303883,0.05102703282812251,0.05782006171815628,161.1,-1.518,0.17,48.1
3689-24-5,Sulfotepp,2.004325673706721,1.5149816281067738,3.0856314017924698,True,-0.0034848218033521933,0.0788831799857032,0.044472816606988846,0.002629619127513294,-0.0011767251345701627,-0.0415250149739129,0.1770574707228968,-0.010728507974504522,-0.0002386523313834875,322.3,3.988,0.0206,101.0
4065-45-6,Sulisobenzone,0.021602716028242194,1.3149880293190859,19.651029757046455,True,-0.0024680262221909765,-0.03136280098058398,0.007124988504382822,-0.004574275090746854,-0.018850151634704503,-0.04892489020402309,0.1709553414165027,-0.02131163141928642,-0.00469278893165909,308.3,2.43,0.00942,1.05
13071-79-9,Terbufos,1.5118967236804308,1.4114020329607209,1.2603602298086487,True,-0.004123208286964388,0.0770886094380655,0.055507654429172035,-0.00282311685182853,-0.0011767251345701627,-0.041749144458351595,0.064459468465858,-0.00945467399881547,0.004580905476760268,288.4,4.478,0.0306,32.5
57-85-2,Testosterone propionate,2.6304288921069285,1.689434281022493,8.729605362453983,True,-0.0011880165499368878,0.08108709314285356,0.04408154390937672,0.025960847971402672,0.002366707288522358,-0.024379522473509642,0.30325365303904955,-0.010426563100914906,-0.000413726085745304,344.5,4.102,1e-06,427.0
36062-04-1,Tetrahydrocurcumin,2.238048613494268,1.1622035000933602,11.908172397339872,True,0.014002499913360469,-0.036850121493387226,0.005402785454173386,0.0030728424957475026,-0.0011767251345701627,-0.038977402212338946,-0.044390827559858556,-0.013878252424414983,0.005906437173252587,372.4,2.343,0.0501,173.0
83-67-0,Theobromine,2.5976962826273646,1.235207135748753,23.04035396949171,True,0.07693571219077454,-0.3428456527285398,-0.01870576315459567,-0.03583509044249364,0.0956930515661341,0.38261797934833075,-0.23588173741898194,-0.018174754092219005,0.06231112659894831,180.2,-0.7743,0.955,396.0
137-26-8,Thiram,2.911690690977165,2.209014993006122,5.042845909771087,True,0.013833907920013929,0.02017960417292809,-0.005069083013542425,0.022842251729124515,0.013390525298547673,-0.019518028780635792,0.7904099750952267,0.09999077785040975,0.003862798852654511,240.4,1.73,1e-06,816.0
189003-92-7,Trelanserin,0.8488662114947794,1.0118649783999139,1.4554549480943426,True,-0.10623407076933229,0.0223504044965888,0.04638004399808155,0.0014232401906188407,0.0011381019561103292,-0.04077782375346424,-0.08026438535488732,-0.023585601195746146,-0.07765719504945105,465.6,2.729,0.0607,7.06
24017-47-8,Triazophos,1.4800213233310497,1.266606058955125,1.6346141888300987,True,-0.0062659356800100355,0.06276463525658588,0.04896604285647416,0.0007062042192195032,-0.0011767251345701627,-0.0415250149739129,-0.048194139757083636,-0.014863933239711836,-0.002897338473261739,313.3,3.341,0.049,30.2
52-68-6,Trichlorfon,1.5010729621430505,0.9964266489139851,3.1962910095965387,True,-0.004642625550835934,-0.012000088892594882,0.008712304085635345,-0.01856207443142774,-0.031010887090888038,0.0036507325198152935,-0.18403893552788128,-0.03541703622916136,0.0006429961499286822,257.4,0.5114,0.696,31.7
141517-21-7,Trifloxystrobin,2.6683868486514077,1.4842865207890332,15.279189872926034,True,-0.09693765839896601,0.08509807351603492,0.05435001837195526,0.05303500635059366,0.019881541854783514,-0.017638062886328597,0.19311555324787255,-0.01529233849113826,-0.06041787665716828,408.4,3.474,0.0072,466.0
2451-62-9,Triglycidyl isocyanurate,2.255274917843726,0.7623735037392119,31.110100501553646,True,0.02828462489182192,-0.24396872693121344,-0.13406229675086972,0.005517507534551092,-0.006251010731719149,0.14362028308598304,-0.38893810620440417,0.03780859138054026,0.05127037358312814,297.3,-0.2031,0.402,180.0
95266-40-3,Trinexapac-ethyl,0.5821770376884088,1.022498040476387,2.7562652061044286,True,-0.008240664871616841,-0.03743264535921577,-0.04455438861729575,-0.005141813771928101,-0.005038487327206141,0.005803909106536546,-0.1274693505156114,-0.022252037074718865,-0.0022687449739524617,252.3,0.968,0.137,3.82
101-20-2,Triclocarban,0.9754777631658745,1.3070627973016358,2.1457792146811157,True,-0.0034956417870027844,-0.047701930080022804,-0.031024100249795742,0.025960847971402672,-0.0011284322548484845,-0.04130366774631534,0.16365455807319743,-0.02609138053340877,-0.0008997199729650917,315.6,4.666,0.003883,9.45
104-66-5,"1,2-diphenoxyethane",1.2674298808140052,1.9605703209876884,4.933333100446924,True,-0.0015391930388244262,0.05091528141109055,0.03623265612021281,0.02033935116410973,0.010090507636009577,-0.028104344800483693,0.6389234465282794,-0.01631869895532225,-0.01906094895877864,214.3,3.809,1e-06,18.51
105-13-5,(4-methoxyphenyl)methanol,1.9543920740040062,1.0052768924994524,8.894369787995048,True,0.11556666184267309,0.0004683042428951599,-0.06774824333182011,-0.06444394986573239,-0.010295723051003226,0.06342200996570715,-0.33673708340127323,-0.01012965374355408,0.04608230596016527,138.2,1.1,0.9392,90.03
106-25-2,"(2z)-3,7-dimethylocta-2,6-dien-1-ol",0.1961761850399733,0.9237344207623155,5.340208770778609,True,0.07274995054541848,0.05033604410269603,0.020889106189828973,0.02089704341443789,0.01134037701938316,-0.021070290812502297,-0.5207110932483325,-0.038563388192605526,0.058774407862596405,154.3,3.558,1e-06,1.57
1071-93-8,Hexanedihydrazide,-0.2198267563574058,0.21283774418224022,2.7080987738273588,True,0.02934667124101698,-0.32990317795045054,-0.22477504507479779,-0.0988266904022521,-0.03442266156634773,-0.04576403480213882,-0.38640207483340266,0.006812565104332523,0.027679928584886552,174.2,-0.2851,0.9601,0.6018
108612-45-9,Mizolastine,0.7782236267660965,1.0610632050218214,1.917960144640906,True,-0.12334043605205458,0.051313459197859256,0.052627815321745826,-0.007727577687722133,0.0015067700298364455,-0.032499614165207,-0.05501332919295398,-0.03082646728120576,-0.06406967902987185,432.5,3.333,0.023,6.0
111-40-0,Diethylenetriamine,0.3018977171952081,-0.0859942046520384,2.442822558315268,True,-0.04293483368724984,-0.4526721538186555,-0.08534735723984564,-0.09278840390292621,-0.03321013816183472,0.07026985995379921,-0.44756139805359224,-0.1978535447841592,-0.07298849883896841,103.2,-0.8286,0.9678,2.003
111-76-2,2-butoxyethanol,-0.06930561233546466,0.9524878927226695,10.514618141148038,True,0.06823998919833535,-0.013005795817938828,-0.06648646842784672,-0.05425403576225613,-0.010295723051003226,0.02775242028492969,-0.3467307408770051,0.03209367733389516,0.04608230596016527,118.2,0.828,0.8332,0.8515
124-07-2,Octanoic acid,0.7502769151539928,1.1916300203623034,2.7628232699650206,True,0.10011239457894751,0.08326651352789091,0.06127304616024351,0.02089704341443789,0.01134037701938316,-0.02336116290128721,-0.42180924443010553,0.08131765232239971,0.009501136788997675,144.2,3.049,1e-06,5.626
125116-23-6,Metconazole,1.2227424760266008,1.4866358129638597,1.8360873434871767,True,-0.0034848218033521933,0.0810649337607127,0.0493235725895802,-0.002991877679779649,-0.0011767251345701627,-0.0415250149739129,0.15233077329203926,-0.015758638636869122,-0.0002386523313834875,319.8,3.85,0.02646,16.7
149-57-5,2-ethylhexanoic acid,0.23451728351268664,1.3295924134419315,12.447299227793302,True,0.12614712831966043,0.0030052193662568594,0.030680756323385145,-0.006939242565900467,-0.007088635606370658,-0.023181050856695293,-0.06733670091013463,-0.03658615862179446,0.04179883411212896,144.2,2.643,0.1316,1.715
169590-42-5,Celecoxib,1.409950021620509,1.5260541471715805,1.3064840905203643,True,-0.023267542010025045,0.08777051682962946,0.05411507885841714,0.02033935116410973,-0.002086587311554866,-0.01709353250426733,0.17852578281742315,-0.031121511195773374,-0.010219673357773034,381.4,3.566,0.002837,25.7
2226-96-2,"4-hydroxy-2,2,6,6-tetramethylpiperidin-1-yl)oxidanyl",1.017075096376059,0.8885245413247854,1.3444682634929317,True,0.06887251368301679,-0.01220578287713784,-0.06189901043713466,-0.08462273326895706,-0.16586246100570973,0.04455961608076,-0.2282915791422075,-0.012426351171464364,0.0713080655822251,172.2,0.8918,1.0,10.4
2597-03-7,Phenthoate,2.225311866804371,1.509809602279319,5.194003817894267,True,-0.0034848218033521933,0.0836695714998774,0.05009431341428179,-0.002991877679779649,-0.0011767251345701627,-0.0415250149739129,0.17212918404363242,-0.015758638636869122,-0.0002386523313834875,320.4,3.69,0.02456,168.0
2610-11-9,C.i. direct red 81 disodium salt,0.17405980772502538,1.0834980323683994,8.11779770720553,True,-0.23598469948551515,0.0061114350140822156,0.04036659983713118,0.018109448088219477,-0.0010552110194401094,0.03211503051890668,0.10144765537116045,-0.01571366516767392,-0.1309908246698667,675.6,2.851,4.049e-05,1.492
2943-75-1,Triethoxyoctylsilane,1.0437943923257789,1.2848344923788417,1.741967708437087,True,-0.0031958685428574263,-0.06020634652690956,-0.03088794224835281,0.0036236179246884764,-0.0002185700778637807,-0.04502809186537174,0.15907560532536366,-0.011017461234999292,0.003597285743749357,276.5,4.71,0.026,11.06
3445-11-2,1-(2-hydroxyethyl)pyrrolidin-2-one,-0.8043770564130633,-0.06156774405328699,5.5310720061475065,True,0.006332883334429078,-0.4460467810800631,-0.046872370298321205,-0.11919450635459547,-0.16509749965890091,0.05115959860225963,-0.4322245404727794,-0.10955604219453864,-0.06916074981217116,129.2,-0.7006,1.0,0.1559
3913-02-8,2-butyloctan-1-ol,-0.18111458540599013,0.997465319126263,15.086201514806596,True,0.009561675978072792,-0.18434613211957102,-0.17850152120362492,-0.15396967659361221,-0.18315152892112252,-0.08432923701294974,-0.10073199862546862,0.7448234633334407,-0.14098198959029734,186.3,4.816,1.0,0.658
41481-66-7,"4,4'-sulfonylbis[2-(prop-2-en-1-yl)phenol]",1.927888537744145,1.236750579100318,4.910638434642093,True,-0.007305804290508824,0.03655809829058743,0.0664164644708339,0.0007062042192195032,-0.0011767251345701627,-0.0354580073259047,-0.0822600442350855,-0.008817340079897665,-0.0010045306957520291,330.4,2.843,0.0759,84.7
4394-85-8,4-morpholinecarboxaldehyde,-0.39512622944736425,0.05172949184874215,2.798051613313608,True,-0.02984351868317208,-0.4526721538186555,-0.0863569694379312,-0.041467911533096515,-0.009247685310870623,0.07026985995379921,-0.43598236494010695,-0.19784027035003282,-0.03422175791258564,115.1,-1.057,0.9528,0.4016
5232-99-5,"Ethyl 2-cyano-3,3-diphenylacrylate",2.2076370598448554,1.5403709868402538,4.647999503646902,True,-0.002315503904379226,0.022234377191002293,0.058526844871736955,0.05526490942648391,0.0026215041298528006,-0.029170705386852992,0.17175391330707607,-0.01656777959578409,0.008931162919723264,277.3,2.97,0.007005,161.3
5915-41-3,Terbuthylazine,0.6128897692874847,1.2583311106404067,4.42019410817186,True,-0.008461857313238716,0.06818699683345936,0.053636415417952804,0.0007062042192195032,-0.0011767251345701627,-0.03349677042089898,-0.0778369950688104,-0.010124062714789613,-0.0021943590593128653,229.7,3.21,0.08238,4.1
6259-76-3,Hexyl salicylate,2.2819442024760774,2.1892801406823255,1.2378387153001196,True,0.010183129166021328,0.05112900951352771,0.06338153336489631,0.02033935116410973,0.009743898289680114,-0.03145393479653856,0.6925928518207971,0.09914940186479415,0.005122636413640873,222.3,3.185,1e-06,191.4
64-17-5,Ethanol,0.5975855017522046,0.05515018224357314,3.486866495509628,True,-0.14913401212692395,-0.3732330488670513,-0.24838461754579774,-0.047506198032422405,-0.010743285108707406,0.01785213086165267,-0.17744409784108067,0.025011247330679078,-0.25036020030816997,46.07,-0.3097,0.9338,3.958
64091-91-4,4-(n-methyl-n-nitrosamino)-1-(3-pyridyl)-1-butanone,0.6569601827428492,0.899358891091819,1.7474256581773258,True,0.061051658965945256,-0.018432540687628368,-0.11645309965876037,-0.10006656604935554,-0.00850366444266155,0.0003604468098913955,-0.1475733369932481,-0.05034896076408511,0.010232690030326534,207.2,1.082,0.9647,4.538
6425-39-4,"4,4'-(oxydiethylene)bis(morpholine)",0.4106085425683679,0.374368571286308,1.0870260986458187,True,0.028585727102285016,-0.2960217607315475,-0.2084464451398683,-0.038652589804118,-0.10176848043342944,0.0031204163669991724,-0.24670398481507788,-0.06334712347887028,0.0285105483385411,244.3,0.01817,1.0,2.573
67-63-0,Isopropanol,-0.6591594501876684,-0.26468232171814854,2.480145320760544,True,-0.1496774684466075,-0.3733977272802724,-0.2918273716986846,-0.05192259642126662,-0.010743285108707406,0.01697627441630323,-0.3714681160648135,-0.05135409468732384,-0.25036020030816997,60.1,0.05195,0.9214,0.2182
72-33-3,Mestranol,1.008642747565285,1.2796745662664601,1.8665164366503484,True,-0.007296345571990674,0.07210298766964991,0.042750613556779414,0.006327701026512445,-0.0011767251345701627,-0.0415250149739129,-0.04560802936757222,-0.0098237897711873,-0.005169095048643984,310.4,4.15,0.04205,10.2
81-07-2,Saccharin,0.2828486028346448,0.970942115284203,4.8763347622183195,True,0.03078312135111345,-0.029843498428954507,-0.04272475561054346,-0.004240532639384163,-0.0031901642750088257,0.009422741783715698,-0.15447463705810469,-0.021825864983298977,-0.08205655873672636,183.2,0.9093,0.2258,1.917
88-27-7,"2,6-di-tert-butyl-4-[(dimethylamino)methyl]phenol",0.19061179781360493,0.8115615026767792,4.177819810015555,True,-0.011405763836855144,0.02496072572958393,0.032142346128197434,-0.033883987132533586,-0.009450075682882527,-0.04406841209713924,-0.3062256320822129,-0.11057325260398834,0.0009732903732153633,263.4,4.028,0.2649,1.55
91-76-9,"6-phenyl-1,3,5-triazine-2,4-diamine",0.07224989761351473,0.8637244491400002,6.186920728210327,True,0.028741989323034213,-0.009044925233653944,-0.042218183112389986,-0.016557249665540848,-0.0039551256218176515,0.009422741783715698,-0.3150124504102992,0.02531194693228445,-0.08205655873672636,187.2,1.362,0.343,1.18
97-74-5,Tetramethylthiuram monosulfide,1.256741792625255,0.9332199912639312,2.1063076319053975,True,0.04730860203333821,-0.02228943190768852,-0.045377382617295715,-0.030878791457584424,-0.016121187096937016,0.004013184041577484,-0.32338649930515245,0.038904550173926335,0.011954683518352627,208.4,0.9374,0.6276,18.06
97-78-9,N-dodecanoyl-n-methylglycine,1.6239828350338827,1.5335135986361335,1.2315987413495388,True,-0.0032066885265080174,0.08496961186028608,0.04995815541283886,0.02033935116410973,-0.0024552553852809833,-0.04003634980190096,0.1796747003223275,-0.031410464456268126,0.006588274165134702,271.4,3.792,0.003219,42.07
5124-25-4,C.i.disperse yellow 42,2.0378287312711243,1.9392978563864407,1.2546739320283926,True,0.020279541766819648,0.0879831381144742,0.07609359953547815,0.025960847971402672,0.002366707288522358,0.14891710159387106,0.3102361943005905,-0.014851215616812212,0.013219677550699527,369.4,4.599,1e-06,109.1
104-40-5,4-n-nonylphenol,1.79658127076655,1.2410550854733606,3.593570631287305,True,0.003681705010486051,-0.08196019268735674,-0.07644237282968115,0.004963771189001749,0.008255089557331705,-0.04695960701017627,0.16514464276917148,-0.00971070553619818,0.00499049112938701,220.4,5.757,0.0209,62.6
